sample_id,tcad_vth,vth_class,t_AlGaN_nm,x_AlGaN,N_AlGaN_cm3,t_pGaN_nm,N_pGaN_cm3,Lgd_um,pred_class,pred_vth
1136,0.73635024,mid,21.444698,0.19213686,1.3982472e+16,60.043159,1.1125571e+17,3.4592857,low,0.44123459047769964
1567,3.5502357,high,10.894649,0.18764354,1901654700000000.0,86.904489,7.1356681e+16,2.0278813,high,3.550700210840919
857,0.13406126,low,21.372705,0.19951837,1000000000000000.0,51.073117,6.0230583e+16,2.0527302,low,0.01730225462091961
1383,1.2606181,mid,10.242888,0.25061434,1000000000000000.0,43.914038,1.4729993e+17,3.639873,mid,1.2102344586296157
714,-2.2137932,low,20.66033,0.31161872,3.0642143e+16,74.413859,3.3650674e+17,3.4164827,low,-2.2420780918161918
8,2.0592557,mid,13.028896,0.2015215,1097948500000000.0,73.155721,5.4307613e+16,1.6834839,mid,2.0982538373064217
440,-0.82302384,low,17.553466,0.2756714,8208927900000000.0,62.126689,5.536619e+16,3.1922983,low,-0.7659090409413631
1328,1.6201997,mid,10.318198,0.18,8465852000000000.0,40.164522,1.2124448e+17,2.9315426,mid,1.6156464191540323
1116,-0.70328358,low,22.0,0.20289935,1.1671546e+16,60.832113,1.1597335e+17,3.9315908,low,-0.6363603367587573
1385,1.168078,mid,18.017734,0.21933163,2.5015292e+16,69.826246,8.3004528e+16,2.7065468,mid,1.1312494032538636
130,-1.6520392,low,20.246126,0.27547845,5504535200000000.0,76.185513,2.977878e+17,2.273063,low,-1.6759255476269672
1107,1.0711531,mid,10.629744,0.21334675,1000000000000000.0,35.965361,6.8870006e+16,2.9839813,mid,1.0324254446925443
702,0.5932571,low,18.145385,0.23301141,2.1847433e+16,70.620236,2.5092063e+17,3.6689687,mid,1.4655483092961459
362,1.8174852,mid,12.086926,0.24505279,1103312700000000.0,66.182971,2.7095866e+17,3.3105441,mid,1.9101309225622232
1554,0.048265369,low,21.162363,0.18865426,1491429500000000.0,52.446529,5e+16,1.8002945,low,0.12544640567120158
568,-0.65681964,low,16.446551,0.30628756,9969083000000000.0,54.068529,3.4888646e+17,3.0006856,low,-0.6284676542781316
1564,2.8145814,mid,21.544226,0.19932089,1507617800000000.0,88.06445,3.0093552e+17,3.7209152,mid,2.8104728484721466
630,-2.625,low,20.829429,0.3164281,1406870100000000.0,37.671653,1.6653134e+17,1.7220694,low,-2.613441894903136
626,-1.9255976,low,20.449918,0.28257544,1.522925e+16,83.322846,7.9393584e+16,3.5719476,low,-1.8337193006973385
616,0.10964619,low,17.395435,0.22769703,4356768300000000.0,58.066035,1.3649556e+17,2.8633009,low,0.20750561555505903
1183,0.79313262,mid,14.674568,0.18400548,1021838600000000.0,38.766065,1.4808302e+17,2.5038929,mid,0.8575359676472313
809,0.47104385,low,21.519497,0.18485199,1350334000000000.0,53.154702,5.271518e+16,1.6690914,low,0.34330031940915795
957,1.0320252,mid,21.935762,0.18394928,2.0220721e+16,48.615212,3.7086076e+17,3.8876221,mid,1.023588185782904
455,0.81543185,mid,19.908443,0.31240674,2486772200000000.0,71.56979,3.2478559e+17,3.0439804,low,-2.112229554446914
1137,1.6122347,mid,10.676432,0.21192333,4.210351e+16,48.727093,9.9828196e+16,2.0232938,mid,1.5812047266843396
546,-0.92307862,low,18.999221,0.26633605,1368792300000000.0,66.355308,1.2816682e+17,2.1197501,low,-0.8880561063329696
774,-0.44053488,low,16.306217,0.25217507,1951276600000000.0,44.434881,2.1619107e+17,2.6979197,low,-0.3121465218545717
1112,1.3179848,mid,17.822617,0.18,1413799100000000.0,48.275046,2.5728654e+17,1.7898497,mid,1.3265235286756019
477,2.1198485,mid,13.417791,0.28749344,1378520400000000.0,68.808008,3.688062e+17,2.7393092,mid,2.126657692113968
1380,1.0458533,mid,14.155663,0.31577846,2803239900000000.0,61.747959,3.6218251e+17,4.0,mid,1.0900409071300636
232,1.0662442,mid,17.669903,0.23320572,4938487800000000.0,74.984801,8.3465256e+16,1.9585497,mid,1.1482705695991393
1193,0.30835244,low,17.144054,0.20324348,1965962900000000.0,40.977371,8.5289148e+16,2.3139932,low,0.19266025591419605
1424,1.701083,mid,10.263921,0.25676741,1847488900000000.0,52.430274,1.8268375e+17,3.6305837,mid,1.672392808110704
1095,0.90793174,mid,19.700298,0.18,5559467800000000.0,49.52246,1.6589825e+17,2.6257919,mid,0.9328901847059602
1153,-0.3729666,low,18.031712,0.21264005,1431487000000000.0,40.360845,8.5710772e+16,2.0989746,low,-0.3040738345760907
969,0.019491676,low,22.0,0.19453623,1000000000000000.0,52.982052,6.4496377e+16,1.8322762,low,0.08073404130043621
1011,1.0125052,mid,16.222637,0.18,1.6211267e+16,46.420435,9.6076213e+16,3.0986461,mid,0.9251003840844605
685,2.01745,mid,19.802166,0.18126136,1309860300000000.0,89.178786,5.1058045e+16,2.245202,mid,2.0330656576405026
1073,-0.24950288,low,18.663397,0.20217064,1000000000000000.0,45.979206,1.0494475e+17,1.8851285,low,-0.12266725023777175
1464,1.421762,mid,10.30051,0.25301048,1000000000000000.0,46.912722,1.7460015e+17,3.6450501,mid,1.391232069689633
673,1.651561,mid,21.946224,0.23762495,2.0494741e+16,71.690868,3.7275693e+17,3.4835911,mid,1.6775770558001173
300,2.0370529,mid,18.064109,0.20407463,1.1338274e+16,65.600232,2.9032076e+17,2.3545619,mid,2.0557900547110473
53,-0.48859433,low,21.468238,0.20837242,3701338100000000.0,40.765272,7.1663804e+16,2.2509039,low,-0.5336536573204929
1297,1.884701,mid,20.542172,0.1998771,1.0595901e+16,77.526012,1.3109425e+17,1.9776866,mid,1.8467907810244977
918,1.4328199,mid,11.561933,0.25452048,1.7291144e+16,60.380645,7.5615471e+16,2.4123912,mid,1.3585406501776707
1429,1.1243966,mid,11.495295,0.262977,4.6995103e+16,52.898237,9.1290618e+16,2.3702014,mid,1.1185174834598448
1273,0.20668644,low,16.535042,0.23382727,1.9230445e+16,68.771517,1.4203332e+17,3.5892013,mid,1.132183629310551
935,0.53296457,low,12.035676,0.29292459,4942754500000000.0,65.829571,5.3559044e+16,3.7321429,mid,1.198385538501392
1138,0.64203522,low,17.937553,0.19636042,2.3900419e+16,52.60974,5e+16,2.5279552,low,0.4940456536365374
653,1.5911602,mid,14.218054,0.28834188,3592992300000000.0,75.216467,1.670885e+17,1.6261077,mid,1.5939873710182135
1117,1.4057987,mid,10.0,0.2082129,2.7940249e+16,40.126131,1.0539217e+17,2.1943576,mid,1.4391261726979885
63,-0.75,low,18.637123,0.24434021,4.3045618e+16,41.983409,1.1596977e+17,3.2001664,low,-0.8066751668585009
1544,1.271299,mid,12.772701,0.18555879,3.9650809e+16,42.06636,8.6461422e+16,1.6504751,mid,1.2534777304260625
751,2.545699,mid,21.09,0.20058771,2.903662e+16,84.712468,2.2823336e+17,2.5439533,mid,2.526045112670123
860,0.22438221,low,16.785702,0.19197424,7920566500000000.0,35.0,5.2714199e+16,3.3273199,low,0.22444642893699396
1432,1.4324628,mid,17.258077,0.23624243,5798015100000000.0,76.643061,8.7369804e+16,1.8718411,mid,1.4296739597349153
1076,0.31185966,low,22.0,0.20288749,1.2127503e+16,53.975077,1.3070812e+17,3.7682219,low,0.19775316412606764
1531,-0.64455393,low,22.0,0.21139504,1.9147668e+16,41.494015,9.7606227e+16,2.7196505,low,-0.7299195939600276
1467,1.7337389,mid,10.472066,0.29326374,4336461900000000.0,66.39085,1.0107799e+17,3.6235424,mid,1.668538694036016
1439,0.532183,low,15.296147,0.22554781,1.1416672e+16,57.647164,9.8936035e+16,3.7496542,mid,0.9021638110925998
734,3.0537032,high,15.84516,0.19986523,2.8294623e+16,69.697979,3.5431024e+17,1.5474915,mid,2.4857138713002214
62,1.0869903,mid,17.653175,0.18207145,4.9376242e+16,58.015844,1.0275155e+17,2.4406513,mid,1.1499967664285884
878,1.4652892,mid,12.54754,0.19374576,2.3641584e+16,46.939524,1.0544446e+17,1.5461113,mid,1.4180266769820307
1299,0.98779911,mid,16.570009,0.23784493,9810043600000000.0,62.499677,1.289747e+17,3.6209666,mid,0.9108819685451711
44,2.1896309,mid,11.218941,0.29198144,1.7829051e+16,83.391597,7.5370613e+16,1.7607502,mid,2.232220097946441
417,0.58432244,low,18.036503,0.20373261,1929032000000000.0,45.312226,3.0608221e+17,3.0144498,low,0.5305893560216556
41,1.0334009,mid,12.744762,0.26018361,6680277900000000.0,73.572883,2.8410783e+17,3.4614228,mid,1.2488574626614253
871,0.85089346,mid,16.63512,0.19506901,1.9792557e+16,46.858306,1.4391869e+17,3.6055824,mid,0.8294586969566273
830,1.4628968,mid,11.765198,0.1803485,3.0865602e+16,42.095522,9.1711216e+16,1.7629074,mid,1.4021194040729976
1410,0.8254515,mid,11.729483,0.30272805,7289549500000000.0,55.40642,1.2996175e+17,2.7492023,mid,0.8843932778728456
971,1.2812346,mid,16.128932,0.18544878,1.9739545e+16,50.189187,1.6126277e+17,3.8047283,mid,1.1246463731972032
646,0.64152978,low,13.526798,0.26851626,3.7659173e+16,57.174874,5.0461405e+16,2.5966971,low,0.5505023080171338
615,-0.86155355,low,19.445869,0.24812133,2980806600000000.0,45.0412,3.5293823e+17,2.9962162,low,-0.7917844096002278
1096,0.59640248,low,22.0,0.18812524,1.8186634e+16,55.951556,9.9863202e+16,3.5347501,low,0.4977880721339991
939,1.8716427,mid,15.810449,0.24168834,3.6891177e+16,77.907041,1.4035558e+17,2.362848,mid,1.8986608873323734
1288,1.3020521,mid,11.01986,0.18,1.2890446e+16,35.0,1.0140209e+17,2.8676182,mid,1.2921139813556275
855,1.1147807,mid,10.671726,0.20609764,1348759200000000.0,35.0,8.638279e+16,2.7844205,mid,1.1086897111092804
1530,1.0303189,mid,17.842825,0.2320725,1659160100000000.0,69.921052,8.1412629e+16,1.5,mid,1.0830054027945617
802,1.3469421,mid,11.171567,0.18468725,1.2462872e+16,37.741617,1.0649053e+17,3.2997065,mid,1.342257832211927
411,4.2715346,high,14.267328,0.18839466,2.3543447e+16,76.131467,3.8607096e+17,3.558393,high,4.269079755086819
1516,-1.3664182,low,19.822209,0.2440349,1582821100000000.0,51.644815,1.1665573e+17,1.5,low,-1.2296326877259132
600,1.1145927,mid,11.890292,0.29138413,3609568700000000.0,67.926345,7.4252519e+16,3.6027092,mid,1.2693609351193664
1502,1.3075813,mid,10.371088,0.20947133,3.5816416e+16,42.359654,6.7776272e+16,1.7439594,mid,1.347896366044695
1508,-0.48356263,low,18.10455,0.22775386,1213794600000000.0,35.808539,1.1443935e+17,2.5606149,low,-0.5178051325718828
669,1.2557932,mid,13.841099,0.27195102,9467548500000000.0,74.095401,6.1976342e+16,3.9199896,mid,1.2195357150626553
1543,-0.68310426,low,19.428573,0.23090199,2.3433494e+16,37.45274,1.5229761e+17,1.9521163,low,-0.7543061016726462
803,0.93402581,mid,14.085175,0.1808218,1000000000000000.0,41.374202,1.2157531e+17,2.775306,mid,0.987255327081136
941,0.27285505,low,12.577057,0.31045807,2.1848789e+16,38.96402,3.1787543e+17,3.9550706,low,0.2806793244258906
1049,0.020525874,low,22.0,0.18668148,1780429800000000.0,49.81557,6.5668686e+16,1.7606827,low,0.04920032842134908
439,0.5047094,low,17.691418,0.19083304,2463580100000000.0,63.828487,6.9434395e+16,3.0612053,mid,1.2599707572092584
349,-0.3298735,low,21.740749,0.18882081,2.6697847e+16,40.051268,1.4879585e+17,3.5014419,low,-0.27501756878631006
355,0.23211548,low,11.09972,0.30528835,1791570600000000.0,39.447163,1.4695103e+17,1.5267013,low,0.2608686075894996
1448,1.1113114,mid,12.294236,0.18265049,1.094681e+16,35.0,8.9236029e+16,2.8580555,mid,1.147410703962095
959,1.4238248,mid,10.59689,0.20124393,1069711700000000.0,37.013348,2.3701383e+17,1.5105001,mid,1.4326390646471316
1010,1.2848926,mid,12.478271,0.19704221,1.6454003e+16,42.864166,1.7686107e+17,2.4941732,mid,1.3234753167333906
281,1.2659416,mid,13.35622,0.27014133,1909877000000000.0,62.06391,1.415275e+17,3.5347761,mid,1.2482190866624325
1423,1.4032554,mid,10.0,0.25334455,1000000000000000.0,46.834645,1.7896463e+17,3.6871472,mid,1.378245134237982
1312,1.0354333,mid,18.69349,0.23324422,6728137000000000.0,73.765673,7.9342292e+16,2.1814848,mid,1.0175902347555748
433,-0.83379449,low,18.042517,0.25911282,1.1107796e+16,80.34725,5.1808203e+16,1.6978995,low,-0.7740609476558854
1497,0.40809397,low,19.842328,0.2190919,6246290600000000.0,62.209188,7.0549121e+16,1.8042288,low,0.2295595603493576
447,1.5590353,mid,14.996621,0.22388868,7142328200000000.0,69.77114,1.0858204e+17,2.7126701,mid,1.4810196354774863
1034,0.23115967,low,18.823261,0.19923906,3001332700000000.0,38.76523,2.2289824e+17,1.8225976,low,0.17429828670646397
539,0.45853669,low,11.933181,0.31233656,2.3058783e+16,44.224003,1.4323277e+17,1.6864764,low,0.4062840153457489
1571,0.048505108,low,21.247195,0.20017435,3570565500000000.0,38.069613,3.4972363e+17,3.6941292,low,0.073723000077422
607,2.7836632,mid,18.56061,0.18193147,3336946800000000.0,71.723224,2.5191907e+17,2.4690311,mid,2.6203921973522677
372,2.3054605,mid,15.187965,0.20660934,7801016900000000.0,65.741982,2.3788446e+17,2.3499469,mid,2.1996322093369356
767,1.6270791,mid,15.929304,0.1963273,4473984500000000.0,71.969596,5.7896853e+16,1.5450141,mid,1.620437647209247
580,1.1075035,mid,10.582926,0.24594197,1035484400000000.0,46.071167,1.575265e+17,3.6856589,mid,1.2148715019290464
1487,-0.4981425,low,21.678499,0.20743644,3800695800000000.0,40.925833,6.4698457e+16,2.0318928,low,-0.562133815202881
640,-1.858985,low,20.041758,0.27595401,1.169612e+16,51.754164,2.313345e+17,2.2113619,low,-1.688375486476646
818,1.2628293,mid,12.508331,0.19113199,3.3749528e+16,41.589546,1.0621236e+17,1.7457528,mid,1.2265371551993771
667,0.36946924,low,14.647911,0.21405794,1453636400000000.0,36.372112,1.753297e+17,2.4498008,low,0.35433910109568767
274,1.3162985,mid,13.201345,0.18686919,1719214400000000.0,51.663034,5.1288389e+16,3.2671712,mid,1.363428074819139
1038,0.62951497,low,16.607535,0.20346682,1.6659907e+16,55.01516,5e+16,3.1863655,low,0.6416689152296731
1091,0.85729055,mid,16.060943,0.18075571,2.176603e+16,43.035529,9.3750314e+16,3.6846915,mid,0.8158796046843887
1078,0.60418512,low,16.615247,0.21401163,2.3579208e+16,54.245731,5.3968549e+16,2.5072524,low,0.6141344323456607
831,1.2127468,mid,10.890874,0.20517156,1498635300000000.0,37.392697,1.1089875e+17,3.1732826,mid,1.1968540509357288
1473,0.85594393,mid,17.519831,0.24433441,1.4519827e+16,66.647448,1.8470433e+17,3.7849661,mid,1.02517967440706
591,2.2773678,mid,10.380049,0.24633281,1.1444811e+16,57.561024,2.7302573e+17,2.885349,mid,2.219274906541139
80,2.0896786,mid,14.326354,0.29131937,2.1619993e+16,86.336125,1.6872461e+17,2.9283041,mid,2.125561397977191
1527,-0.75,low,21.479099,0.20571161,2795217100000000.0,41.174,7.3921182e+16,2.5092032,low,-0.6499032849193949
804,1.3059013,mid,10.942474,0.20043919,3.4780933e+16,41.449539,5.5428127e+16,1.8718973,mid,1.2684359442914015
1361,0.90313682,mid,10.64086,0.23289109,4362739200000000.0,48.005846,6.8582107e+16,1.9973517,mid,1.0492212276479664
83,2.1272276,mid,11.462937,0.22551266,8713395400000000.0,55.085656,3.4539792e+17,3.8528634,mid,2.11340650518146
1218,0.59848301,low,16.839058,0.20491032,2.2806738e+16,55.163753,5.2342264e+16,3.0760655,low,0.6469940938268908
1456,1.3625151,mid,16.771625,0.18256544,1748061900000000.0,51.020221,1.7831073e+17,1.7887921,mid,1.2613054370602967
740,1.6231177,mid,16.112732,0.26278038,1782889600000000.0,78.306282,2.4672116e+17,2.2406281,mid,1.707223259820846
1356,1.3156063,mid,17.242916,0.18488068,1820981500000000.0,50.594198,2.0221299e+17,1.7412931,mid,1.295092435949326
1237,1.7107364,mid,10.449951,0.21337911,3.6520582e+16,49.211467,1.5106739e+17,1.9935716,mid,1.781500414031933
16,1.1343771,mid,14.523184,0.25873671,3.1414009e+16,68.043463,1.3954966e+17,2.3012353,mid,1.2088384067660864
644,0.22205348,low,15.410928,0.26402012,1289923700000000.0,54.116081,8.5158191e+16,2.1566096,low,0.18873877017100676
1551,-0.99102704,low,22.0,0.21582268,1.6456699e+16,42.916198,7.9010274e+16,2.3451115,low,-0.8816473808898927
1313,1.1346459,mid,17.170334,0.24163649,1.2880971e+16,68.372526,1.5024807e+17,3.4071877,mid,1.1501591048680953
1325,0.83675122,mid,19.931405,0.22517295,1.8005736e+16,72.945375,8.9841635e+16,2.3813039,mid,0.8465694883440492
428,2.5082699,mid,16.451599,0.18396442,1.0502871e+16,85.145773,8.4413707e+16,2.4367749,mid,2.4989678989239987
976,0.4078445,low,21.738159,0.1941169,1.5100263e+16,61.402176,9.025664e+16,3.5314431,low,0.3065574298883935
1098,0.84479843,mid,15.626113,0.20063254,2.9286401e+16,51.023224,5.0168922e+16,2.6292136,mid,0.7889901019841747
1524,1.1401495,mid,12.807579,0.19708323,2.5286655e+16,42.025975,1.193028e+17,1.6147856,mid,1.131572780179567
622,0.52862227,low,15.615463,0.18712144,5741444400000000.0,45.824217,8.4902997e+16,3.3938696,mid,0.8213076325290046
99,4.1082422,high,16.732459,0.18141146,8874636200000000.0,86.860545,3.8433127e+17,2.9271197,high,4.11420073132206
822,1.3435028,mid,11.651486,0.20329033,2.002851e+16,41.559652,1.8126473e+17,1.92593,mid,1.3674424050106522
813,1.3166416,mid,10.29438,0.19415441,6523850700000000.0,37.02686,7.2669218e+16,3.9708037,mid,1.3205742857679499
561,3.5332532,high,10.509597,0.22677496,3.630964e+16,82.329394,1.7442038e+17,3.7896885,high,3.534300810971302
1407,1.3471154,mid,11.633376,0.2928317,3873195700000000.0,68.33126,6.1470501e+16,3.5856017,mid,1.2849865857195644
396,-2.0997926,low,21.254849,0.32032442,3265064700000000.0,53.012124,3.1076899e+17,3.9535633,low,-2.080713940905185
815,0.91978799,mid,14.557586,0.18390704,1073459600000000.0,39.596909,1.1402632e+17,2.96944,mid,0.8680838865936666
558,-0.45091504,low,20.740598,0.21060018,3636371200000000.0,38.524321,1.4405031e+17,3.8585075,low,-0.44313494499381767
900,1.3931929,mid,10.247826,0.19126834,1.4451846e+16,37.442987,9.5862037e+16,3.1254771,mid,1.4031497155183315
1159,0.68373258,low,15.445497,0.20728886,2.2914599e+16,44.457821,1.2276406e+17,3.6892752,low,0.5861142391125412
874,1.2644994,mid,11.971735,0.1902456,1.1316457e+16,39.510325,1.0072475e+17,2.9742303,mid,1.234911427475879
389,0.78098282,mid,11.626806,0.23106617,7659413000000000.0,36.868822,2.5756104e+17,2.9237076,mid,0.8779835704780057
569,3.5989909,high,18.306587,0.19289124,1126496900000000.0,87.253528,2.4188875e+17,1.9364516,mid,2.697838742638819
829,0.011290436,low,21.993247,0.18740192,1.1746315e+16,46.246773,6.5395104e+16,3.0899369,low,-0.06206486288264976
484,-0.77107937,low,19.386433,0.23949361,1281951100000000.0,51.964102,1.2808714e+17,1.5110243,low,-0.7175702216893272
796,-2.4019405,low,19.025801,0.32306427,1.8114844e+16,76.878187,9.4306286e+16,2.1913947,low,-2.3739085237409028
1056,0.8276714,mid,22.0,0.18896797,1.5302222e+16,59.716877,1.161578e+17,3.0581321,low,0.3966170033909021
1176,0.53227411,low,21.080119,0.19738454,1.0317447e+16,56.300316,9.1086862e+16,3.3965864,low,0.3386428579471412
989,-0.42401074,low,22.0,0.18729999,1000000000000000.0,48.705823,5e+16,1.9932002,low,-0.30345574405553927
319,3.5359493,high,17.457476,0.21294729,1.9523146e+16,88.254299,2.7895619e+17,2.2713734,high,3.5328233599711742
1270,1.0091857,mid,11.180991,0.29940827,9657806400000000.0,52.913829,1.7309855e+17,2.7549229,mid,1.0678190279193351
1498,1.6949269,mid,10.055486,0.20885969,2.9814736e+16,48.078261,9.8344282e+16,1.8819718,mid,1.7053199989689753
1295,0.70059046,mid,15.014838,0.25735099,3.6881484e+16,72.400838,1.2878766e+17,2.1721031,mid,0.9141885733879127
893,1.1393013,mid,11.48804,0.23031277,3805613300000000.0,48.489402,6.7193318e+16,1.981353,mid,1.1206980431652924
1459,0.73921453,mid,16.215688,0.22487797,8040046300000000.0,62.246433,9.6576715e+16,3.6638007,mid,0.8784617348925028
1044,1.3087519,mid,10.907828,0.18369716,3.8943677e+16,37.652673,5.4650641e+16,1.6349419,mid,1.3264296577784331
706,1.043629,mid,15.751126,0.20806536,1178592700000000.0,52.891992,1.3305466e+17,3.4209551,mid,1.04868343430651
710,2.2580557,mid,14.991811,0.23172794,3.1836577e+16,80.099034,3.7653482e+17,3.3190126,high,3.488301095319563
1388,1.0613475,mid,12.306739,0.18821275,1.3431454e+16,35.0,1.0172605e+17,3.0162829,mid,1.0829300277332465
1582,1.3714188,mid,11.660614,0.2031828,1336261900000000.0,37.16133,3.1521608e+17,1.709333,mid,1.39871693677409
519,2.5999452,mid,14.969002,0.2057363,3.7938881e+16,88.464089,7.0242746e+16,3.3690076,mid,2.505155909429305
1323,0.91326009,mid,10.958829,0.25118798,1102434700000000.0,47.668146,1.4441705e+17,3.6997608,mid,1.084573307002823
1514,0.2832769,low,21.693998,0.19201653,1146312000000000.0,52.206456,5.7640238e+16,2.108466,low,0.24112245249547737
1353,1.1126998,mid,17.587893,0.23916017,1.5725595e+16,68.96321,1.2439078e+17,3.360149,mid,1.0995398455232537
211,1.0215056,mid,17.098103,0.23446955,2.6407861e+16,76.827008,6.4953199e+16,2.9706243,mid,1.0687481858251118
1025,0.04665318,low,20.595576,0.18703054,1.2279209e+16,48.732065,5.2320017e+16,2.5770745,low,0.016097695604480877
51,1.3373364,mid,18.131621,0.19768247,3495524400000000.0,65.818218,1.0271076e+17,3.3837059,mid,1.2998292329029162
1322,1.0089048,mid,12.981263,0.2619153,2.5998723e+16,58.080587,7.1385747e+16,2.434001,mid,1.047338259550981
1132,1.1128488,mid,18.605618,0.18562988,1252480500000000.0,52.11089,1.6636368e+17,1.8414017,mid,1.080131703437924
912,1.340292,mid,10.48696,0.18,1.3401085e+16,35.0,9.3750172e+16,3.1500151,mid,1.3665604827304862
846,1.4859394,mid,11.395909,0.19853052,1.6770811e+16,41.359699,1.9161202e+17,1.9438964,mid,1.5089380996119441
694,-1.9619665,low,19.368038,0.30004554,1.29368e+16,75.018551,1.3922475e+17,1.7182139,low,-2.0101437777325617
1242,1.3383625,mid,10.360328,0.18,1.4547941e+16,35.0,7.9797808e+16,2.8313001,mid,1.3800444529339329
105,3.5445056,high,12.746476,0.22433243,6115528500000000.0,89.267745,1.7731301e+17,2.0784354,high,3.5444045656903613
1190,1.4061045,mid,12.17097,0.18873201,1.9856155e+16,43.117466,1.3568535e+17,2.4138075,mid,1.3661260484717943
231,1.1479794,mid,16.798888,0.24142194,1162589700000000.0,74.25026,6.8111402e+16,3.9814925,mid,1.1055150247808667
873,1.2345245,mid,11.221145,0.18,1.1348178e+16,35.0,7.3563976e+16,3.6007281,mid,1.2370409357475436
242,0.65860509,low,14.389557,0.18590762,1251359200000000.0,39.152541,1.3215754e+17,2.6102314,mid,0.8659916122214977
408,0.077511329,low,14.306384,0.28507043,1077337600000000.0,45.582797,2.5362896e+17,3.3601056,low,0.013117394357692713
1475,0.71333131,mid,15.643577,0.26343086,4.6432562e+16,67.645207,1.6917518e+17,2.3892276,mid,0.8673798278023815
1384,1.7194713,mid,10.127758,0.25751846,1767288200000000.0,52.674014,1.8011422e+17,3.7216181,mid,1.6312135407469972
1533,-0.64928036,low,18.574423,0.23134109,1000000000000000.0,44.626792,5.7391138e+16,2.4990133,low,-0.6345992574124237
237,2.2814826,mid,13.125685,0.22804655,3891964100000000.0,76.111028,1.1249729e+17,3.0469688,mid,2.1781226158994524
1179,0.56579115,low,17.333061,0.2010969,2.3819767e+16,44.517702,1.5551873e+17,3.4683333,low,0.5563823879053984
45,-1.1838236,low,15.354438,0.31581998,6435147600000000.0,47.274198,1.4664728e+17,1.9170654,low,-1.0355841105845958
515,3.3028405,high,10.80905,0.23856149,1.6925707e+16,82.292272,1.5708706e+17,2.0288915,high,3.3042084748333123
581,3.9764122,high,10.691515,0.2399678,3.5572488e+16,82.067423,2.6009103e+17,3.2695885,high,3.974394081357899
942,-2.2160446,low,18.945921,0.31147716,1545612300000000.0,36.784091,3.1457139e+17,2.1626515,low,-2.3087786585772183
1259,0.73359168,mid,15.827073,0.19488307,1.9619755e+16,50.907924,1.1729424e+17,3.6898629,mid,0.8496377972510218
993,0.24544655,low,17.567185,0.20932973,1335018900000000.0,42.924692,9.9352243e+16,2.1344041,low,0.07166338578394837
1059,0.88517328,mid,15.123664,0.19209856,2.3312107e+16,42.8107,1.3164484e+17,3.4188393,mid,0.8301800214967653
33,1.0129434,mid,11.918936,0.25041714,1.7304737e+16,44.504801,1.8014194e+17,2.2274438,mid,1.0469105336913158
1203,0.80907073,mid,14.135283,0.19284119,1204726200000000.0,38.014763,1.1707583e+17,2.377766,mid,0.7811302702656047
339,1.6581047,mid,12.841729,0.24549632,1992204000000000.0,70.10108,9.2620744e+16,2.6389027,mid,1.5918353439930084
79,2.558304,mid,19.217964,0.18934003,2.7155646e+16,78.943909,1.7892046e+17,2.1523512,mid,2.574772994840824
656,2.2289261,mid,19.864442,0.25547598,1923186000000000.0,79.078755,3.6445742e+17,1.9291413,high,3.2645880879797438
1211,0.65933711,low,17.242501,0.19548777,2.5939098e+16,45.395569,1.41661e+17,3.4426642,low,0.58864325058083
1372,1.3806936,mid,17.031431,0.24915344,5433217000000000.0,76.521959,1.0797308e+17,1.7144868,mid,1.3476630153450635
116,0.030964089,low,16.597021,0.27256942,3452776400000000.0,69.461801,6.9859983e+16,1.735529,low,0.0367037412808901
1351,1.7700883,mid,15.764992,0.22920242,3.860518e+16,73.982123,1.2593563e+17,1.9734708,mid,1.59511818774802
826,1.2718081,mid,11.166491,0.18,1.7941906e+16,35.0,1.0161148e+17,2.8960464,mid,1.2815332333784506
1347,0.24786745,low,12.365399,0.30142424,3645135900000000.0,66.533371,9.5531015e+16,3.2262671,mid,1.1205119156601457
534,3.1177086,high,13.578918,0.21784611,7217764400000000.0,77.448069,2.3898233e+17,3.0304378,high,3.1210730947278025
837,1.1892029,mid,10.45426,0.20113787,1.0225656e+16,35.549217,7.6036602e+16,3.6587838,mid,1.1906424164396294
886,0.8831895,mid,19.043065,0.18809707,5e+16,59.306827,8.9460834e+16,2.2244956,mid,0.9561217861901288
1331,1.5333931,mid,15.963492,0.24135204,4.996284e+16,76.181678,1.2928505e+17,1.9584806,mid,1.5252943684744995
1290,1.316742,mid,11.251832,0.29551845,1.0091944e+16,55.642422,2.0853222e+17,2.9521058,mid,1.3561802783955665
1168,1.3017449,mid,12.90218,0.19275522,3.2543411e+16,43.703991,1.622787e+17,3.4660838,mid,1.277170466218253
978,0.7154774,mid,17.138569,0.20407537,3.3879302e+16,55.054977,5e+16,2.4596341,low,0.6783751661330978
1188,1.3118103,mid,10.51505,0.20551584,5e+16,37.914855,1.5407116e+17,3.3334352,mid,1.3434893359201632
206,1.1363215,mid,17.793091,0.18258636,1611219400000000.0,50.005982,1.871663e+17,1.8154744,mid,1.2071019799372626
371,0.60719627,low,17.344049,0.24295803,4.1859302e+16,60.700955,1.8602246e+17,1.9485656,mid,1.0991957703017157
163,1.2406608,mid,17.353308,0.2170705,1.2883194e+16,68.864549,1.0914331e+17,1.5071243,mid,1.2431284232020106
480,-0.0019510456,low,13.776278,0.2818771,1.9382339e+16,42.30985,1.6479469e+17,1.5028413,low,0.03333730939502555
604,0.56395731,low,16.07194,0.22268009,4990244900000000.0,56.900933,5.7056934e+16,3.6533422,low,0.5086352583746544
1051,1.1035854,mid,15.630675,0.19350792,2.0432246e+16,49.520492,1.2534115e+17,3.3694914,mid,1.0020990833613455
305,4.1573727,high,10.432712,0.29111208,1485340300000000.0,83.225162,3.3033195e+17,1.8504442,high,4.1546410254633575
1065,0.10767571,low,20.248805,0.18190248,9301448600000000.0,45.394595,5.6132902e+16,2.6863961,low,0.12303965770557185
650,0.58474645,low,10.755553,0.28478805,1.0305402e+16,48.168038,8.1608835e+16,2.4244149,mid,0.9603349734476753
1568,1.6498857,mid,11.371729,0.30772822,1468067400000000.0,86.855805,3.3975773e+17,3.9882391,high,3.8227271064721324
773,0.75442276,mid,10.661197,0.26305061,2000876900000000.0,43.569895,7.9948971e+16,2.2640068,mid,0.8463398074007673
1062,1.5838868,mid,10.406965,0.1806129,1.065712e+16,39.238539,1.3333364e+17,2.8686604,mid,1.5891313622317265
497,1.5652894,mid,15.591129,0.26828006,1143731900000000.0,82.141041,1.1644447e+17,3.6983695,mid,1.5265245573092248
1491,-0.65634077,low,21.351945,0.21896585,1.5243696e+16,42.584032,8.8954341e+16,2.4929362,low,-0.7199736110928547
1235,0.58633933,low,19.443985,0.19295877,5481269800000000.0,46.111139,2.6041699e+17,2.7868658,low,0.4486828122969646
36,1.7207822,mid,20.76148,0.20979887,1864388400000000.0,69.820563,3.5721242e+17,1.6897323,mid,1.782448488549394
1537,0.65747297,low,19.754376,0.21744397,6263263700000000.0,64.249153,7.2579624e+16,1.5556025,low,0.538330689380765
915,1.6772171,mid,14.844258,0.24525361,5e+16,74.784315,1.2918484e+17,2.1235724,mid,1.6635329989191172
1202,1.2886522,mid,10.717702,0.18,1.7755236e+16,35.0,6.4253885e+16,2.867811,mid,1.2546915647511836
55,0.35305512,low,12.458581,0.31203154,5775665700000000.0,57.655266,9.7896104e+16,1.5867408,mid,0.9702119645238277
287,0.54415679,low,17.90799,0.27676464,6652327800000000.0,77.389387,7.5911612e+16,2.4275858,low,0.31691876861925583
337,0.78471583,mid,16.934076,0.27377504,7298156000000000.0,72.455294,3.3923984e+17,3.467227,mid,0.8427888459335433
1382,1.1214007,mid,12.817105,0.25806501,2.6512893e+16,58.369163,8.0078192e+16,2.5439677,mid,1.0813372997688002
1480,-0.35707943,low,19.040835,0.21803015,2273483500000000.0,37.152303,2.9588912e+17,1.7451396,low,-0.24328103657486674
77,3.1499175,high,10.08515,0.31716593,1.0714932e+16,79.766697,2.4639357e+17,3.785801,mid,1.9813619880662445
952,0.36323574,low,11.686984,0.3123732,1208447200000000.0,47.049376,6.9511621e+16,1.5087529,low,0.34700886664369324
1539,1.1063768,mid,18.621203,0.22660098,3.396227e+16,72.808753,9.4574449e+16,2.2290148,mid,1.0699930013634433
1470,0.85758278,mid,11.589601,0.30718606,1.0811465e+16,53.381943,1.4474924e+17,3.0904206,mid,0.8634743473440375
1585,1.2685485,mid,21.197371,0.18665021,3.4542631e+16,70.147047,7.7146494e+16,1.7025118,mid,1.2369134831061859
1187,1.0323355,mid,12.350579,0.20087842,1247345500000000.0,37.419243,9.8979015e+16,3.2955333,mid,1.0403165011660258
1335,1.5711453,mid,14.289926,0.25169186,2.4247516e+16,68.888042,1.4024873e+17,2.2668077,mid,1.5161781442478963
148,-1.3224414,low,18.648073,0.25783135,4.8555333e+16,87.921371,1.267645e+17,2.4513893,low,-1.3106234470780191
278,1.0449587,mid,10.59366,0.1914749,1.1571678e+16,36.296425,7.0484002e+16,3.7610183,mid,1.1679215802451526
1532,0.12954432,low,15.632936,0.21124097,1364465600000000.0,35.0,1.9886541e+17,2.4275027,low,0.16311886052656943
290,-0.75,low,18.230725,0.2588263,1115292000000000.0,53.806534,1.1795134e+17,2.3993353,low,-0.6498452115152857
924,1.1827597,mid,11.402564,0.18599704,1.7044055e+16,35.116643,8.5955409e+16,3.0822233,mid,1.2290995395045108
1133,-0.1257448,low,17.302059,0.21052772,1617587900000000.0,39.650018,1.1897151e+17,1.9313474,low,-0.015520049537917052
764,4.096764,high,12.32837,0.22726815,4807044500000000.0,87.724275,2.4857254e+17,3.6766204,high,4.091332561565472
200,2.0792586,mid,20.169214,0.18543275,4.0386077e+16,79.738261,1.4105152e+17,3.3872706,mid,2.1127953882136943
619,0.85449037,mid,14.194072,0.30661154,5267428100000000.0,86.966152,3.1358143e+17,2.2561628,mid,0.9778349591317492
746,1.5922726,mid,11.153718,0.24914475,1.2411548e+16,53.264538,2.3475578e+17,3.4991328,mid,1.5961853495053748
1240,0.20203548,low,17.180877,0.19538442,6167600800000000.0,35.65993,6.8400892e+16,2.8858332,low,0.19833024547385042
1186,0.9880739,mid,13.712395,0.20267322,3.2831258e+16,40.332861,1.39261e+17,1.5877406,mid,0.9743945152124822
776,0.50717604,low,15.884514,0.24828247,4372165600000000.0,55.60847,1.0468824e+17,2.1455813,low,0.38407298437511894
1263,1.0251951,mid,10.0,0.25269766,1000000000000000.0,46.331586,1.4274903e+17,3.6025211,mid,1.1980496022556024
470,3.8083602,high,18.420559,0.21921912,1191650900000000.0,87.122442,3.1787774e+17,3.0892328,high,3.8028445303829295
1541,-0.51687815,low,20.640816,0.22415225,4.0630958e+16,45.288849,8.2826298e+16,1.8281674,low,-0.56452971534434
864,1.4263672,mid,10.0,0.18250783,5e+16,37.875096,5.7397728e+16,1.5332677,mid,1.446157996005417
134,1.1786029,mid,15.734639,0.21333172,2.8415146e+16,70.775112,8.4109475e+16,1.5718498,mid,1.335677349523148
923,1.3387229,mid,11.964931,0.28688187,3545014200000000.0,67.531189,7.4061887e+16,3.6555561,mid,1.3019713910184487
1128,1.2766654,mid,10.752575,0.20080525,5e+16,35.843044,2.0159481e+17,3.3314009,mid,1.2936374737083047
1505,3.4311193,high,19.794196,0.21909248,2467566000000000.0,90.0,2.4987906e+17,1.5595726,mid,1.3964137169987072
1281,1.190615,mid,11.209113,0.24005276,5880540200000000.0,48.073219,7.0867559e+16,2.1208363,mid,1.1708635245436305
1577,0.029935398,low,20.318305,0.18018381,1374519100000000.0,37.129766,5.5741111e+16,3.5354713,low,0.040724461567389625
1450,1.3481674,mid,10.553614,0.30720325,7950985100000000.0,55.596113,1.8930433e+17,2.8584909,mid,1.3255467015497766
560,-1.5,low,19.116894,0.27901705,1422377400000000.0,73.061584,2.5597868e+17,3.6236547,low,-1.44947256324403
691,-0.13818221,low,13.69358,0.29847175,1265142300000000.0,47.368738,3.1546493e+17,3.4493223,low,-0.06284000390198721
40,0.85547085,mid,10.106304,0.31458081,4710952100000000.0,42.118268,2.0442612e+17,3.9588138,mid,0.830715785642795
1171,0.59254628,low,17.041232,0.19629632,2.020378e+16,43.468269,1.2961201e+17,3.1773613,low,0.5039905635019941
821,-0.10877053,low,22.0,0.19823613,1387206600000000.0,49.434623,5e+16,1.8594486,low,-0.11952898408621293
1291,-0.43969752,low,16.783859,0.2443356,5e+16,78.69286,1.0199059e+17,2.2081014,mid,1.5490275585754198
1093,-0.38275669,low,18.446067,0.20815198,1211914200000000.0,37.61078,1.0483812e+17,2.0931024,low,-0.3163253152700229
1393,0.88555795,mid,17.519854,0.24909468,1.4153953e+16,67.224222,1.283306e+17,3.4740349,mid,0.8528733171702312
527,-0.94390187,low,19.614614,0.25522539,4.5829795e+16,60.638828,2.3734044e+17,1.9705375,low,-0.9045440999879647
283,-0.35122544,low,20.001861,0.22978102,1151527700000000.0,49.799941,1.2889134e+17,2.6858749,low,-0.5116947711156195
1146,1.3133414,mid,12.172356,0.18373379,3.2311094e+16,39.335298,1.2178188e+17,1.7595256,mid,1.2978174060119838
946,0.5264758,low,20.557826,0.18650783,4.4344966e+16,45.066663,3.2373749e+17,1.5223985,low,0.5337280078930113
1151,0.71765337,mid,17.934084,0.18085691,1.2858286e+16,44.874931,1.0528366e+17,3.4228124,mid,0.7151876745311319
341,1.7087935,mid,20.469005,0.23576136,3686865100000000.0,84.600621,1.7597364e+17,3.0540331,mid,1.7513937052762816
1408,1.4496446,mid,10.067785,0.18,1.7467341e+16,35.54141,1.2991221e+17,3.2020711,mid,1.4625069509869313
269,3.0353486,high,19.251189,0.23080625,5854647700000000.0,77.309942,3.7406749e+17,3.2089777,mid,2.1705537535851867
1293,0.75860359,mid,17.45903,0.24370918,1.3195706e+16,65.56263,1.197124e+17,3.4309912,mid,0.799409477758072
387,-0.59421424,low,17.998269,0.30999935,2.525505e+16,59.752187,1.9309418e+17,3.1788892,low,-0.7528459748217691
977,1.7495176,mid,10.0,0.20524388,3.340856e+16,49.64525,9.5865385e+16,1.7837163,mid,1.782224947904564
1173,0.50059075,low,17.851889,0.20439146,1458655800000000.0,48.688538,1.2292574e+17,2.0065536,low,0.36455556209330464
1496,0.088946508,low,18.813122,0.23889615,1081697800000000.0,52.161005,1.4240608e+17,1.6138461,low,-0.0323697497041229
442,-1.4372945,low,18.915105,0.26840912,2.0323177e+16,78.667116,2.1503384e+17,2.5006534,low,-1.3782854601480805
838,1.4775279,mid,10.0,0.18,1.2968919e+16,35.002979,1.5974272e+17,2.6185752,mid,1.5061384506730144
150,1.8895789,mid,11.430724,0.19573581,3311942600000000.0,50.571325,1.9049342e+17,3.994869,mid,1.861146845991751
374,2.168177,mid,14.772318,0.28154593,1.755753e+16,86.129803,1.5020653e+17,2.7696921,mid,2.096497329849194
306,0.090663581,low,13.04273,0.25993522,1593242200000000.0,37.781432,1.5527603e+17,3.1880909,low,0.11380136886703446
911,1.3054875,mid,12.269883,0.28853068,3011424500000000.0,67.605982,7.534746e+16,3.1537732,mid,1.2659961537067703
649,1.5999368,mid,19.303771,0.2145646,2166072800000000.0,89.732486,2.6740118e+17,1.5752901,mid,1.5031120557186182
325,2.1607721,mid,18.164679,0.21226617,6768788500000000.0,62.6858,3.9628728e+17,1.9816368,mid,2.1897257239913763
93,-0.68479661,low,18.609482,0.2496925,2.4708108e+16,46.37587,1.1891565e+17,2.9475012,low,-0.6387879948209181
676,1.2502523,mid,11.130934,0.30492049,6297295000000000.0,67.582704,1.6087376e+17,2.2562517,mid,1.3614192107420087
185,-2.468631,low,19.646894,0.30644236,2.6271809e+16,63.228744,1.0136746e+17,2.788692,low,-2.3729990672570622
469,2.3475704,mid,18.814155,0.24565339,9504534000000000.0,76.267715,3.268208e+17,2.1896097,mid,2.290541392951859
1441,1.1866169,mid,10.670965,0.24303416,4032302000000000.0,46.336866,6.5614497e+16,2.0836157,mid,1.1326732375750714
852,1.3349021,mid,10.247962,0.19202744,3.9327794e+16,38.38195,5e+16,1.5674664,mid,1.3422444403904585
690,0.67737585,low,17.640687,0.2176678,3.4339614e+16,85.087565,6.9145404e+16,3.3745081,mid,1.7434588115886418
327,1.2701009,mid,15.439093,0.30022563,1.3493332e+16,86.224615,3.0005307e+17,3.4006145,mid,1.2490187720993542
1123,0.73383429,mid,14.398898,0.1901184,1040042500000000.0,39.507679,1.0823733e+17,2.4102671,mid,0.782795170395099
1472,1.5003681,mid,17.4531,0.23183955,5146748200000000.0,75.2303,1.0261353e+17,2.1162846,mid,1.3629760284778887
1409,1.4322838,mid,11.432692,0.25305037,4.4306566e+16,56.299906,1.0844646e+17,2.415068,mid,1.4045426143826925
657,0.17472182,low,14.542519,0.233849,3748365100000000.0,61.450483,1.5311306e+17,2.5517809,mid,1.2494991495934473
245,0.76573832,mid,16.243673,0.29064392,7514791700000000.0,70.709684,1.4332332e+17,2.6815523,low,-0.2866705098521335
194,-0.64144767,low,21.411347,0.31934042,1334988500000000.0,69.270215,2.2474726e+17,3.8025312,low,-0.7605144603805722
140,1.2739369,mid,15.371626,0.28292508,1.2262652e+16,81.953136,8.2107154e+16,3.5987745,mid,1.2739281484812448
431,3.5134944,high,10.729535,0.23202574,2456795800000000.0,87.339929,1.2364829e+17,1.6007542,high,3.51261461940416
1080,0.28744999,low,16.669396,0.19069221,5241980500000000.0,35.0,5e+16,2.5991314,low,0.27476622516232274
944,2.6263612,mid,21.993107,0.20400442,2.6821967e+16,88.350685,1.8587333e+17,1.7034296,mid,2.5847300865283147
170,1.885287,mid,20.309369,0.22926809,3.4875304e+16,68.596312,3.638326e+17,2.3259947,mid,1.9190310219737554
215,1.5689288,mid,14.109084,0.23053227,3.5428724e+16,63.589334,1.5261425e+17,2.473792,mid,1.5887947273586127
1252,0.94847642,mid,18.461921,0.18,1353709100000000.0,46.232562,1.8981158e+17,1.904178,mid,0.9825745235362002
407,0.91868364,mid,16.129494,0.20280096,1.0528463e+16,55.053578,1.1448585e+17,2.1005287,mid,0.9948587183033268
1548,-0.88418245,low,19.852735,0.22210477,1450993700000000.0,35.29323,1.4138315e+17,2.7257202,low,-0.7904518632701235
10,0.065541655,low,16.879401,0.19051183,6390994900000000.0,36.133871,5.1466058e+16,2.9328347,low,0.18691406352308682
1182,1.459017,mid,10.619282,0.18516747,1.7166054e+16,39.596479,8.7892383e+16,3.0142687,mid,1.4591969124534874
1503,-0.66000853,low,20.092879,0.22375827,1.8966184e+16,37.920568,1.5479299e+17,2.4440521,low,-0.6947933156735002
1109,0.402284,low,22.0,0.19240819,1119249900000000.0,56.095291,5.3665584e+16,2.3009677,low,0.34117796844117676
1360,1.2914522,mid,14.406155,0.30925383,2167567000000000.0,66.372011,2.7443358e+17,3.814062,mid,1.1830311348001414
1111,1.074566,mid,17.192959,0.18,2.2682457e+16,47.790198,1.4969767e+17,3.4833742,mid,1.0319431916268984
925,1.1056453,mid,12.403597,0.25327758,4.4470005e+16,57.055016,9.2252169e+16,2.3258252,mid,1.2056949639400716
333,1.0203985,mid,18.591007,0.21818157,2566787000000000.0,63.981262,1.2258361e+17,3.3420861,mid,1.0296594153083167
103,0.53931699,low,13.781088,0.22619448,1317584900000000.0,38.32486,1.310307e+17,2.6471307,low,0.45962574916897814
938,0.63335254,low,12.199503,0.30664197,1.0629715e+16,50.539706,1.6580311e+17,3.01211,mid,0.8009298430882176
800,0.19686974,low,17.451461,0.18420392,8006722700000000.0,36.664495,5e+16,3.0597531,low,0.25537639091887815
308,2.7103342,mid,10.347332,0.2420675,8907645100000000.0,66.686808,2.1300516e+17,2.0219343,mid,2.627545582366347
1300,1.0034513,mid,14.174354,0.29313078,2134622800000000.0,63.081025,2.529673e+17,4.0,mid,1.104485465627476
1130,1.2448332,mid,11.510661,0.20065581,1.6681206e+16,39.004102,1.3279715e+17,2.4067704,mid,1.2230628366911818
1403,1.2025405,mid,10.63295,0.25511521,1000000000000000.0,46.239757,1.3240136e+17,3.5483093,mid,1.1279382426275522
1264,1.2966411,mid,11.468011,0.24337634,1219480000000000.0,49.887382,1.7850694e+17,3.5591076,mid,1.335497534368169
1341,1.1346058,mid,10.619398,0.23878943,4147613100000000.0,47.236736,6.6824859e+16,2.2841826,mid,1.1452694333622582
1100,0.13746064,low,17.243494,0.19590632,5027707600000000.0,35.0,5.7398059e+16,3.0090428,low,0.18061959088816487
250,0.22088806,low,17.182851,0.20130142,4.4724006e+16,46.587712,1.1080284e+17,3.509962,low,0.32401553862025323
704,1.3312666,mid,12.239676,0.21217724,4.4334951e+16,56.673485,5.2824568e+16,3.519405,mid,1.385483125051946
248,3.5330542,high,20.69414,0.19046466,4054536000000000.0,78.236782,3.513344e+17,3.1502043,high,3.5313685989522923
811,0.72140851,mid,16.336351,0.1841887,2.3834545e+16,44.623462,1.2961899e+17,3.8142809,mid,0.7823612194816265
654,0.52859796,low,16.077545,0.20176261,1.8629864e+16,46.628039,1.1923348e+17,3.678662,mid,0.7721598260025745
303,0.52716812,low,11.564002,0.26503011,1344830300000000.0,44.837819,6.9977902e+16,3.0808918,mid,0.7906202975768566
164,1.563599,mid,14.112014,0.28387094,4.1060078e+16,63.387046,3.2098725e+17,1.6580175,mid,1.5502450432610924
47,2.5792308,mid,20.408859,0.19697728,4.2715577e+16,87.938339,1.6987647e+17,2.6321185,mid,2.571943462246744
1556,0.050614303,low,18.413896,0.23855491,1517547800000000.0,49.490577,1.5699116e+17,1.5285153,low,0.00022424226368697453
1086,1.3160615,mid,12.639387,0.18539509,2.7984198e+16,42.023577,9.6305231e+16,1.7488021,mid,1.2665610480636182
858,1.3370864,mid,11.65529,0.19580831,1.5336886e+16,41.054634,1.1776608e+17,2.6058096,mid,1.2928664350210013
1230,1.1417076,mid,12.407869,0.1932102,1.033256e+16,37.70609,1.4048471e+17,2.2913855,mid,1.1692467627599394
890,1.5040072,mid,10.0,0.29118376,8368909500000000.0,54.966075,1.5474651e+17,2.8901413,mid,1.4728577125343383
328,0.08848841,low,17.116302,0.2784593,1.5351801e+16,70.583351,1.7578736e+17,1.7056964,low,0.004852934894922306
717,-2.4176572,low,21.334865,0.28976611,3808721700000000.0,38.188586,6.7553107e+16,2.1993288,low,-2.4898813971658487
1058,1.0568465,mid,16.651947,0.18233902,1.7377638e+16,55.557683,5e+16,2.9354373,mid,0.9875479146057127
1210,1.3158012,mid,13.429212,0.19119942,1.2388664e+16,43.286621,1.6671945e+17,2.6279684,mid,1.2672072587877607
1481,-0.49499382,low,21.268352,0.2181232,4.6084898e+16,44.791035,9.6296499e+16,2.0033491,low,-0.5331753860125815
1191,0.42680907,low,16.277862,0.19077818,1.4745202e+16,42.418552,1.3660377e+17,3.7104774,mid,0.7275341537473177
1575,0.92277499,mid,10.21942,0.30242985,2.3089229e+16,80.481377,5.9222791e+16,3.918031,mid,1.0419118353074626
637,1.5717279,mid,10.610569,0.22641781,5995828100000000.0,56.267628,7.6103949e+16,3.540448,mid,1.5771703191268294
1029,0.16714746,low,22.0,0.19357416,1052758300000000.0,51.975644,5e+16,1.562661,low,0.13469128199206093
627,0.77325187,mid,16.37866,0.25697457,7998949700000000.0,66.251623,1.0003464e+17,1.952994,mid,0.7375485321078722
467,2.0764021,mid,14.798948,0.21987351,2209413400000000.0,72.850067,1.3016547e+17,1.7834723,mid,1.9003021634339619
914,0.65438273,low,11.901105,0.29420287,7550777200000000.0,52.871113,1.8554542e+17,2.6736106,mid,1.1118217029693431
999,0.70550166,mid,16.528281,0.20353498,1.7674505e+16,45.96888,1.4400236e+17,3.5520583,low,0.5680062417269263
359,2.0651064,mid,16.567725,0.19366234,3.7289365e+16,80.819727,9.594595e+16,1.8014792,mid,2.134105533648155
1463,1.3386343,mid,10.818584,0.24931044,1068908400000000.0,47.468276,1.5435967e+17,3.7461366,mid,1.2481810950513677
196,-0.38758423,low,16.949796,0.25814452,3.155525e+16,41.697059,2.1057762e+17,1.8792145,low,-0.36261181412059196
1486,0.0072019836,low,21.939022,0.20249315,1.9288731e+16,43.237975,2.4390641e+17,2.1363163,low,-0.06474431022794355
624,1.8216436,mid,12.03229,0.26042024,7570649400000000.0,68.992196,1.1955284e+17,3.9105661,mid,1.7301727392566282
612,-1.3165468,low,17.196484,0.28809974,3.0312279e+16,44.339977,5.3145413e+16,2.1338367,low,-1.2877348729748526
1209,-0.35673818,low,22.0,0.19734701,1130370200000000.0,47.178769,5.1780668e+16,1.763027,low,-0.2776801718177044
403,-1.485702,low,21.324822,0.24607695,1.3222207e+16,67.595787,1.3253143e+17,2.8105748,low,-1.3291231036424063
633,-1.3986725,low,21.93685,0.25242627,3017140000000000.0,82.562923,2.4311564e+17,1.5201443,low,-1.4115842068845248
219,-0.41690724,low,18.662252,0.2592897,3820696400000000.0,46.269175,2.3504139e+17,2.832669,low,-0.6623603982187833
1324,1.1876335,mid,12.356434,0.25432282,1747391700000000.0,51.382291,1.5363528e+17,3.6482404,mid,1.166001628203156
1233,0.14309199,low,16.45171,0.20630715,1457756900000000.0,42.965498,1.1369538e+17,2.4558868,low,0.19743637700166328
399,0.80491277,mid,13.248337,0.24071545,2.4833969e+16,55.554164,5.3345651e+16,2.0388882,mid,0.9294536376086986
962,1.1689982,mid,12.031426,0.18,1.3168606e+16,35.0,9.6568864e+16,2.6649688,mid,1.1817823170258095
1105,0.18323218,low,20.209395,0.18437845,1.4288312e+16,44.456394,5.0353288e+16,3.0702644,low,0.09935347792587917
46,0.13659758,low,14.932034,0.27075214,2890332900000000.0,56.219319,5.9991678e+16,3.3049105,low,0.09451356516065623
1390,1.0700127,mid,11.183771,0.3038593,8647486500000000.0,56.245208,1.3916874e+17,2.6795913,mid,1.0404885248746691
64,-0.227917,low,18.773224,0.24949562,2751250200000000.0,55.907383,5.2279186e+16,3.9052953,low,-0.33552716066508437
1566,-0.45947295,low,21.430963,0.19758853,1223042900000000.0,39.44221,2.2367702e+17,2.1117262,low,-0.32765943184891533
991,0.90539682,mid,15.109189,0.18968905,2.2243421e+16,47.968998,1.3823078e+17,3.7053127,mid,1.0181126997658791
1204,1.4935666,mid,10.034375,0.19296694,5e+16,41.630162,5.5125802e+16,1.5639757,mid,1.4438114502993566
139,-1.9358108,low,20.562489,0.27866351,2647523900000000.0,83.058898,2.6971483e+17,2.9443606,low,-1.887628865653998
1565,3.450815,high,10.851812,0.31102001,2.8842681e+16,77.782791,3.683109e+17,1.7456276,high,3.4514237422422207
82,2.1434832,mid,13.710937,0.26665991,2.5171031e+16,69.110176,3.1113263e+17,3.4762422,mid,2.0174706173934256
790,2.0180411,mid,18.274409,0.19457687,2.6924904e+16,75.701263,1.1425169e+17,3.5510619,mid,1.872062414757696
824,0.47298786,low,16.403123,0.18879563,6968152400000000.0,37.359945,8.098139e+16,2.5780112,low,0.40009633901326136
1358,1.118995,mid,20.663209,0.18457418,4407015000000000.0,51.802394,2.5423058e+17,2.6655672,mid,1.1425299637654036
1046,0.74195689,mid,13.734486,0.19994316,3.117567e+16,44.831313,1.0515413e+17,1.7732039,mid,0.9184728005034013
1227,1.1361894,mid,10.818846,0.20248928,1452000700000000.0,35.7106,8.0982029e+16,3.5876796,mid,1.1120233973196774
1283,1.2411659,mid,10.843317,0.2423585,1150425400000000.0,44.957166,1.3335943e+17,3.5447854,mid,1.1670432337199161
1315,1.6086127,mid,14.005251,0.25877623,3.1956864e+16,70.65232,1.3781961e+17,2.3134236,mid,1.4623600415175149
1180,0.17703579,low,17.669796,0.19094098,6265565100000000.0,35.0,7.1488395e+16,2.6883683,low,0.16171849507743974
867,1.2193675,mid,11.383126,0.20717435,1362809300000000.0,41.566663,1.1213774e+17,3.3817599,mid,1.2433453294906935
1457,1.2465431,mid,20.632962,0.18357716,1.0393246e+16,73.011573,1.1588999e+17,2.0887079,mid,1.2914257317446416
723,2.5298479,mid,14.421118,0.23602404,6759721100000000.0,79.057717,2.4012685e+17,2.3930077,mid,2.471049945977197
414,-0.23567421,low,15.674709,0.27106007,1212456900000000.0,55.315619,7.1475277e+16,3.2426408,low,-0.14312332711440873
1519,1.0628699,mid,18.451718,0.23027647,4.1842129e+16,73.733229,8.6201391e+16,2.3957355,mid,1.0660155944892098
747,1.7468009,mid,12.373452,0.26547207,2443031500000000.0,57.307202,2.9318839e+17,2.1072665,mid,1.7085914397819821
1221,1.2182849,mid,13.126713,0.18644926,1.5060821e+16,41.252122,9.2875124e+16,3.626005,mid,1.200081895277508
1260,0.62282293,low,14.320136,0.30157429,1717023200000000.0,62.033945,1.624516e+17,4.0,low,0.4793349869118032
1584,0.90859501,mid,10.375184,0.29986343,1712761500000000.0,38.741154,3.6743612e+17,3.6422757,mid,0.9190649040473124
1482,1.1904629,mid,10.231323,0.19879326,4.9295018e+16,35.590288,5.4403267e+16,1.6836933,mid,1.2229452955714168
1528,-0.40927855,low,19.225471,0.2167994,1283626600000000.0,38.361198,1.1692885e+17,2.5700674,low,-0.47029329748670984
179,1.015211,mid,11.484566,0.22532219,6702603500000000.0,35.744998,3.3491191e+17,3.7790247,mid,1.0267570722201351
1387,1.0934487,mid,12.613095,0.29957829,3437509100000000.0,66.78101,8.3183303e+16,3.5364769,mid,1.0775881073448055
866,1.3055946,mid,12.43854,0.18708376,2.1982993e+16,40.968314,1.0463194e+17,1.6208219,mid,1.277418810303315
412,2.5912523,mid,10.993436,0.28498252,4.1410099e+16,77.259698,1.82741e+17,2.9970069,mid,2.4843199168285928
96,2.5099303,mid,21.372814,0.21183819,9933899200000000.0,78.443744,2.8638853e+17,3.5232812,mid,2.433922785296949
583,4.0696124,high,11.787293,0.20727226,2318607800000000.0,84.681919,2.3180858e+17,3.2194039,high,4.067129173940014
594,2.0419869,mid,11.663138,0.26890965,2.5804885e+16,80.776922,5.191484e+16,2.9103396,mid,1.974693529754181
741,-0.44185831,low,20.636865,0.21598326,3.9071034e+16,44.110814,9.4092059e+16,1.8856799,low,-0.4008169332937347
216,1.5443443,mid,14.842162,0.22792788,1.2074319e+16,59.5459,2.2148518e+17,3.4858576,mid,1.5252032439998535
797,-0.24482274,low,14.576912,0.27616371,3.198169e+16,84.236446,1.4707802e+17,3.2056113,mid,1.8881406783131198
1084,1.2323183,mid,10.0,0.20226887,4.2234167e+16,36.847422,5.2168177e+16,1.5,mid,1.23001764613328
289,1.5397054,mid,14.089951,0.23802319,1.1206629e+16,59.314049,2.3572049e+17,3.7414858,mid,1.4618039347995184
1035,0.55507128,low,20.91583,0.18,4539826700000000.0,51.889005,2.8586306e+17,2.3680647,mid,1.201907995663916
192,1.7285639,mid,21.686762,0.19726501,4.2207952e+16,88.85037,8.2791042e+16,2.3581235,mid,1.80132136490602
1070,1.4187773,mid,11.562106,0.19132299,2.2139796e+16,40.409955,1.5376959e+17,2.101592,mid,1.4140177047570341
14,0.50442473,low,20.173117,0.20358058,2.3996386e+16,70.199799,6.3071251e+16,2.0947087,mid,1.054764778327248
39,-0.32741361,low,14.376567,0.28842141,7945910400000000.0,69.539899,2.183466e+17,1.920156,mid,1.5558539117205377
1257,1.3481895,mid,10.914671,0.21248116,2.2996016e+16,44.188042,7.8237422e+16,2.1880922,mid,1.3350529499153525
177,2.0310296,mid,13.239931,0.21621078,2270210800000000.0,82.479295,1.0530182e+17,3.2813644,mid,2.207563121182878
385,2.3096833,mid,11.723689,0.26437181,3.2776998e+16,83.878678,6.8678729e+16,1.5907122,mid,2.2947231126740624
707,0.79431521,mid,15.515632,0.27457797,1.5069139e+16,54.866607,3.1909713e+17,1.8054578,low,0.04102277347440586
1318,-0.41313555,low,20.556141,0.18334576,4947818500000000.0,52.875566,1.9352208e+17,2.666387,mid,1.0609992755281579
253,0.51376013,low,12.99754,0.25383837,1.0144632e+16,45.423745,5.0632248e+16,1.8652783,low,0.46944826410196416
602,2.5010237,mid,14.062257,0.27964752,1765407500000000.0,87.034309,1.5687306e+17,2.3687564,mid,2.428367364343273
1144,1.422444,mid,10.384416,0.19505731,3.0477105e+16,41.305142,5.6266099e+16,1.7188409,mid,1.409232647488324
645,-0.67857212,low,19.31681,0.22023846,1.9892681e+16,37.208817,1.4547318e+17,2.2760982,low,-0.6189789623017263
1595,6.1704129,high,10.162016,0.18136369,3.490109e+16,87.794162,3.9181856e+17,2.1230154,high,6.170073199228825
459,0.21074615,low,17.743784,0.18283329,4326132900000000.0,52.145729,1.9526996e+17,3.7131427,mid,1.2481240577207775
1392,1.5014684,mid,16.760661,0.23852687,5080233900000000.0,77.462944,8.2924997e+16,1.9404143,mid,1.4688517353913804
356,2.8842672,mid,15.452671,0.29693838,2528555700000000.0,81.559051,3.5658708e+17,2.0128759,mid,2.7485269788535227
153,2.6651238,mid,17.920306,0.22047047,3270816200000000.0,86.703019,1.6379848e+17,1.7847793,mid,2.5905316138493206
1386,1.1798834,mid,17.903091,0.18237505,5e+16,55.937343,1.1030884e+17,2.3784136,mid,1.1147751178484024
448,0.25651572,low,18.83543,0.25486058,1.2785234e+16,77.807357,6.6319868e+16,3.2484331,low,0.18872608844887984
1580,2.4544612,mid,12.76177,0.29599816,4.3211223e+16,86.831829,1.9182461e+17,1.6946164,mid,2.485519515429063
441,0.98262487,mid,18.38174,0.23285296,4.3992143e+16,72.569894,8.7084696e+16,2.4990843,mid,0.9812875062006687
1161,1.3338766,mid,10.0,0.18453238,9957440700000000.0,35.0,6.5833394e+16,3.6124023,mid,1.3457251651761022
1474,1.2745887,mid,10.0,0.20621156,4.4191093e+16,38.526301,5.6404097e+16,1.8608859,mid,1.269410587211727
1063,0.72273232,mid,15.827641,0.18,1279984000000000.0,40.498877,1.1597367e+17,2.9172952,mid,0.7834189343269241
1446,0.96646548,mid,18.536961,0.18113786,5e+16,56.959878,1.0757069e+17,2.4931636,mid,1.0465924710109973
898,1.0303717,mid,17.035681,0.18,5e+16,52.832887,9.3649726e+16,2.5342493,mid,1.060072041556965
967,1.0607918,mid,11.040392,0.21423955,1529818700000000.0,38.597125,9.5936307e+16,3.1065805,mid,1.0695607470132105
680,3.0867747,high,17.148761,0.24332276,9207977800000000.0,79.139527,3.3761252e+17,1.5660188,high,3.084799695661899
578,-0.43548128,low,17.560407,0.21959141,2872563200000000.0,43.07275,8.8674865e+16,2.7166675,low,-0.2179605286669455
888,1.3145896,mid,10.589217,0.18802618,1.511018e+16,36.13411,9.4412622e+16,3.0496987,mid,1.278746605232003
1118,0.73350477,mid,15.987174,0.19776139,2.4402383e+16,51.964835,5e+16,2.7156662,mid,0.7887058428548922
1231,0.81885788,mid,15.315625,0.19977093,2.6188995e+16,44.955173,1.2032605e+17,3.613175,mid,0.7606004337490544
1043,0.72694821,mid,15.048973,0.18943549,2181909400000000.0,39.574013,1.0632014e+17,2.15501,mid,0.769152499124645
572,0.44899045,low,15.9637,0.30090884,8848315300000000.0,73.204036,7.3673978e+16,3.634701,low,0.2531284872148245
759,3.5365651,high,19.070359,0.20957096,2973971500000000.0,86.406223,2.9885669e+17,3.626411,high,3.538519516278187
953,-0.59715231,low,20.682057,0.32094418,1454272400000000.0,84.667177,7.2254581e+16,1.8411132,low,-0.6029600981902559
322,1.2548102,mid,14.894983,0.19247682,2418642000000000.0,52.532117,3.6278716e+17,3.0100946,mid,1.402520402817334
840,1.4546996,mid,10.0,0.19830717,3.0838251e+16,41.72315,5e+16,1.6583728,mid,1.4136060285877796
233,3.5521234,high,13.553354,0.23880245,4956019900000000.0,76.98768,3.265107e+17,3.4041539,high,3.550852419631119
722,0.13955872,low,13.488926,0.25940202,2068174600000000.0,43.312361,5.8089975e+16,3.5810067,low,0.14483068627625428
465,0.21778615,low,14.498247,0.26073265,2.7783947e+16,58.516855,6.0884509e+16,1.7975395,low,0.29359908020023406
807,1.0306691,mid,11.725974,0.19807187,1602245200000000.0,35.0,8.4615391e+16,3.2516032,mid,1.0109161147466095
1079,0.7291151,mid,14.075897,0.19961601,1.6426839e+16,42.784824,1.1122996e+17,3.6861928,mid,0.8155487178231486
525,0.6028593,low,11.687509,0.28791458,4450071500000000.0,47.892228,1.5824587e+17,2.2929349,mid,0.9390809850922965
610,0.52496227,low,12.166347,0.24359447,1773427200000000.0,37.567626,9.1946781e+16,2.8580413,mid,0.7611296049906233
1490,1.2008631,mid,17.264294,0.22597419,1979431000000000.0,68.945016,8.2708458e+16,1.6165043,mid,1.197502114360654
56,0.12321715,low,21.752633,0.19441678,1138089100000000.0,51.849265,5.0008188e+16,1.9337494,low,0.09887256882496642
1296,0.80428253,mid,18.693479,0.18087205,1141150200000000.0,46.664084,1.6346178e+17,1.5,mid,0.8089961126618629
1057,1.6535902,mid,10.60119,0.20565355,2.6559825e+16,47.926446,1.0130681e+17,1.6841761,mid,1.6246811738334497
294,1.5990519,mid,13.824977,0.20940963,1.216121e+16,53.995543,2.7567582e+17,1.6055442,mid,1.710835950910882
1197,1.6624046,mid,10.091548,0.21309789,3.2834193e+16,47.675676,1.0535309e+17,1.9119877,mid,1.6538697667608373
247,1.5820526,mid,20.421817,0.18420548,4247190000000000.0,62.221391,2.0936669e+17,2.4292436,mid,1.5149086020214784
877,0.1537666,low,20.661166,0.18827034,1.3956883e+16,45.772417,5.6668975e+16,2.7922803,low,-0.0012124369161460868
1239,0.21251763,low,16.825989,0.20938036,1.8469282e+16,44.115519,9.6740575e+16,3.3988744,low,0.29802666940003886
789,0.75348717,mid,17.435187,0.24525355,2.0176645e+16,60.349352,1.7190415e+17,3.6190895,low,0.5630970778302417
228,0.64889941,low,14.174085,0.24986439,9682569600000000.0,43.70412,3.3120251e+17,2.8757599,low,0.5232008600907907
510,3.1668901,high,17.814999,0.22899613,1496551400000000.0,78.626333,3.354877e+17,2.4396782,high,3.1697961392164555
762,1.0658779,mid,10.564278,0.1941315,4.0087911e+16,39.081349,5.9323114e+16,1.7018199,mid,1.2374262309317137
378,2.0771145,mid,19.713611,0.22940592,1.6024891e+16,67.852152,3.8214667e+17,2.1429754,mid,2.0319427256846723
302,-1.3976675,low,17.368291,0.29440186,4.6836329e+16,85.257963,8.0038667e+16,3.1149607,low,-1.4149422538891379
324,0.51332228,low,13.730075,0.2325808,1.8787953e+16,35.219324,3.9387602e+17,2.377817,mid,1.12675291481562
48,-0.23402694,low,15.62605,0.27812402,2299938600000000.0,46.86562,1.3506853e+17,2.5830004,low,-0.2697543073281154
1027,1.193734,mid,10.491453,0.20431801,1430647100000000.0,35.35204,1.0670625e+17,3.4931803,mid,1.1844925528164554
1376,1.2185906,mid,18.314652,0.18,1375568500000000.0,49.850243,2.0496606e+17,1.9481201,mid,1.204703898234071
930,1.0243885,mid,12.557506,0.26090043,2.4092923e+16,57.600113,6.485321e+16,2.4405351,mid,0.9872194365274924
167,1.5795373,mid,18.086718,0.19988907,1.7210875e+16,77.982659,6.2978648e+16,2.9419439,mid,1.6729816028626632
1075,0.92782753,mid,20.225857,0.18080246,4993731100000000.0,48.580542,2.161223e+17,2.6368902,mid,0.9271308323563628
1083,0.91937927,mid,14.483611,0.18844645,1000000000000000.0,42.865989,1.4561915e+17,2.4059699,mid,0.9218749004390785
27,2.610847,mid,16.006632,0.2032404,1353613900000000.0,64.422238,3.95044e+17,3.0854369,mid,2.543067784155344
1422,1.089556,mid,12.66172,0.25317835,2.0323679e+16,56.328782,6.4020976e+16,2.3539441,mid,1.0209477361317696
147,0.19455791,low,14.683743,0.27479048,9402874800000000.0,64.582058,1.5801696e+17,2.1231651,low,0.18195421822141028
123,4.0608711,high,15.946448,0.21561867,3993989200000000.0,79.606492,3.9774365e+17,2.4563118,high,4.058876224588647
975,1.4312874,mid,19.817086,0.18,5747313000000000.0,54.667138,2.2831938e+17,2.5708033,mid,1.294321670399852
921,1.3781428,mid,18.323435,0.21272002,2.1465912e+16,72.748262,8.3930455e+16,2.3381747,mid,1.3415461667212607
983,1.2162091,mid,12.602066,0.18524126,1176435000000000.0,37.457588,1.3975352e+17,2.7563423,mid,1.1790485694196837
1366,0.42473383,low,17.182194,0.18049862,5e+16,55.259766,1.1164645e+17,2.3286442,mid,1.1150827755201775
331,-0.25047941,low,17.446065,0.28201195,1.362842e+16,50.814021,2.1971612e+17,3.8342053,low,-0.30472825299336137
1570,-1.7076034,low,19.200879,0.31117472,2021412200000000.0,86.827253,5.0624564e+16,3.4464723,low,-1.7159710448018932
1216,1.0329246,mid,22.0,0.18210418,1.5929504e+16,64.15053,8.007186e+16,3.3905818,mid,1.0079852184750018
1363,1.5530934,mid,10.0,0.24154406,1116844500000000.0,47.253543,1.5741559e+17,3.5063746,mid,1.46645649040224
1103,0.74568488,mid,14.181754,0.18910302,1350411200000000.0,35.0,1.4036314e+17,2.7202945,mid,0.7516028803300733
1478,1.0310155,mid,20.852372,0.18,4104835200000000.0,52.121164,1.9855015e+17,2.823017,mid,1.018983292756698
1185,-0.25763713,low,19.084181,0.19349692,1.0683859e+16,47.413226,5.749217e+16,2.2864729,low,-0.0749783603568617
141,1.5469841,mid,10.374358,0.2075435,2.8066186e+16,46.011729,9.5001474e+16,1.967835,mid,1.533993328217004
1593,0.1166498,low,19.549005,0.18583947,1252156800000000.0,38.726673,7.2454706e+16,1.6703265,low,0.09177593463582961
719,1.5470786,mid,11.500172,0.28725426,1325894900000000.0,64.20119,1.3552125e+17,1.6384311,mid,1.5397083069361444
972,1.1280759,mid,17.735424,0.18602933,1700713400000000.0,48.45323,2.14959e+17,1.5037036,mid,1.1364197619813488
1215,0.20226457,low,20.155809,0.19479707,4389389100000000.0,52.031879,2.2100927e+17,2.7472306,low,0.21583114249413393
1373,0.59616935,low,17.822187,0.24826032,1.8644149e+16,65.992986,1.6032331e+17,3.6253493,low,0.44809605902056626
1305,1.6399343,mid,17.569782,0.20809863,2.0918346e+16,74.115295,8.0949084e+16,2.2592021,mid,1.5654031208012509
72,2.0061527,mid,12.536985,0.20458377,3144150200000000.0,60.874814,1.0514541e+17,2.170263,mid,1.938082985117041
887,1.3377233,mid,11.927916,0.29141042,3669969400000000.0,67.47835,7.4857761e+16,3.6169333,mid,1.274597919965888
823,0.80317676,mid,16.154764,0.1942858,2.3161339e+16,43.572975,1.885577e+17,3.7201427,mid,0.8543464987330035
889,1.5257878,mid,10.634394,0.25602367,3.8004718e+16,55.193293,1.0944856e+17,2.3473342,mid,1.4672018876705943
799,1.9620613,mid,14.33915,0.31895757,4.9981512e+16,81.540326,2.478934e+17,1.6124592,mid,1.9243043702459426
1224,1.2312017,mid,10.731228,0.19794958,2.8447405e+16,38.2335,5.5796879e+16,1.7436011,mid,1.2139385983949893
891,1.4685799,mid,15.922855,0.24464094,5e+16,76.288776,1.0313159e+17,1.8961043,mid,1.358914702851855
214,1.1549298,mid,15.779435,0.20488794,2394497000000000.0,60.165875,5.7201142e+16,2.3825411,mid,1.165086022539163
311,-1.8149678,low,18.11229,0.29001864,4.7074875e+16,51.991294,1.2147192e+17,2.1954835,low,-1.7814205864724082
1574,3.5673574,high,10.385135,0.18186809,1601917100000000.0,88.644376,6.4749356e+16,3.8108217,high,3.5687074541149184
1267,1.5865896,mid,11.457973,0.29226103,4761360300000000.0,71.083721,7.1020729e+16,3.707685,mid,1.520965605279048
792,1.3150716,mid,12.286572,0.26391899,1681465100000000.0,67.093073,5.3798801e+16,3.5330547,mid,1.294320725887181
1326,0.94688802,mid,18.65607,0.18,4.9523395e+16,54.707805,1.1642192e+17,2.2094285,mid,0.970448513300089
496,2.2695308,mid,16.018206,0.24200401,8396454500000000.0,82.82057,1.4447093e+17,2.7752056,mid,2.2124211712254924
1512,0.71505267,mid,14.387734,0.20431052,1244164600000000.0,38.552502,1.6469986e+17,2.5306578,mid,0.7688696583591288
1167,1.0435746,mid,10.0,0.22251922,1947552500000000.0,35.0,8.8118598e+16,3.1714676,mid,1.0577855427016536
974,0.21286353,low,20.064921,0.19853205,2620227200000000.0,38.61947,3.0974959e+17,1.8788032,low,0.1701615444295806
596,0.11346228,low,19.919558,0.2518779,1.3351819e+16,56.968563,2.2585912e+17,3.8640421,low,-0.011834599253425032
1413,0.22141276,low,17.415349,0.23761845,1.6792939e+16,68.081944,1.3634848e+17,3.2736783,mid,1.116947011404815
1374,1.3888872,mid,10.083309,0.20015923,4.2148309e+16,39.987131,6.963801e+16,1.8999164,mid,1.3975800792761621
59,2.5800495,mid,14.446415,0.21112993,7731453500000000.0,73.875716,2.0384936e+17,1.5616409,mid,2.577065790166255
1588,3.7901359,high,20.767781,0.20722632,1180938100000000.0,87.340634,3.5442002e+17,3.7868343,high,3.7912932932992978
524,2.7785261,mid,10.391391,0.24756095,6478102200000000.0,82.422115,7.3024341e+16,2.0185506,mid,2.738457341986747
381,2.0296655,mid,12.822853,0.20776646,9291199600000000.0,67.228633,6.5942434e+16,1.5031497,mid,1.9654300084710306
1238,0.74663345,mid,17.42221,0.19379527,2.3625691e+16,54.877886,5e+16,2.7989813,low,0.6262135656167049
98,-1.9307214,low,17.951893,0.31190449,3728075000000000.0,74.908321,2.2366362e+17,3.489112,low,-1.83695001345576
1370,1.3565922,mid,10.266727,0.29332242,6864958700000000.0,53.274281,1.8487986e+17,2.5053704,mid,1.4668785036092589
277,-0.72283315,low,16.431264,0.27442608,7479694900000000.0,62.782157,1.5113387e+17,3.6592594,low,-0.6036461005570296
835,0.80476816,mid,16.448497,0.18790427,1.8939735e+16,46.030203,1.3612423e+17,3.3726625,mid,0.8460602136764732
778,0.57443483,low,13.663064,0.2742652,7331519300000000.0,73.754136,5.392168e+16,1.6562156,mid,1.267959795138736
732,1.5812558,mid,19.6233,0.19712273,8077990000000000.0,77.947028,8.9396121e+16,3.5925932,mid,1.6734801186915567
286,1.4996885,mid,18.437589,0.18731555,1.8807451e+16,53.026194,2.8681555e+17,3.0688428,mid,1.480429537004382
31,-1.3758003,low,21.676922,0.23480245,7791123200000000.0,55.629129,1.2994692e+17,3.8477872,low,-1.3128733472210106
1061,1.359405,mid,10.0,0.19306693,1.0650983e+16,37.322339,6.5954825e+16,3.8884496,mid,1.3395580776348908
1008,1.3616167,mid,11.594787,0.20655137,2.9760081e+16,41.708773,1.7930194e+17,3.404435,mid,1.3663465620238748
1359,0.72592709,mid,16.680943,0.23270401,8006872200000000.0,60.657209,1.2110543e+17,3.5482765,mid,0.7848446769405177
1550,1.2832198,mid,17.90885,0.22371892,1405470300000000.0,69.405898,1.0909071e+17,1.5,mid,1.254992249196585
906,0.9784165,mid,11.523868,0.26011792,2.6131121e+16,59.488729,7.4205143e+16,2.497228,mid,1.1567071273255343
863,0.7982915,mid,14.139269,0.18471709,1580106400000000.0,35.0,1.2237935e+17,2.6748419,mid,0.7902542351471797
1421,1.3225623,mid,11.00749,0.24700135,4911202300000000.0,51.358016,7.7375617e+16,2.1857395,mid,1.2876833278256643
735,-0.23840803,low,18.204373,0.25818847,1.7407023e+16,70.033029,1.4134921e+17,2.0558187,low,-0.2831197305543478
292,1.6484274,mid,11.335707,0.31310942,2.9904839e+16,61.750709,2.2298214e+17,2.750979,mid,1.5359243802959541
1379,1.0137784,mid,15.84653,0.22952349,1.2162241e+16,59.961895,1.0808573e+17,3.6428399,mid,0.8928657148936561
934,0.99706211,mid,18.440182,0.18676226,5e+16,55.526461,1.0235024e+17,2.3105802,mid,1.0061650974842413
516,-0.91405222,low,21.164323,0.22593288,4620461900000000.0,59.694424,1.3049155e+17,2.85373,low,-0.7556545172936723
638,1.1595933,mid,11.497912,0.23823867,1.5758418e+16,66.818842,6.7128793e+16,2.7212316,mid,1.4096952390420674
536,0.17853971,low,13.186825,0.25017122,8954985200000000.0,41.852972,5.5885395e+16,2.2876421,low,0.20871658992494996
144,1.9774973,mid,21.496572,0.18271071,3572725600000000.0,80.210385,9.5159886e+16,1.8222527,mid,1.9284360648816938
718,3.5285475,high,19.727041,0.22655983,2715913400000000.0,87.800243,3.2155687e+17,1.7147239,high,3.533815183964678
1016,1.1904766,mid,21.632169,0.19031458,2.0426437e+16,63.272824,1.5448929e+17,3.4702258,mid,1.2046320418618999
573,2.052122,mid,12.081488,0.19857044,1.728722e+16,49.541767,3.2999556e+17,3.5774542,mid,1.9980188485730204
636,0.40023169,low,14.746096,0.22840494,1439045800000000.0,50.203143,9.7082912e+16,2.5298928,low,0.4374050525407036
1276,0.9074272,mid,17.980166,0.18084092,1694101400000000.0,47.393955,1.789698e+17,1.8513641,mid,1.000937772956749
948,0.21247494,low,20.740917,0.19697784,3.9870919e+16,85.294537,5.0654673e+16,3.7300506,mid,1.7154710488753615
1030,1.6547181,mid,10.883932,0.19833007,2.0236601e+16,43.237069,2.1252117e+17,2.043316,mid,1.627806476488485
588,2.1481569,mid,13.397543,0.20018203,2628268700000000.0,55.196742,3.4299261e+17,1.5648127,mid,2.142516159773563
66,2.0292535,mid,14.019808,0.20331975,9810072100000000.0,51.460142,3.9363631e+17,3.3388316,mid,1.9997643685785833
1345,1.3260588,mid,18.382206,0.21533879,2.2508072e+16,73.868214,7.2833979e+16,2.4334667,mid,1.2322290906205249
913,1.605439,mid,11.407557,0.24402818,3.3643939e+16,57.737001,1.058798e+17,2.4103692,mid,1.5454423726582696
805,-0.17495175,low,21.193863,0.20069096,1.1614241e+16,46.468748,5.9074968e+16,2.4385895,low,-0.19866146688202435
275,1.2769804,mid,13.10588,0.29251058,1235062400000000.0,72.98773,1.0168104e+17,2.001782,mid,1.3130627869112856
687,2.4847953,mid,13.558693,0.20595868,4782760500000000.0,68.754259,1.6251075e+17,3.1373161,mid,2.4523679123414857
487,4.3978887,high,10.475946,0.21028289,1.1618958e+16,88.199263,2.0782085e+17,2.134753,high,4.396699568869742
882,1.1977959,mid,12.016846,0.27097995,2.6130402e+16,60.172981,7.078158e+16,2.3854491,mid,1.2045427012537977
282,-1.5,low,19.682363,0.26714827,1519937900000000.0,47.408114,1.9867428e+17,1.6805775,low,-1.4969142633394525
919,1.4220627,mid,10.0,0.24582022,1000000000000000.0,46.505391,1.2530429e+17,3.6189755,mid,1.3814981956198005
834,1.553475,mid,11.317604,0.20224057,1.4599288e+16,45.328626,1.3975814e+17,2.3052836,mid,1.4779500310996194
700,0.55732239,low,18.695965,0.23740069,3.7100733e+16,57.812585,2.914007e+17,2.5630995,low,0.44422118725470605
314,1.0840867,mid,10.842567,0.18152085,1.3411081e+16,36.169205,1.0420703e+17,2.9646712,mid,1.2565916803500663
514,1.5620823,mid,21.424381,0.20238429,5598965000000000.0,67.479858,2.2426019e+17,3.3327039,mid,1.609056330074528
1378,0.22445528,low,20.890766,0.1878242,5824201100000000.0,49.874964,2.2074174e+17,2.6587164,low,0.20041241725705328
1348,1.2758039,mid,10.159656,0.20036248,1.174536e+16,35.776968,1.08084e+17,2.6932384,mid,1.25924102420552
1199,1.011628,mid,16.081877,0.18395947,1.5124207e+16,48.161401,7.9901769e+16,3.7132938,mid,0.9556119073890683
136,2.5093965,mid,14.829643,0.24310831,1653020400000000.0,65.564298,3.7001141e+17,2.3871727,mid,2.4217111338265056
1262,1.2139827,mid,12.311812,0.26365063,2.4257586e+16,59.397594,8.0997564e+16,2.4718614,mid,1.1648850959714763
1245,-0.17650658,low,20.874157,0.1888059,1.3018412e+16,44.965725,6.5461525e+16,2.9608126,low,-0.08110833237177775
288,-2.2025515,low,19.202099,0.3090489,2.9700886e+16,51.554019,3.6078314e+17,2.5904309,low,-2.133755556048281
1172,1.4063595,mid,17.4604,0.18690318,1423472800000000.0,48.394977,3.0740273e+17,1.8348902,mid,1.3888371968684385
812,0.050181619,low,16.934497,0.20491583,7814067400000000.0,35.0,6.3971343e+16,2.9088247,low,0.03588434638568727
1476,1.2827585,mid,17.377835,0.18,2061319300000000.0,48.697157,2.0888809e+17,2.0952692,mid,1.252416688144167
947,1.587264,mid,19.926718,0.18917965,2870995500000000.0,82.541616,3.2261302e+17,1.5039954,mid,1.660918400779031
847,0.69826032,low,15.854307,0.19879007,2.4420175e+16,45.834333,1.5303029e+17,3.0629619,mid,0.8234643133784803
992,1.2405075,mid,17.31013,0.18186448,1314818500000000.0,48.628284,2.039656e+17,1.6797778,mid,1.2162430680432
1306,1.4022443,mid,19.095643,0.18,4.4944349e+16,60.25584,1.3476503e+17,2.2502671,mid,1.374401750716933
1226,0.99368369,mid,12.406982,0.21396136,2.9574695e+16,38.874492,1.4237387e+17,1.8136239,mid,1.0060481941291906
1438,1.1429532,mid,20.135899,0.18,5339395800000000.0,50.550661,2.4236061e+17,2.5394767,mid,1.1178805705430777
1261,1.4136669,mid,10.511754,0.23595904,5467065800000000.0,50.326819,6.6614367e+16,2.2019674,mid,1.3443920962931133
142,1.0781194,mid,11.265991,0.29961896,8337125000000000.0,53.301831,1.7049875e+17,2.755774,mid,1.0218509228441308
1304,1.3346036,mid,11.089798,0.25662095,1456924900000000.0,47.07241,2.1951499e+17,3.3486469,mid,1.2547035693946915
1110,1.6316144,mid,11.704035,0.18512647,1.0963631e+16,43.167669,2.0009804e+17,2.2942673,mid,1.6146983915589357
427,-2.2029272,low,21.808656,0.26572365,3978295200000000.0,61.542858,8.2241966e+16,1.8753823,low,-2.129428303355465
406,-1.9862435,low,19.280543,0.29025293,1.4052862e+16,62.95031,9.1305897e+16,3.7359452,low,-1.9682357262956536
340,1.061761,mid,20.434376,0.18018848,4895868500000000.0,51.027346,2.3617229e+17,2.6356877,mid,1.0798736054560139
221,-0.20044601,low,14.163298,0.29321546,2335232100000000.0,42.731883,2.6260696e+17,3.9620049,low,-0.20421784549518843
1336,1.036173,mid,17.325631,0.18,1064194300000000.0,45.117529,1.8838975e+17,1.9765561,mid,1.0488835126444989
475,-1.5,low,16.901162,0.31269756,5168820800000000.0,89.610264,8.0450634e+16,2.1668971,low,-1.4171724594328705
395,3.0990595,high,14.618485,0.27174503,5133619100000000.0,85.886275,2.7233101e+17,2.0909051,mid,2.0082964977965068
1455,1.5256353,mid,13.949951,0.2544295,3.3579314e+16,67.349133,1.4632711e+17,1.9995762,mid,1.5148914012166745
825,1.2316128,mid,10.705897,0.19702771,9570608500000000.0,36.394838,9.2702735e+16,3.716693,mid,1.161766012557576
452,0.14481248,low,19.121396,0.20156902,2924046400000000.0,38.428002,2.6942716e+17,1.8200269,low,0.09956048805267292
1369,1.2304936,mid,11.698456,0.24739548,5e+16,53.038763,8.6216152e+16,2.267748,mid,1.2407838277901224
1444,1.1561033,mid,11.46034,0.25768122,1182810500000000.0,47.11914,2.1902961e+17,3.7462142,mid,1.1843434157304673
672,3.5221611,high,20.702507,0.24164939,2676514000000000.0,89.025133,3.6219471e+17,1.7546838,high,3.520046664626031
1549,0.33240918,low,17.681632,0.20239736,1686868300000000.0,42.952638,9.9901993e+16,1.787258,low,0.2156675689685515
828,1.3035678,mid,10.935181,0.19640668,4.5585441e+16,40.428032,5.848339e+16,1.6864247,mid,1.2914321646585998
380,-1.5,low,21.348139,0.26229743,1.5594113e+16,78.729662,1.7665385e+17,2.2298048,low,-1.4678450741337643
400,1.5118551,mid,15.766036,0.27669446,1.1886953e+16,76.524337,1.6052476e+17,2.71044,mid,1.452060559661926
1522,1.3188186,mid,10.69058,0.19718146,3.8600202e+16,40.068452,6.1794296e+16,1.653772,mid,1.2749123902277886
507,3.1318972,high,12.78009,0.23719599,4676523000000000.0,89.873592,2.6237495e+17,3.5149067,high,3.135575564714429
910,1.3343053,mid,17.62384,0.1815254,4.8380521e+16,59.790339,8.5708491e+16,2.4843478,mid,1.265866885314503
334,1.2469796,mid,21.239718,0.23119698,2.1473772e+16,69.86987,2.3331054e+17,1.8105292,mid,1.2256694466166456
870,1.4266594,mid,10.752447,0.18463191,1.2763641e+16,38.022669,1.1774947e+17,2.1678101,mid,1.4372243623067913
1525,0.011043609,low,19.250148,0.21240045,2258940700000000.0,90.0,2.7226589e+17,1.8351614,mid,1.841544365725772
270,0.61980814,low,10.15328,0.26729396,2.176449e+16,35.901992,5.0917531e+16,3.709781,mid,0.8089074759438819
862,1.3405001,mid,10.598269,0.18,1.2298535e+16,35.0,1.0507705e+17,2.9004808,mid,1.3244651563275858
1320,0.61720023,low,13.922384,0.30050899,1593516000000000.0,63.583384,2.6835489e+17,3.7478812,mid,1.2131544084671497
711,1.0215201,mid,10.70917,0.2067171,1367450400000000.0,35.780727,9.6347736e+16,3.2183932,mid,1.105670450694785
460,-1.4864644,low,21.969014,0.23420129,5687515000000000.0,64.425013,1.5860603e+17,3.4512619,low,-1.4067669484502814
1484,1.0192986,mid,12.557909,0.19600837,2.6508585e+16,39.279633,1.0233763e+17,1.508594,mid,1.0822523301113585
853,-0.31363161,low,21.283875,0.18980788,1.2976306e+16,43.920632,5e+16,2.7200184,low,-0.3130113350556356
531,1.5727618,mid,10.034125,0.23042723,2194272600000000.0,51.294762,1.8537252e+17,3.9002287,mid,1.6705531622695053
1115,0.46787789,low,20.83915,0.18,3748135200000000.0,53.153867,3.1537018e+17,3.0868492,mid,1.0949261414371658
348,1.1503067,mid,17.328192,0.21868178,3248562200000000.0,66.589819,1.131961e+17,3.1333153,mid,1.1767383327815402
1175,0.92002372,mid,19.982515,0.18,4497606400000000.0,47.079763,2.301794e+17,2.525445,mid,0.940344481799043
1196,0.47006116,low,22.0,0.18614821,1.5854659e+16,58.862729,7.5287675e+16,3.6100615,low,0.479294020568624
856,1.4615987,mid,11.581682,0.21225342,2.5353403e+16,44.763589,1.8805233e+17,3.4472583,mid,1.4298814022249735
1462,1.027991,mid,12.383333,0.25765407,2.4462194e+16,55.896952,7.8987353e+16,2.4498292,mid,1.0660570056693959
494,0.66435711,low,16.659251,0.19661296,2.4111435e+16,53.7512,5.3653326e+16,2.8018737,low,0.6735175565173528
19,1.0876579,mid,18.334006,0.21909423,2.193226e+16,74.16433,7.6214492e+16,2.4020284,mid,1.2230204552464137
1032,0.70479813,mid,18.371388,0.18429182,2037091500000000.0,43.691942,1.6641466e+17,2.1655914,mid,0.8054184033971922
24,2.0043388,mid,10.009591,0.2806513,3.0740669e+16,81.986451,2.4157903e+17,3.0834964,mid,2.1006926604905307
1212,1.0010333,mid,18.589023,0.19228738,1808139800000000.0,49.661279,2.1486436e+17,1.8271001,mid,1.0191779311740463
190,3.2448556,high,18.970152,0.1862914,3.6653123e+16,72.35485,3.9004107e+17,1.9232784,mid,2.172121381425528
122,-0.49430016,low,18.742461,0.22280431,1261777500000000.0,35.676152,1.2167605e+17,2.6044767,low,-0.5287878885390865
750,2.054775,mid,12.215949,0.19756142,1940695900000000.0,55.2296,1.8961379e+17,2.5333824,mid,2.0163642939698176
1181,1.1333175,mid,10.942595,0.19431643,1.45253e+16,35.0,6.365577e+16,3.8023325,mid,1.1289660114712765
1007,1.0045284,mid,11.51104,0.21418084,1241331400000000.0,39.099695,7.6207581e+16,2.8386738,mid,0.9882586164209506
1050,1.7259066,mid,10.880389,0.20389726,2.2290197e+16,47.662266,1.5043658e+17,2.187176,mid,1.6971454420978414
609,0.67998526,low,13.467787,0.30703074,5662510800000000.0,67.335489,6.3381497e+16,2.0637967,low,0.5691370026928264
1357,1.701803,mid,20.20316,0.19696566,1.0453359e+16,75.490824,1.2235292e+17,2.1100468,mid,1.657144088353286
109,-0.25121598,low,15.209187,0.23890547,1.7064887e+16,36.433301,7.8040606e+16,3.6484019,low,-0.13228675884859592
1545,1.0778238,mid,19.374794,0.21835328,2623251300000000.0,89.862937,2.7639805e+17,1.7538072,high,3.4675043941072783
1013,0.3477154,low,17.105564,0.20731374,1204544700000000.0,43.707529,9.4470671e+16,1.6066062,low,0.3512514348581893
1241,1.4180304,mid,10.0,0.182608,7672044800000000.0,36.899216,5.7103319e+16,3.6867361,mid,1.3646874244646074
1319,0.54483346,low,16.299824,0.23564525,1.1337371e+16,57.69016,1.1377813e+17,3.7793705,low,0.3632059656167492
1395,1.5156923,mid,14.122827,0.26105477,3.9551973e+16,68.697491,1.6907232e+17,2.1765037,mid,1.4851391080470164
1419,-0.45908899,low,16.214729,0.23624836,1.2139363e+16,61.955738,1.1715204e+17,3.8878755,mid,0.8039415749335154
705,2.6611457,mid,16.629818,0.19209663,6028280400000000.0,88.694202,1.1352104e+17,2.5377043,mid,2.641824525125669
721,1.1123233,mid,11.391881,0.25450244,1303624600000000.0,49.629997,1.84621e+17,3.4961176,mid,1.2353283507420463
1208,1.4067104,mid,12.016928,0.19557243,3.7735189e+16,43.176222,1.925225e+17,3.644809,mid,1.4344728940814866
532,1.6188619,mid,12.274748,0.30276081,1.075805e+16,68.072471,1.9107161e+17,2.6585545,mid,1.522704902360145
34,2.0667034,mid,11.079144,0.29634293,3396580100000000.0,86.492044,5.5305578e+16,3.4788341,mid,2.043298251154772
370,0.75976611,mid,14.28858,0.28121558,1488006000000000.0,70.355805,8.8869588e+16,2.6198796,mid,0.9154574526201205
1308,1.3167262,mid,11.309072,0.18,1.1771214e+16,35.974581,1.1581681e+17,2.8633104,mid,1.286309683897589
1355,1.5023808,mid,14.345353,0.25597422,2.739073e+16,69.19234,1.3651046e+17,2.1901298,mid,1.4356486794715484
285,-1.2393838,low,16.037098,0.31140405,5406218800000000.0,83.608949,9.1132968e+16,2.881439,low,-1.2143676584576015
1412,1.2246215,mid,17.466846,0.23228968,5161957800000000.0,74.356008,6.6896262e+16,1.8211837,mid,1.2045808596941512
1340,1.1191105,mid,14.535881,0.30976824,1920412200000000.0,67.525973,2.2991334e+17,3.8517915,mid,1.1906313564266688
320,0.031310425,low,14.918962,0.26985666,3.7239704e+16,52.667004,6.9592094e+16,3.1863001,low,0.008628279644226855
533,-2.7611332,low,21.056369,0.30936277,1165416500000000.0,72.135153,7.8540608e+16,3.9975521,low,-2.677454028388946
709,1.0964716,mid,10.865937,0.23783883,4398957200000000.0,49.206912,7.3497052e+16,2.0481306,mid,1.1758092318094244
267,-1.1144653,low,19.289064,0.24469342,1.6353401e+16,37.923127,2.5879044e+17,2.0121777,low,-1.0299110521575838
50,2.2159466,mid,12.066409,0.19546829,7106879400000000.0,61.526119,1.7800813e+17,2.9614621,mid,2.2610119011037493
597,1.6663548,mid,14.02981,0.26558775,3.4606978e+16,81.296841,7.8644891e+16,3.9309911,mid,1.6111822693764029
1194,0.24722255,low,19.181366,0.20594234,3587178700000000.0,37.268225,4e+17,1.7265807,low,0.14701127318123347
1089,0.009234494,low,21.165754,0.20028286,1313044300000000.0,53.611885,5e+16,1.8437509,low,0.07891857527841595
1500,-0.16748303,low,19.413915,0.20249357,3230488100000000.0,40.561851,2.6544216e+17,1.9489685,low,-0.08997557522089283
451,1.2790485,mid,15.391518,0.27360359,1527615000000000.0,63.89155,2.5304481e+17,1.5962394,low,0.05208462530306507
937,1.2043413,mid,11.440617,0.25847307,5e+16,53.519031,8.8788473e+16,2.5406095,mid,1.2053039574145887
1141,1.2538729,mid,10.212361,0.19286265,9772840100000000.0,35.148893,6.9970392e+16,3.616228,mid,1.2666535572988271
586,0.50977714,low,17.138573,0.25986823,1.832834e+16,72.489727,8.3161875e+16,2.8669406,low,0.28529790633891283
663,2.0121485,mid,11.649307,0.30155034,1822460900000000.0,86.018769,6.5212772e+16,2.1543283,mid,2.0344169195793596
466,-1.1736255,low,20.997722,0.29549035,3372643700000000.0,80.659218,1.9578067e+17,2.0981477,low,-1.2497791071702458
1278,1.1318337,mid,18.881172,0.18,5287383900000000.0,51.187757,1.7371438e+17,2.5798718,mid,1.1053497307803435
501,0.52306871,low,11.69768,0.28531551,5366249100000000.0,38.736088,3.1709834e+17,3.8600539,low,0.5507859169858896
517,-0.2293822,low,17.904244,0.20260636,1533989900000000.0,42.95029,1.054636e+17,2.1050452,low,0.016741408455537177
235,1.0063464,mid,10.914843,0.24694918,6823421900000000.0,40.996063,1.2735312e+17,1.7190061,mid,1.0366630535059662
35,3.1712574,high,12.661466,0.23085284,1.9334664e+16,81.658655,1.7931873e+17,3.569769,high,3.171577673373682
1310,1.0199179,mid,11.868191,0.29372816,6666141600000000.0,54.938083,1.6636738e+17,2.468357,mid,1.0492257012078607
794,1.4587758,mid,20.134144,0.19024345,3.8942811e+16,74.557823,7.458429e+16,3.7310599,mid,1.4432889212403874
108,-1.6763519,low,17.975042,0.30073542,1.1005999e+16,65.246105,1.2925823e+17,3.2799499,low,-1.4209200732272047
1576,-2.5546878,low,21.180714,0.31221426,3.2825813e+16,57.55089,6.5030075e+16,3.7030655,low,-2.5089267433152176
1207,1.0692228,mid,10.459668,0.21540606,1201269200000000.0,35.0,9.1476023e+16,3.3144485,mid,1.0531100485915297
960,0.51746896,low,15.906941,0.18166675,4817870300000000.0,35.0,5e+16,2.7898585,low,0.4895808348809657
1445,0.63883192,low,18.142294,0.22259425,1.8902866e+16,70.452618,5.9637104e+16,2.3605721,mid,1.0093509960540232
368,1.1372189,mid,20.298907,0.19261,9371252000000000.0,73.517563,1.2433885e+17,2.0882986,mid,1.2693256146975267
132,2.0221092,mid,15.164924,0.18038985,9869552800000000.0,74.332418,9.1647417e+16,2.3445185,mid,2.0670790915563835
1529,0.22805239,low,18.742152,0.20227341,1160437700000000.0,44.246061,1.0304469e+17,1.9295176,low,0.11331514207963389
1428,1.2093989,mid,11.613001,0.18,1.6231287e+16,35.0,8.6961176e+16,2.9901957,mid,1.191904261887126
675,-0.83260544,low,16.78712,0.30977858,1.9029112e+16,84.425684,2.6852249e+17,3.8215964,low,-0.8373608127540625
868,1.4248579,mid,11.499197,0.21099403,5e+16,44.596197,1.6390531e+17,2.9792323,mid,1.3735366321521483
1127,1.4034144,mid,10.535889,0.19126796,1304012100000000.0,37.808996,1.1339646e+17,3.0998303,mid,1.3506533666702734
861,1.4766957,mid,10.215103,0.18337455,1.5795929e+16,38.631505,7.7851217e+16,3.8072668,mid,1.471566268612453
1244,1.1720862,mid,11.062026,0.19032399,4.4052743e+16,36.127187,5.91665e+16,1.8195029,mid,1.1570442876153832
262,1.599964,mid,11.860009,0.19374974,2358763300000000.0,43.922442,2.2920024e+17,3.5606355,mid,1.5127603352726229
1542,1.2029652,mid,11.67446,0.19062304,4.4240311e+16,39.159279,5.4037451e+16,1.5,mid,1.1612114184115008
985,0.080702192,low,21.009236,0.18402003,1.1637213e+16,42.740558,5e+16,2.7937176,low,-0.030715340455438805
358,-1.4276719,low,20.601234,0.23533478,1173425100000000.0,40.405857,9.0611063e+16,2.6924767,low,-1.367405946853553
1557,0.013750827,low,20.234517,0.20511982,4711346600000000.0,62.003353,7.8950616e+16,1.6306954,low,0.0691252864996727
1451,1.4259149,mid,16.494693,0.23585505,4.6884344e+16,73.33871,1.1854741e+17,2.165755,mid,1.3053263203711876
582,1.3187874,mid,12.158086,0.24688797,1.4755469e+16,54.227085,1.3825364e+17,1.9881013,mid,1.3238610816336192
101,0.41494378,low,21.390427,0.19237296,2539346200000000.0,56.431657,2.4986642e+17,3.8553064,low,0.4568287943737551
541,0.27082514,low,15.118414,0.21955155,1700705300000000.0,40.521706,1.3792635e+17,3.0648923,low,0.24188784812835734
1282,1.0224748,mid,12.608615,0.25349259,2.4669729e+16,58.172267,8.4571858e+16,2.7675385,mid,1.130707126776893
1274,1.1603756,mid,10.773886,0.19877531,4.4488318e+16,36.219979,6.8153485e+16,1.7537945,mid,1.1334057761568277
1037,1.0984912,mid,12.105909,0.20651138,2.4581683e+16,42.889233,1.1921134e+17,1.7293619,mid,1.1927929683387437
490,2.6214032,mid,13.513528,0.20764596,1.1159065e+16,85.855164,6.7902028e+16,1.8355358,mid,2.684051532962477
1223,0.82921545,mid,14.857751,0.18467443,1285660600000000.0,36.613163,1.7652979e+17,2.1339495,mid,0.8487506051791271
1225,-0.47134069,low,20.637249,0.19305192,1.6268983e+16,47.474664,5.3059742e+16,2.6993177,low,-0.29344223893312066
17,1.5640636,mid,13.096016,0.21485212,1354657300000000.0,56.373811,1.2209191e+17,2.8732645,mid,1.531846422077449
885,-0.24162106,low,18.460278,0.21960287,2.7646197e+16,76.915747,6.3647104e+16,2.1456378,mid,1.336914300056579
1506,-0.36226206,low,21.718389,0.2083231,2.215296e+16,39.468502,3.5585491e+17,2.3780421,low,-0.34014126959241114
1275,1.0319278,mid,15.281821,0.26296937,3.5318366e+16,65.72909,1.4242828e+17,2.3293694,mid,0.9522090618880954
909,1.4483086,mid,17.617165,0.21475539,1.9774995e+16,75.724622,7.4599622e+16,2.2800872,mid,1.4283049799547352
1099,0.70095546,mid,16.432962,0.20280107,1.4681567e+16,44.513824,1.6173182e+17,4.0,low,0.48228240457182037
1092,1.1030765,mid,18.593325,0.18168431,1390990900000000.0,51.01854,1.5927789e+17,2.0154785,mid,1.0887962805206368
1002,1.3015667,mid,11.101941,0.1832681,9797221800000000.0,36.434094,8.2479806e+16,2.8000331,mid,1.2575555070428168
481,0.091740458,low,18.676534,0.21444002,4.1540896e+16,70.285409,5.8353657e+16,2.2859698,mid,1.0188901840471525
1213,-0.44794412,low,18.389535,0.20224754,1328847700000000.0,39.086079,7.505363e+16,2.212352,low,-0.34537200475948937
1289,1.2322705,mid,11.317993,0.24946195,3.4648346e+16,51.23008,1.0555874e+17,2.5811877,mid,1.275447444277582
936,1.1173003,mid,12.409155,0.18,1.3872415e+16,35.0,8.8817145e+16,2.9821548,mid,1.1428392066920119
1596,-1.0806744,low,21.282589,0.22333925,3.3553339e+16,36.35032,5.1555166e+16,1.6315403,low,-1.0888042990138036
1587,2.037691,mid,20.064992,0.18350022,1339786500000000.0,82.941939,5.5454867e+16,1.5359136,mid,2.0006283033495404
1547,-0.91951739,low,21.544517,0.20374993,3869277400000000.0,37.823366,7.3656993e+16,2.3947346,low,-0.7663133362960602
67,-1.4668701,low,18.7463,0.28094924,4085857400000000.0,72.282278,2.759692e+17,1.7453717,low,-1.3805666005565442
1077,1.9056439,mid,10.0,0.18619068,1.3060647e+16,47.716879,9.6234561e+16,1.9383552,mid,1.8729239990246462
833,0.11728267,low,20.361062,0.19688722,1000000000000000.0,52.746529,5e+16,1.788733,low,0.10262067564008243
908,1.6314146,mid,10.83407,0.26363198,1675306400000000.0,54.33369,1.8988185e+17,3.7858261,mid,1.5739841195480442
701,1.5022567,mid,16.324446,0.26091284,2.9469936e+16,88.518695,5.4878644e+16,1.9277073,mid,1.4986434141530893
540,1.5171828,mid,13.7395,0.23351261,4256984500000000.0,84.80942,1.1170742e+17,3.7501999,mid,1.6320615628766562
128,1.0111262,mid,11.99317,0.24043121,1.0174145e+16,44.00204,1.5132584e+17,2.7829977,mid,0.9975338963984237
1552,0.39542883,low,15.259393,0.2206919,1399221900000000.0,38.549371,1.8246717e+17,2.4164362,low,0.3215859509373129
204,-2.2289476,low,21.515474,0.2803992,2087238100000000.0,42.057178,6.6661155e+16,3.7330859,low,-2.3125999934002017
1222,1.6016354,mid,10.724456,0.18,1.5966282e+16,40.197552,1.3743486e+17,3.0890137,mid,1.5695213228632534
157,1.8433912,mid,10.955269,0.24860852,1.4213301e+16,54.633948,2.5806793e+17,1.8415727,mid,1.8122368949802876
1048,1.529887,mid,10.837572,0.19110998,4.3077902e+16,39.808198,1.9817102e+17,3.008061,mid,1.5455444539617331
698,1.5451085,mid,12.766039,0.19479274,2.55815e+16,43.038839,3.6017381e+17,3.9766708,mid,1.5154721943036875
1418,1.2298851,mid,20.105834,0.18,4424830700000000.0,51.37742,2.5525181e+17,2.6672529,mid,1.2251806552033624
1158,0.48154474,low,15.672047,0.19119803,1.6340198e+16,57.102723,5e+16,2.55897,mid,1.0061070104147285
1368,1.3949151,mid,10.073101,0.18236824,1.5630636e+16,35.016695,1.0373383e+17,3.048793,mid,1.4005445263310572
1465,1.2181554,mid,18.361445,0.22698093,2.0741402e+16,74.54955,8.1154703e+16,2.4616085,mid,1.203155666498162
1131,0.47261676,low,16.427451,0.18886215,1.5849937e+16,46.672676,1.2520586e+17,3.7944283,mid,0.8230525723930167
530,0.25897608,low,14.24896,0.27396622,2.2097192e+16,50.810418,1.2353403e+17,1.974363,low,0.23140045942542337
432,-0.50080521,low,20.920603,0.27620285,3060671700000000.0,84.313991,1.6493078e+17,1.9413526,low,-0.6350893473052142
1420,0.57339771,low,14.771909,0.30992175,1565657500000000.0,69.263704,3.0293538e+17,3.7430763,mid,1.4137383239689263
1071,0.71300111,mid,16.62802,0.18194456,2.865598e+16,51.152012,1.1461011e+17,3.5707055,mid,0.9149064990487321
1352,1.6987165,mid,17.62107,0.21759032,6329075600000000.0,76.966336,8.6579636e+16,1.8384463,mid,1.6587833323097352
410,3.648119,high,10.462107,0.22207811,3550138000000000.0,84.079552,1.5459408e+17,3.1535764,high,3.6492879018959683
997,1.8441964,mid,10.0,0.20224669,3.4076128e+16,49.946739,9.6002718e+16,1.611644,mid,1.813278679352317
75,3.2519628,high,11.611521,0.24462764,4010782400000000.0,79.902794,1.9481431e+17,2.2674933,high,3.2491826185070445
405,1.5880515,mid,15.147897,0.25086992,2.8144724e+16,80.2796,7.7148695e+16,2.3323207,mid,1.614413071553868
814,1.3197473,mid,10.539976,0.19096086,1.1434805e+16,35.0,1.5545885e+17,3.0415777,mid,1.3310799043678174
1042,1.3266334,mid,10.671737,0.18609922,9444703100000000.0,35.437765,1.2483636e+17,2.9096991,mid,1.3177474321788183
798,2.0038652,mid,21.155405,0.19518257,2427447000000000.0,83.701634,9.3595928e+16,3.6602619,mid,1.9655261590540691
894,1.1112566,mid,12.849199,0.26274402,2.9251285e+16,62.019752,5.7893372e+16,2.5109456,mid,1.0593298715359327
4,-0.40636941,low,20.528626,0.21640369,1.8227259e+16,41.307441,1.5982579e+17,3.05036,low,-0.37267586634186195
352,1.2215311,mid,17.509334,0.22346338,1673681500000000.0,69.191862,8.7676683e+16,1.5727623,mid,1.242104891100728
1329,1.3763327,mid,11.172648,0.2474421,3.578156e+16,54.372172,7.5686045e+16,2.4306266,mid,1.3277239351708316
996,-0.19413774,low,21.752121,0.18799487,1.2066848e+16,56.87853,9.6260454e+16,3.3093263,low,0.07508584076934705
1466,1.2260001,mid,16.753407,0.18341133,4.9295088e+16,57.708664,8.5619491e+16,2.3369158,mid,1.2289869390724872
1488,-0.49943878,low,18.33934,0.21694549,1000000000000000.0,35.88443,1.3821961e+17,2.8212196,low,-0.4685748703983064
1371,1.5504892,mid,16.302592,0.23638013,4.6152945e+16,72.191204,1.3651734e+17,2.134745,mid,1.4552416928132117
146,1.2109103,mid,11.304963,0.31625002,2.2213794e+16,66.296199,1.1732206e+17,1.8493475,mid,1.2717612476850915
777,-0.43565915,low,18.778658,0.22374327,5588400000000000.0,39.587056,9.9384722e+16,2.7069949,low,-0.506501170487707
875,0.81807319,mid,15.810086,0.18,1152830000000000.0,42.603737,1.1096947e+17,2.6414122,mid,0.8160635363309313
505,1.0132062,mid,14.553738,0.23525257,1888272500000000.0,49.288204,3.9119358e+17,2.9027663,mid,1.0772293674691995
489,-0.19034855,low,21.787521,0.19345891,1202507100000000.0,43.411124,6.376065e+16,2.9880071,low,-0.25457529103214827
1189,-0.47116889,low,22.0,0.20966476,1544293900000000.0,48.71614,5e+16,1.9705609,low,-0.4885547878358436
559,2.7106605,mid,13.338133,0.21352938,3125126900000000.0,78.153587,1.1837458e+17,2.7960999,mid,2.693770191167253
386,-1.0196311,low,20.37181,0.26474796,3200409700000000.0,54.689712,1.9708809e+17,2.4759474,low,-1.1500733140656334
193,4.2389181,high,10.282141,0.18061049,1.9689502e+16,77.508976,2.770186e+17,3.273128,high,4.239707133030922
307,2.0502099,mid,17.886313,0.19936398,6892873700000000.0,68.313838,2.2533998e+17,3.8914149,mid,2.0393218560106687
437,1.7756267,mid,12.606769,0.19096081,5477517400000000.0,46.545521,2.6136136e+17,3.5406553,mid,1.7127500593339589
1006,1.2602046,mid,12.953229,0.19649375,2.4264883e+16,43.933005,1.0989674e+17,1.8005078,mid,1.1810360997348577
241,1.3665165,mid,16.332917,0.20828354,2.1285333e+16,68.491782,6.6772177e+16,2.8381015,mid,1.3403271026127637
461,3.1178543,high,12.93792,0.18801243,2152797900000000.0,86.193592,6.5636475e+16,3.6068881,mid,2.552051698521598
1067,1.3214036,mid,11.129367,0.19463681,1238012000000000.0,37.061296,1.640056e+17,3.4728812,mid,1.2798166934978286
869,0.075967816,low,21.709623,0.19505366,1063161400000000.0,49.090637,5.4667757e+16,1.8185066,low,0.010699930207337727
849,1.1339077,mid,11.731267,0.18599325,1.0488198e+16,35.0,8.5276123e+16,3.6319223,mid,1.1424183644210095
0,0.62686105,low,19.097362,0.23938862,2.7118402e+16,63.431568,1.563687e+17,2.3954317,low,0.4109840065275935
1377,1.4472138,mid,19.67493,0.20242371,1.1069329e+16,73.812233,1.2183506e+17,1.8710412,mid,1.436289329717207
203,1.7530388,mid,10.263839,0.26154623,5706993200000000.0,57.107711,1.3467473e+17,3.108367,mid,1.6795785256817393
872,0.20907936,low,17.32338,0.19811098,6268276400000000.0,37.079005,8.5790708e+16,2.7120433,low,0.18271195286080144
557,-0.38283661,low,16.834565,0.24348441,7715552900000000.0,44.174707,8.8093066e+16,3.8224483,low,-0.2860626733986921
1337,1.5720779,mid,19.340645,0.19696667,8523150300000000.0,77.467551,1.1692096e+17,2.1210372,mid,1.6975629428462446
1346,1.1916366,mid,17.936582,0.18981397,5e+16,58.795567,1.099814e+17,2.2533676,mid,1.1237395901921199
1499,-0.26520263,low,17.925459,0.2460369,4.3364519e+16,73.65191,8.7177191e+16,2.6444759,mid,0.9074762470582791
681,0.91081714,mid,10.135447,0.31369384,2.2325026e+16,45.967464,3.4477411e+17,3.8853938,mid,0.9250867904205538
222,4.0411818,high,12.955759,0.21748892,5533729600000000.0,80.634863,3.3329074e+17,2.1484156,high,4.039695760820171
526,3.8141206,high,12.676354,0.27984623,2052603300000000.0,80.937648,3.757721e+17,2.3133733,high,3.816743997824422
995,1.1699075,mid,20.023983,0.18926197,5349374300000000.0,53.401337,2.4127122e+17,2.679483,mid,1.142305377825463
1287,1.1202133,mid,12.068601,0.2819482,3503332300000000.0,68.436717,8.0262382e+16,3.5050549,mid,1.2821812784188742
958,0.21190515,low,21.926941,0.18273648,2025874000000000.0,36.414562,3.7399226e+17,3.7470262,low,0.2138252121617002
1000,0.25243381,low,16.658243,0.19310439,6430559300000000.0,35.0,5.2404541e+16,2.7792506,low,0.24708998421162742
158,0.85881136,mid,12.627856,0.26342363,4.1929629e+16,56.451468,6.6972003e+16,2.2009519,mid,0.8913960679182762
1004,1.4543206,mid,10.0,0.20049927,3.2689425e+16,42.024887,5.4355314e+16,1.6548679,mid,1.3943510768915925
897,0.93016515,mid,18.278514,0.22033297,2.4989451e+16,73.946277,6.2940667e+16,2.3744729,mid,1.0329865534188645
1021,1.2091841,mid,11.491302,0.18,1.1622545e+16,35.0,7.0724261e+16,4.0,mid,1.2051613606302038
1019,0.35204758,low,16.640042,0.20704445,2.0091712e+16,41.92988,9.9009749e+16,3.8423079,low,0.2972660904995075
810,1.3833792,mid,12.03741,0.19647292,2.1329336e+16,43.234588,1.2104496e+17,2.0391272,mid,1.3155938025824305
1126,1.0698967,mid,13.673024,0.18844189,4.4066461e+16,40.547025,9.2714408e+16,1.749893,mid,1.0779547571157386
295,0.63050229,low,14.562221,0.29745306,1687689700000000.0,70.911186,9.2426015e+16,2.4198531,low,0.605702135847148
1342,1.2888711,mid,12.430692,0.26212605,2.4693658e+16,61.222222,8.1898674e+16,2.673506,mid,1.1993608495061099
6,0.8659524,mid,19.496508,0.23006685,1.0008965e+16,57.540414,2.8926393e+17,3.8036723,low,0.02408769635320812
464,-0.667592,low,14.210764,0.29338716,2280490300000000.0,37.734593,5.902621e+16,2.6277619,low,-0.5190593990837928
434,1.8592628,mid,13.067285,0.23222563,3325107800000000.0,71.077916,7.7578766e+16,3.3509907,mid,1.7247694110107372
850,1.0617654,mid,13.099167,0.18,1.4495861e+16,35.0,1.1258664e+17,3.0398234,mid,1.0753775836218482
614,-0.5957588,low,21.977616,0.21197843,1.4269204e+16,41.916633,9.0686238e+16,2.4965766,low,-0.6645448466554119
634,2.0233268,mid,10.515678,0.26136313,1.3906663e+16,78.830391,7.0785048e+16,3.9867612,mid,2.0461136822805184
901,1.3779808,mid,11.495896,0.25968716,3.7680425e+16,56.132269,1.1600462e+17,2.5937483,mid,1.3084604619068625
500,-1.4532543,low,21.559133,0.24106384,7413871100000000.0,46.472374,1.5563089e+17,3.5072284,low,-1.4215360151819523
1316,1.3967484,mid,16.776915,0.18,1688179200000000.0,51.831352,1.5794524e+17,1.9817923,mid,1.2997930549796863
104,2.5267139,mid,10.406451,0.18174152,3.2432698e+16,52.717884,2.7494221e+17,1.9081428,mid,2.548426303865999
859,0.75945928,mid,15.984305,0.20570787,2.4657332e+16,48.223162,1.1097454e+17,3.7690375,mid,0.7544830711443105
29,-0.42266184,low,18.21095,0.2257239,1064758900000000.0,43.861029,6.1868109e+16,2.4451959,low,-0.39217339158357056
1520,0.29282167,low,19.649553,0.19772189,2210749000000000.0,38.348789,3.2383173e+17,1.9128282,low,0.1929608583023159
478,0.56550118,low,21.840754,0.19297333,1.5631727e+16,59.470724,9.6577069e+16,3.4930812,low,0.4615688367703894
1394,1.3392844,mid,10.352665,0.18734858,4.0947668e+16,37.471568,6.2731999e+16,1.7799437,mid,1.3732825264696675
760,1.5505262,mid,17.72128,0.23146779,2.366728e+16,75.257297,1.3157023e+17,1.8092002,mid,1.5043963027168687
1375,0.9041167,mid,14.886484,0.2568624,2.2927313e+16,71.680125,1.4273228e+17,2.1540928,mid,1.0369571913574311
964,1.3337803,mid,10.683188,0.18982952,5e+16,39.462045,5.4509286e+16,1.8944116,mid,1.3108880656683668
335,0.56578438,low,18.796971,0.18618531,4151506400000000.0,50.969395,1.7360057e+17,3.7002149,mid,0.9928132466993723
1511,-0.69844041,low,21.52794,0.21472341,1.4511329e+16,39.842226,9.2127408e+16,2.3278681,low,-0.7661713798303497
1493,-0.29414021,low,18.154164,0.22075048,1021584500000000.0,43.074904,5.4272823e+16,2.2859084,low,-0.31494957108829197
84,0.22318601,low,12.573566,0.30813201,2.9555273e+16,47.212735,2.0300263e+17,2.9067107,low,0.25505255380582825
1349,1.4101973,mid,11.944804,0.25066618,4.3463336e+16,56.559612,1.2064617e+17,2.7913723,mid,1.3731095518861467
1201,1.4075234,mid,10.016663,0.1830697,1.1632065e+16,35.354982,1.0215601e+17,3.8515794,mid,1.3943870136006202
552,-0.34544985,low,19.887238,0.21528412,4857222000000000.0,61.963277,6.4428636e+16,1.7277766,low,-0.10671659254078991
264,0.17814372,low,20.281758,0.21659337,2.1018482e+16,56.727715,7.4840547e+16,1.8549676,low,0.15599008671186737
1405,1.2133586,mid,18.432526,0.22567818,2.0094334e+16,74.451557,7.9610898e+16,2.2797155,mid,1.2306435715817388
715,1.836665,mid,12.564033,0.21249549,4206918600000000.0,59.61986,2.1329818e+17,2.4653794,mid,2.0272653260020843
509,3.230182,high,13.449412,0.21718988,4.608765e+16,86.573493,1.6425158e+17,1.9925585,high,3.230175934255945
1521,-0.47917654,low,20.181329,0.22394567,4.0320842e+16,43.922971,9.8591567e+16,1.7568476,low,-0.52843220667938
315,2.1217536,mid,20.579614,0.22407373,9251624900000000.0,71.105386,3.3811717e+17,3.9630331,mid,2.055078310987878
1483,-0.68965422,low,19.163675,0.21464031,2.0600594e+16,35.748086,1.2270779e+17,2.4526145,low,-0.5181735187837861
851,0.85448493,mid,14.708551,0.18,1292374600000000.0,35.947776,1.5772672e+17,2.4639626,mid,0.8266087484944459
1303,1.4098352,mid,10.035923,0.23823909,1039762400000000.0,47.597552,1.5553204e+17,3.6706014,mid,1.4375189152994599
1060,0.26998983,low,17.495252,0.18448705,8379767800000000.0,35.0,5.0691608e+16,3.0481395,low,0.278117560029402
1243,0.64890873,low,14.291906,0.19665336,1000000000000000.0,35.0,1.492208e+17,2.3010233,mid,0.7425442066705645
1178,0.82847354,mid,15.825102,0.19543293,1.9304895e+16,48.645952,5.8602162e+16,2.9625509,mid,0.7684015407637802
159,2.5306603,mid,13.451202,0.23373193,1.0641217e+16,85.591925,7.7275584e+16,2.5235993,mid,2.3823752771038134
1101,1.3326104,mid,10.691204,0.19269708,1.7286488e+16,38.827119,7.1748391e+16,3.6921001,mid,1.2772269616258476
848,0.42097337,low,15.522524,0.19428137,5355098300000000.0,35.0,7.3514593e+16,2.9191854,low,0.3556608170399217
426,0.83585722,mid,11.954613,0.2966198,2.274809e+16,57.403402,1.098179e+17,3.9182993,mid,0.933446435739529
737,0.68435946,low,15.043337,0.28659916,1.1085124e+16,71.591052,1.2011029e+17,2.6406411,mid,0.8994032835528054
963,1.119404,mid,14.121182,0.18,1373181000000000.0,40.557096,1.4561148e+17,2.380299,mid,1.058580234853181
880,1.6394531,mid,14.199774,0.309795,1633792800000000.0,67.964173,3.1285765e+17,4.0,mid,1.5283957217092121
1415,1.4531677,mid,14.535446,0.24927587,3.2213807e+16,67.818897,1.3461246e+17,2.3171214,mid,1.3986958299349355
100,1.2617723,mid,14.962161,0.25346595,4624184500000000.0,74.523234,6.4542541e+16,1.9559064,mid,1.2052207870208447
1458,0.9618905,mid,21.056671,0.18,3749447100000000.0,54.052944,2.1846995e+17,2.504729,mid,1.070185223025951
761,1.1785487,mid,11.947475,0.19584736,1.5962107e+16,42.673439,1.4758391e+17,2.2043961,mid,1.3228381976003738
916,1.1343687,mid,13.939564,0.3063732,1371764400000000.0,64.219935,2.7437386e+17,4.0,mid,1.1748587834945305
968,1.3115973,mid,11.487739,0.20674419,5e+16,40.764728,1.7352643e+17,3.617604,mid,1.3219894584544039
243,2.0133707,mid,12.984989,0.2908188,2.4986e+16,78.563866,1.4816237e+17,3.3142205,mid,2.0112295668682165
590,1.0089535,mid,18.614051,0.18476561,1245848800000000.0,49.142902,1.8632051e+17,1.9970402,mid,1.056238249601476
1055,0.52921509,low,20.869429,0.18,3926420700000000.0,44.639721,1.9689719e+17,3.0155286,low,0.4224201089069083
1471,0.906225,mid,17.18101,0.24713459,4.9425741e+16,77.39926,1.2140728e+17,1.9184867,mid,1.0688294894911552
1591,0.23872532,low,19.368827,0.20447094,1357570800000000.0,49.54926,5.7703019e+16,3.7893334,low,0.18396462549079556
677,1.0927926,mid,12.424467,0.26257444,2.5620713e+16,58.647742,7.6748277e+16,2.4886344,mid,1.1024152757256604
1477,2.0617546,mid,19.585822,0.19227934,1.0870921e+16,74.419487,1.4711897e+17,2.2149988,mid,1.9165928150930545
346,-1.4078024,low,16.889119,0.29983764,1119700300000000.0,50.362555,8.9257658e+16,2.7564532,low,-1.2949526817044108
549,1.100107,mid,14.239514,0.30832761,1814051300000000.0,64.989769,2.8164317e+17,3.9656815,mid,1.0936596490531252
780,3.0094254,high,12.908849,0.23247134,3472160200000000.0,88.36491,1.0344501e+17,3.4146361,high,3.0071603950828223
1214,0.58541849,low,16.973071,0.20252178,3202829400000000.0,37.842578,3.4551148e+17,1.7440262,low,0.5340133017670595
263,1.0046115,mid,10.819721,0.28682397,1.3244877e+16,44.789797,2.2285287e+17,3.3667472,mid,1.0343104074777008
1365,1.4603339,mid,18.179539,0.2081484,2.4497209e+16,73.924304,7.038505e+16,2.4219024,mid,1.454676026477346
1271,1.5213214,mid,16.044566,0.24607835,3.6906014e+16,75.688051,1.1849563e+17,2.2524469,mid,1.4754233394439065
430,2.2555455,mid,12.401065,0.29902608,2.9181437e+16,85.524086,1.5347333e+17,3.7169756,mid,2.213325390769202
189,-1.4575826,low,18.571532,0.26948401,3.989406e+16,66.837806,8.1035854e+16,2.1731484,low,-1.2653684518623654
332,-0.79226236,low,15.834105,0.31537671,2576805800000000.0,54.417349,3.8685798e+17,2.7802424,low,-0.8001874307887444
1286,1.2452387,mid,17.0883,0.18542079,5e+16,57.953647,8.2926248e+16,2.4536969,mid,1.1915711743459099
86,3.4515585,high,11.841679,0.27349024,1.8404851e+16,79.662533,3.2803729e+17,2.9055484,high,3.449916643719234
251,3.3718897,high,10.285097,0.2595374,2934742500000000.0,82.670848,1.8332046e+17,1.9798783,high,3.373678686214791
1563,3.6150057,high,12.168517,0.29368756,1518287000000000.0,85.081649,2.8374127e+17,1.5739391,high,3.6164366432660784
1427,0.68385646,low,12.78351,0.29836725,2833393000000000.0,66.832961,6.8643016e+16,3.4917984,mid,1.1083689652872184
647,5.0383274,high,14.398929,0.18507855,2164047100000000.0,83.416893,3.792759e+17,2.5618195,high,5.036050771062685
1150,1.558663,mid,11.315067,0.20435054,1.9118272e+16,46.891434,1.1310886e+17,2.3078082,mid,1.5408547184190873
225,1.0468847,mid,14.455145,0.25588053,1969145700000000.0,75.514714,1.0643094e+17,2.6900252,mid,1.1829391322842189
1254,0.35978095,low,18.42148,0.18653802,2562251300000000.0,35.0,2.8103437e+17,2.1603419,low,0.370396936754949
1106,1.2833816,mid,12.920022,0.18386978,3.4693741e+16,42.192056,9.5003418e+16,1.9530376,mid,1.263955969537373
112,-2.8803125,low,21.914144,0.32894797,1193352200000000.0,42.834516,1.1206346e+17,3.3645167,low,-2.8918827951241197
666,0.75842818,mid,13.047495,0.25642253,2555264400000000.0,49.685909,1.4979749e+17,3.9253584,mid,0.8107573152851155
1272,1.1058036,mid,16.432026,0.23610614,5572866300000000.0,75.746832,1.0021071e+17,1.8408617,mid,1.246043015625284
342,2.1623728,mid,16.525753,0.21141638,2.3369039e+16,75.861932,1.7300202e+17,2.0563227,mid,2.1854677754353737
904,-0.39909329,low,14.155059,0.30002876,2105146800000000.0,62.776871,2.9550556e+17,4.0,mid,1.0977041636434834
951,4.1844863,high,19.401195,0.18113087,3.9789845e+16,83.216202,3.7087216e+17,1.7506491,high,4.181482063538785
1430,1.0015967,mid,12.099485,0.30067853,7982333900000000.0,55.552351,1.7567978e+17,2.6396956,mid,0.9782367593911572
471,0.85297066,mid,20.151101,0.22749191,4715979100000000.0,73.793651,2.4415863e+17,1.9613935,mid,0.9942257174189039
592,3.0053086,high,17.235276,0.20897666,1.9554061e+16,87.544854,1.5908409e+17,3.1159718,mid,2.858645652979027
1265,1.2077883,mid,18.617541,0.21598685,1.6985165e+16,74.787651,1.0293081e+17,2.4473007,mid,1.2908272654177086
1501,-0.67541959,low,20.819595,0.22711748,4.2191952e+16,43.990677,8.7413126e+16,1.6662418,low,-0.6938865572757955
138,-1.5930718,low,17.035963,0.31019622,3.4055978e+16,75.927035,8.7349737e+16,1.892393,low,-1.586167265587738
703,1.2053059,mid,13.754743,0.26360189,1667505900000000.0,56.144637,2.7817278e+17,2.7408923,mid,1.2331026243671972
95,-0.16246639,low,13.505128,0.29566495,9118715300000000.0,81.020388,5.265776e+16,1.9449856,mid,1.9023187232981091
605,-0.90745383,low,19.464649,0.22959651,2.7666973e+16,35.325676,7.8335468e+16,3.345028,low,-0.9305642879198989
1452,0.67516601,low,16.708389,0.22636563,4630372800000000.0,75.117895,8.1111908e+16,2.1753118,mid,1.3631486534453046
1036,0.40676435,low,22.0,0.18747644,1.4361411e+16,56.396914,9.0421534e+16,3.5911426,low,0.44682149669651416
1066,1.3004013,mid,13.024874,0.19272315,4.0228147e+16,44.766378,9.7766659e+16,1.6311249,mid,1.1939441687122712
820,1.404003,mid,11.906673,0.18948064,5e+16,40.124868,1.9801279e+17,3.3076796,mid,1.4261035602276735
1538,1.6069303,mid,10.511043,0.21185024,2.6682549e+16,48.377344,8.4449964e+16,2.2551609,mid,1.6262730755674264
201,0.64830609,low,13.839941,0.22492625,4.0670559e+16,48.986301,1.2409074e+17,3.5956344,mid,1.0506872331563202
836,0.28283777,low,16.98471,0.1891009,4470723700000000.0,35.0,5.640649e+16,2.9181909,low,0.22135711461889573
1052,1.453301,mid,17.290223,0.18,1463537700000000.0,49.103884,2.6178465e+17,1.8513055,mid,1.4265128793088706
956,1.106309,mid,11.178686,0.2070085,4.3805132e+16,38.938622,5.0197519e+16,3.8767387,mid,1.1023247522825077
168,1.5471777,mid,11.823091,0.23642605,3.2620667e+16,59.34051,1.045072e+17,2.2065122,mid,1.4836277147660872
1523,-0.45193685,low,19.41247,0.21990246,1.6628027e+16,38.175741,1.5057456e+17,2.2014112,low,-0.49940160182829424
775,1.6128226,mid,13.594291,0.28615846,9637610900000000.0,68.173551,2.8893127e+17,2.2978145,mid,1.6373313156033888
1174,-0.44027025,low,19.704526,0.22126538,2490559700000000.0,35.277732,2.9926446e+17,1.6439046,low,-0.42240087079281075
1102,1.4387431,mid,10.767987,0.18,1.5523173e+16,37.750402,1.1027363e+17,2.6706662,mid,1.4167261036431857
1510,0.50035179,low,18.168898,0.22192622,1934513000000000.0,68.338054,8.990469e+16,1.5,mid,1.16514654431587
413,1.5659219,mid,12.856328,0.20519756,6192181800000000.0,50.68546,2.9260085e+17,3.8749854,mid,1.6246033624830327
369,2.0661879,mid,10.197983,0.24735138,1563404100000000.0,82.777066,7.5511257e+16,3.7233587,mid,2.1221277928393745
523,-2.0839374,low,19.47287,0.30258032,1057293000000000.0,57.862235,3.4963438e+17,3.7840031,low,-2.0282535474705554
445,-1.4572384,low,20.099581,0.25128886,5931110700000000.0,81.215556,1.9014322e+17,1.9140774,low,-1.3476115239980897
518,2.381174,mid,10.243307,0.2792832,7188221900000000.0,68.460472,1.8889829e+17,1.7575732,mid,2.3603682965543147
1468,1.339118,mid,10.743542,0.18,1.1201406e+16,35.0,1.1844118e+17,2.8507564,mid,1.3382935701230343
1350,1.2494698,mid,11.888622,0.29241546,6685250900000000.0,54.749036,2.3195461e+17,2.9398782,mid,1.2116931602186387
854,1.0320543,mid,12.914237,0.18453549,2.4748652e+16,35.0,1.1592758e+17,1.6096519,mid,1.0580036116122196
625,0.01445499,low,13.078206,0.27713658,1.4683518e+16,36.758248,2.4227481e+17,1.9014851,low,0.05008135721148377
585,-1.8983264,low,21.488915,0.29599237,1512502300000000.0,57.453659,1.015167e+17,1.7671548,low,-1.9411320297221182
1292,1.5196666,mid,18.477868,0.221284,5838200200000000.0,76.146312,9.8020855e+16,1.9389526,mid,1.4833401149328562
1398,0.88906921,mid,20.654144,0.18,5227108100000000.0,49.639671,2.0601288e+17,2.3697794,mid,0.9367637383007319
1125,-0.70190602,low,22.0,0.20098675,1.9827886e+16,44.192709,5e+16,2.8681794,low,-0.5699976547916226
1411,1.4134603,mid,16.804335,0.24943435,4.2825873e+16,78.277048,1.0417376e+17,1.9931098,mid,1.3706656642069093
1302,1.3116657,mid,11.601114,0.25863031,2.0790879e+16,57.426352,7.2064869e+16,2.5171034,mid,1.1871530370962158
726,0.5423891,low,13.606288,0.24233899,1.3688561e+16,43.324189,1.6128597e+17,3.8784538,mid,0.8333112793875361
819,1.336778,mid,10.701657,0.19079894,1337171500000000.0,37.763423,8.6661957e+16,3.1725903,mid,1.2600424209716952
207,-0.88474344,low,18.450118,0.25573744,2617974000000000.0,61.112764,5.3593497e+16,3.7061097,low,-0.8158433994473049
1517,0.59159523,low,19.510618,0.21368192,3606879700000000.0,60.618196,6.9317235e+16,1.8960402,low,0.4680533736225603
902,0.95919727,mid,11.069847,0.29837627,8740180000000000.0,50.924643,1.4938834e+17,2.7140591,mid,1.0227044457296537
416,1.5254445,mid,10.740472,0.20856514,1.8063269e+16,48.736028,9.1594312e+16,3.6879907,mid,1.5452036627323178
589,-0.33028493,low,15.037879,0.27268331,4412667200000000.0,48.59861,6.8566177e+16,3.6720545,low,-0.21251677153074316
684,2.0337909,mid,13.913213,0.25596324,3.610976e+16,80.445543,1.4251748e+17,3.1105591,mid,2.0797766184747077
1024,1.2599608,mid,10.686495,0.19018314,4.1765706e+16,42.922154,6.4931255e+16,1.5,mid,1.3277226702459943
1142,1.4077763,mid,10.0,0.18007612,1.5818145e+16,35.0,9.5485292e+16,2.5969148,mid,1.4244670285741583
12,1.0162467,mid,17.316213,0.23968807,2.728419e+16,69.611121,9.9188736e+16,3.4304762,mid,1.0003141350932858
1460,0.93038614,mid,14.375793,0.31406893,2475534400000000.0,64.155665,2.409996e+17,4.0,mid,0.9604808712576496
1124,1.3265172,mid,10.458793,0.20514425,3.1308318e+16,41.349821,5.5531597e+16,2.1268679,mid,1.3261799670251684
1314,1.1010658,mid,11.585825,0.19664277,4.0854523e+16,37.603426,5e+16,1.7622556,mid,1.1144590891032649
404,-1.4362568,low,21.863828,0.23657906,4.6474323e+16,45.672018,1.3227517e+17,2.8229363,low,-1.4133699713181862
90,2.2954816,mid,10.071047,0.30343743,1759815600000000.0,79.22816,8.6395022e+16,3.7653447,mid,2.1965956356411
252,-2.3313743,low,19.427263,0.30804644,7043484700000000.0,61.907742,1.666427e+17,1.6158123,low,-2.29778233174545
920,1.601508,mid,10.588574,0.24591651,1256278300000000.0,50.115533,1.7670036e+17,3.4519125,mid,1.5302679852917662
87,1.03229,mid,13.383763,0.30758803,2.6800967e+16,71.287734,1.0810382e+17,2.6759713,mid,1.0288767646882895
1054,-0.48078435,low,19.566109,0.20054051,2072426300000000.0,40.126159,3.2813085e+17,1.6006468,low,-0.31809410527479287
927,0.96498217,mid,16.321944,0.24575958,4.1910148e+16,75.842029,1.0135358e+17,2.0229515,mid,1.028016362021076
1440,0.46408311,low,14.693376,0.31785603,1948921900000000.0,66.935317,3.2972478e+17,4.0,mid,1.2556052243498483
1489,0.24520186,low,17.786231,0.21045499,1848919200000000.0,44.355426,1.0805713e+17,2.127064,low,0.14888779333658436
353,-0.49179176,low,19.346793,0.21601039,5339652100000000.0,35.359897,1.1128121e+17,3.336316,low,-0.5268056526340117
376,2.050187,mid,13.289451,0.18910238,4665107700000000.0,57.033694,2.1411977e+17,3.4711286,mid,2.0368031092752235
1143,0.84799456,mid,15.360777,0.18032865,1000000000000000.0,39.257614,1.1198556e+17,2.8090076,mid,0.8054031783869164
1332,-0.36678833,low,17.767391,0.22342425,3502573300000000.0,76.614632,7.4966265e+16,1.8552391,mid,1.542059480972271
254,3.2755643,high,11.27829,0.26159532,1022708500000000.0,80.390875,2.3027204e+17,2.6093597,high,3.2778909248219095
165,1.4830133,mid,15.229622,0.19931215,1957471700000000.0,53.681316,2.1898052e+17,2.5037378,mid,1.4066754971859259
1039,0.90658127,mid,15.647995,0.20462662,1.9077175e+16,46.772794,1.6721391e+17,3.7848123,mid,0.8659312634285654
1003,0.82868868,mid,14.564185,0.19301545,1031972300000000.0,39.712314,1.4673053e+17,2.8225543,mid,0.8382035896210471
421,1.0260233,mid,20.390311,0.18983712,2021862900000000.0,64.837952,5.5684523e+16,3.2647364,low,0.2531709233396674
511,2.302042,mid,10.98664,0.2071599,2033813600000000.0,59.487281,1.9412192e+17,3.6505834,mid,2.3399682373347366
1045,-0.44879939,low,20.773736,0.18670756,2.1515813e+16,42.66968,6.5586267e+16,2.9388033,low,-0.3088669964451731
1220,0.13357745,low,16.909215,0.19846762,9362469300000000.0,35.0,5.0956512e+16,2.7168821,low,0.1448490482544308
149,1.1919388,mid,15.264717,0.27324282,2.0898678e+16,86.53583,6.480328e+16,3.3568111,mid,1.2487205035878295
547,1.7509552,mid,11.879862,0.21792199,1033116100000000.0,47.602416,2.8376192e+17,2.0193117,mid,1.6725440475947928
178,2.0090319,mid,19.408246,0.18329939,1606895200000000.0,85.209738,6.1623183e+16,3.6459032,mid,2.0063916943824536
143,1.1605734,mid,17.770291,0.19163286,4426995100000000.0,65.381939,6.0429543e+16,2.6658576,mid,1.2309356918867205
1453,1.3377455,mid,16.67195,0.24037266,1.2451475e+16,67.325536,1.8122744e+17,3.7202558,mid,1.257187491852376
323,0.23137264,low,14.663484,0.24715089,7259151100000000.0,64.243501,1.8005223e+17,2.2494668,mid,1.4882668882042238
1005,0.070261073,low,20.116099,0.18,1.1969683e+16,43.74623,5.3692399e+16,2.6530758,low,0.09823219347014411
343,0.075815353,low,13.22436,0.27952663,2241643800000000.0,39.825979,1.3756716e+17,1.6282742,low,0.0679005471912853
570,-0.84733837,low,15.69772,0.3047773,4.1190118e+16,73.651298,1.0831956e+17,2.5677437,low,-0.7972960428149161
280,-2.6806415,low,20.217356,0.31892058,2.3276385e+16,45.211024,6.3854439e+16,2.0456464,low,-2.731557115569598
903,0.80314042,mid,15.673591,0.23427218,4.4466326e+16,75.908657,1.31732e+17,1.9420362,mid,1.0086487575488834
1589,1.5081479,mid,10.357592,0.21000834,4.4475372e+16,46.718538,6.8360986e+16,3.9725677,mid,1.4687464692713925
1156,0.41923636,low,22.0,0.20481201,1.6052659e+16,58.76511,1.1373729e+17,3.089254,low,0.31674825599919143
419,1.4405323,mid,10.649341,0.30126086,3852013400000000.0,50.948098,3.2538104e+17,3.6909711,mid,1.371486003654948
1104,1.4636961,mid,10.0,0.19355419,2.2447613e+16,40.792622,5.0871964e+16,1.7020213,mid,1.4489876407032962
555,3.0408153,high,15.575791,0.26881299,9544334100000000.0,88.315176,3.2012679e+17,2.7300611,high,3.042378316575335
1001,1.3205007,mid,10.240575,0.19355559,1.6798487e+16,37.308514,6.4296736e+16,4.0,mid,1.3271029486315966
444,-0.38672304,low,15.548884,0.25411643,6373927900000000.0,72.932837,2.1227093e+17,3.4375267,mid,1.3124908712646528
73,-1.3632638,low,18.491583,0.30572851,9843675000000000.0,65.165542,1.3633507e+17,2.4819821,low,-1.5529548077647868
18,2.5070552,mid,11.321364,0.21420937,1.4831308e+16,58.70631,2.9936386e+17,2.7597735,mid,2.482156571060804
1033,0.23503899,low,17.763679,0.19068785,1589726500000000.0,37.963303,1.0960772e+17,2.4372111,low,0.2227725552652014
1140,0.31825601,low,17.051855,0.19090244,5935261800000000.0,37.420727,5.0894588e+16,2.9429213,low,0.24359217978223763
642,1.0289179,mid,12.916647,0.19319193,3.1073006e+16,41.067482,1.1273118e+17,1.6729698,mid,1.131446127080349
318,2.3800672,mid,17.592035,0.18454511,4544020400000000.0,77.042049,1.2236584e+17,2.364662,mid,2.3965219347859827
135,0.77648566,mid,10.312087,0.30291728,9099879100000000.0,53.939335,5.3363373e+16,3.3160448,mid,0.7954499720286271
