sample_id,converged,fail_reason,runtime_sec,vth_v,vth_flag,gm_max_s_per_mm,ron_ohm_mm,idsat_a_per_mm
0,1,,147.491,0.62686105,bracketed,0.066230659,4.4618158,0.11212084
1,1,,156.554,0.03125,lt_min,2.59E-05,43.970109,0.010100068
2,1,,185.838,0.6288864,bracketed,0.065555944,7.9012735,0.057304462
3,1,,123.413,-1.875,lt_min,1.75E-05,32.367118,0.01076786
4,1,,240.138,-0.40636941,bracketed,0.15313729,3.9482595,0.28597348
5,1,,174.042,1.3526524,bracketed,0.055336216,4.669422,0.67634785
6,1,,205.35,0.8659524,bracketed,0.067004917,5.1452934,0.16714276
7,0,empty_output_log,290.964,,empty_output_log,,,
8,1,,170.793,2.0592557,bracketed,0.096230057,5.3827121,0.36451668
9,0,aborted,285.951,0.70191049,bracketed,0.070856952,5.0805915,0.084399927
10,1,,173.096,0.065541655,bracketed,0.48771188,4.1143188,0.81965121
11,1,,145.295,0.14990015,bracketed,0.12091743,4.2115457,0.26313717
12,1,,148.62,1.0162467,bracketed,0.046561625,5.889662,0.09900763
13,1,,134.314,-0.75,gt_max,5.80E-06,6.5494696,0.42316533
14,1,,144.311,0.50442473,bracketed,0.14025935,4.4339908,0.44857111
15,0,empty_output_log,90.938,,empty_output_log,,,
16,1,,137.892,1.1343771,bracketed,0.03848547,8.7630506,0.050778162
17,1,,99.927,1.5640636,bracketed,0.12039184,4.9655732,0.36009558
18,1,,118.064,2.5070552,bracketed,0.071653808,5.795821,0.33534376
19,1,,154.927,1.0876579,bracketed,0.17150145,4.800022,0.30523022
20,1,,71.686,-0.75,lt_min,2.27E-06,47.588296,0.009026863
21,1,,52.241,-2.25,lt_min,8.56E-06,24.523408,0.012450277
22,1,,175.557,1.7714043,bracketed,0.017911426,9.8006628,0.060003618
23,0,empty_output_log,128.361,,empty_output_log,,,
24,1,,270.152,2.0043388,bracketed,0.023886079,23.611779,0.021591226
25,1,,145.258,-0.65625,lt_min,7.89E-05,6.6587828,0.05099081
26,0,empty_transfer_log,51.659,,empty_transfer_log,,,
27,1,,165.636,2.610847,bracketed,0.087114593,8192.9096,0.000525781
28,0,empty_output_log,109.413,,empty_output_log,,,
29,1,,245.872,-0.42266184,bracketed,0.085213318,3.5213577,0.22193632
30,0,empty_output_log,136.719,,empty_output_log,,,
31,1,,291.185,-1.3758003,bracketed,0.13576928,4.6078808,0.14005452
32,1,,309.003,2.1024938,bracketed,0.15286251,9.3975058,0.035529258
33,1,,132.259,1.0129434,bracketed,0.033161651,8.1125569,0.076047607
34,1,,256.636,2.0667034,bracketed,0.006595272,72.750251,0.007690488
35,1,,197.163,3.1712574,bracketed,0.037792058,6.2963943,0.1811594
36,1,,291.404,1.7207822,bracketed,0.15162527,5.363839,0.2996341
37,1,,236.446,0.68384321,bracketed,0.002018741,86.052301,0.006543785
38,1,,370.09,1.0276155,bracketed,0.058329707,6.827837,0.093316125
39,1,,163.039,-0.32741361,bracketed,0.017168241,40.593949,0.010672997
40,1,,234.88,0.85547085,bracketed,0.000936404,157.52305,0.003196363
41,1,,197.407,1.0334009,bracketed,0.014708193,14.110924,0.041900811
42,1,,114.242,2.3165645,bracketed,0.00487717,49.295538,0.011417974
43,1,,88.592,-1.5,lt_min,1.59E-06,180.63748,0.002217722
44,1,,118.979,2.1896309,bracketed,0.004506346,59.521581,0.00956829
45,1,,164.202,-1.1838236,bracketed,0.004554688,184.33744,0.002100533
46,1,,217.337,0.13659758,bracketed,0.024791249,17.061939,0.025706076
47,1,,207.616,2.5792308,bracketed,0.27833038,6.6919908,0.43570592
48,1,,105.831,-0.23402694,bracketed,0.016376192,28.723631,0.015827716
49,0,empty_output_log,237.84,,empty_output_log,,,
50,1,,283.917,2.2159466,bracketed,0.12278539,6.0230097,0.39833005
51,1,,179.133,1.3373364,bracketed,0.064160024,5.5961189,0.48081361
52,0,aborted,87.205,-1.875,lt_min,1.65E-08,106.05883,0.001926726
53,1,,222.616,-0.48859433,bracketed,0.11621961,3.4126814,0.3837188
54,1,,129.854,-1.7201224,bracketed,0.002109294,132.88948,0.003146972
55,1,,98.203,0.35305512,bracketed,0.003045753,208.2713,0.002574017
56,1,,107.677,0.12321715,bracketed,0.080031698,3.5890529,0.66952221
57,0,empty_output_log,226.875,,empty_output_log,,,
58,1,,140.791,-1.5,lt_min,0.000118371,22.212483,0.016093142
59,1,,211.494,2.5800495,bracketed,0.08525057,4.7888953,0.10261871
60,1,,208.797,1.024359,bracketed,0.071242117,4.4337603,0.48922077
61,0,empty_output_log,204.831,,empty_output_log,,,
62,1,,136.771,1.0869903,bracketed,0.070095537,11722.763,0.000392356
63,1,,188.031,-0.75,bracketed,0.064627058,4.4106426,0.088433383
64,1,,190.526,-0.227917,bracketed,0.043247137,35.524904,0.047620157
65,0,empty_output_log,166.542,,empty_output_log,,,
66,1,,233.92,2.0292535,bracketed,0.095961282,5.3756129,0.461734
67,1,,146.819,-1.4668701,bracketed,0.040902891,26.497452,0.013820507
68,0,empty_output_log,142.843,,empty_output_log,,,
69,1,,338.835,2.8359375,gt_max,0.0036617,1216.6573,0.0565425
70,0,empty_output_log,169.21,,empty_output_log,,,
71,1,,141.584,-0.75,gt_max,6.01E-06,289.32339,0.001083983
72,1,,167.674,2.0061527,bracketed,0.62340466,4.8456293,0.42803046
73,1,,86.462,-1.3632638,bracketed,0.003581568,88.896837,0.003775002
74,1,,136.798,0.98791213,bracketed,0.072272563,5.1423028,0.65013989
75,1,,199.598,3.2519628,bracketed,0.034847177,7.7391857,0.10942514
76,1,,153.875,0.828125,gt_max,2.26E-05,86.452034,0.028522311
77,1,,241.699,3.1499175,bracketed,0.0041639,171.07937,0.002880523
78,0,empty_output_log,191.064,,empty_output_log,,,
79,1,,205.06,2.558304,bracketed,0.18270028,5.6677647,0.36035118
80,1,,138.622,2.0896786,bracketed,0.005374034,43.57086,0.009417475
81,1,,116.493,8,gt_max,0.000473691,303.42039,0.001641413
82,1,,215.155,2.1434832,bracketed,0.021395132,23.093248,0.02621104
83,1,,365.395,2.1272276,bracketed,0.25271262,6.1101156,0.2689228
84,1,,223.937,0.22318601,bracketed,0.006709371,173.17399,0.0030799
85,1,,161.02,8,gt_max,5.51E-07,236.00102,0.001339496
86,1,,235.955,3.4515585,bracketed,0.011641615,23.131638,0.023392683
87,1,,172.121,1.03229,bracketed,0.005275917,2755.8595,0.001204774
88,1,,126.248,2.1484767,bracketed,0.046749207,5302.1934,0.000650325
89,1,,135.584,-1.78125,lt_min,1.97E-06,104.35938,0.003119383
90,1,,145.253,2.2954816,bracketed,0.003242094,2327.7232,0.001384545
91,1,,173.709,-0.375,lt_min,3.79E-08,137.77146,0.002948739
92,1,,109.703,8,gt_max,0.000627052,367.38352,0.001325996
93,1,,163.65,-0.68479661,bracketed,0.072858698,5.0381303,0.06836563
94,1,,136.842,1.1851648,bracketed,0.0810656,4.3363808,0.43971073
95,1,,122.996,-0.16246639,bracketed,0.003413216,102.3297,0.005556967
96,1,,251.597,2.5099303,bracketed,0.15925249,5.9018766,0.33109338
97,1,,220.505,0.99312541,bracketed,0.05794222,5.0093766,0.23418268
98,1,,233.184,-1.9307214,bracketed,0.013278808,113.05936,0.002924325
99,1,,156.521,4.1082422,bracketed,0.055428375,8783.1611,0.066988363
100,1,,174.006,1.2617723,bracketed,0.052010928,6.9607704,0.063148603
101,1,,336.317,0.41494378,bracketed,0.26129042,5.7288943,0.28501504
102,1,,141.051,0.25,lt_min,0.000128065,13.931542,0.032242015
103,1,,173.168,0.53931699,bracketed,0.1111683,4.2158295,0.20186283
104,1,,142.284,2.5267139,bracketed,0.080702228,4.9262939,0.44302538
105,1,,181.479,3.5445056,bracketed,0.083348351,6.7799992,0.15261095
106,1,,185.934,0.090320469,bracketed,0.003012943,99.692017,0.005643525
107,1,,95.373,-1.5,lt_min,-3.14E-09,179.1443,0.001801212
108,1,,157.196,-1.6763519,bracketed,0.019609398,64.415995,0.005220025
109,1,,190.652,-0.25121598,bracketed,0.067834411,4.5528523,0.12220892
110,1,,257.014,2.5261516,bracketed,0.059872024,6.3279717,0.24809802
111,1,,114.297,-0.65625,lt_min,4.41E-05,11.279895,0.028066655
112,1,,271.925,-2.8803125,bracketed,0.003087544,246.71,0.001063444
113,1,,202.343,8,gt_max,0.001925658,293.21775,0.001625633
114,0,empty_output_log,218.483,,empty_output_log,,,
115,1,,163.657,0.34375,gt_max,3.77E-05,9.5956,0.062202199
116,1,,135.793,0.030964089,bracketed,0.013647995,23.045542,0.019625394
117,1,,220.053,0.12708006,bracketed,0.3030061,6.123635,0.073355089
118,1,,103.394,8,gt_max,0.00065975,233.19322,0.002241992
119,1,,144.958,8,gt_max,0.000364025,396.45151,0.00120819
120,0,empty_output_log,130.316,,empty_output_log,,,
121,0,empty_output_log,204.203,,empty_output_log,,,
122,1,,82.766,-0.49430016,bracketed,0.093966048,3.4305065,0.24021935
123,1,,145.976,4.0608711,bracketed,0.099542834,16.807831,0.22750184
124,1,,97.261,0.54510985,bracketed,0.024184974,19.775893,0.030476049
125,1,,52.514,-1.125,lt_min,0.000155365,6.8769321,0.051667159
126,1,,109.282,-2.2265625,lt_min,-2.15E-08,48.488518,0.007024049
127,1,,131.405,2.0694196,bracketed,0.089362924,5.8873735,0.16771636
128,1,,104.792,1.0111262,bracketed,0.028722589,5.329447,0.12531828
129,1,,71.724,0.25,lt_min,2.28E-05,114.47151,0.004937538
130,1,,107.094,-1.6520392,bracketed,0.086023492,21.156602,0.016178871
131,0,empty_output_log,108.656,,empty_output_log,,,
132,1,,110.11,2.0221092,bracketed,0.06007445,6.3935994,0.37667985
133,1,,53.314,-2.25,lt_min,-4.25E-08,27.027366,0.011350822
134,1,,115.894,1.1786029,bracketed,0.11177698,4.2854077,0.12677752
135,1,,81.128,0.77648566,bracketed,0.002639856,90.785547,0.006002618
136,1,,118.428,2.5093965,bracketed,0.040874357,6.1112597,0.10901631
137,1,,100.661,-1.5,gt_max,1.64E-05,170.82144,0.003117705
138,1,,84.735,-1.5930718,bracketed,0.002595783,162.496,0.002473412
139,1,,154.925,-1.9358108,bracketed,0.030950611,26.24102,0.013567634
140,1,,110.992,1.2739369,bracketed,0.0075013,32.674724,0.013030325
141,1,,66.811,1.5469841,bracketed,0.006881646,3.7101362,0.58844286
142,1,,167.992,1.0781194,bracketed,0.003271802,2589.4183,0.001374791
143,1,,281.046,1.1605734,bracketed,0.072463021,5.5957106,0.42331272
144,1,,184.953,1.9774973,bracketed,0.061493646,5.6050898,0.43796292
145,1,,185.308,3.263106,bracketed,0.060942519,4.6791717,0.23027057
146,1,,137.597,1.2109103,bracketed,0.001426411,212.89769,0.002445473
147,1,,186.847,0.19455791,bracketed,0.025831235,20.488291,0.021681314
148,1,,140.303,-1.3224414,bracketed,0.034257464,7.3044727,0.047121174
149,1,,281.194,1.1919388,bracketed,0.024180653,20.126243,0.021989558
150,1,,273.844,1.8895789,bracketed,0.047201752,5.8596583,0.51744616
151,1,,101.511,-1.5,lt_min,4.69E-06,33.554267,0.010235568
152,1,,249.645,-0.47397894,bracketed,0.08020427,4.8780332,0.41790463
153,1,,243.207,2.6651238,bracketed,0.061991348,5.000041,0.24137881
154,1,,91.562,8,gt_max,7.24E-07,275.33369,0.001107687
155,1,,158.587,2.5680855,bracketed,0.072294677,6.0052679,0.41817752
156,0,empty_output_log,226.415,,empty_output_log,,,
157,1,,115.351,1.8433912,bracketed,0.032101183,4359.8386,0.000895663
158,1,,152.726,0.85881136,bracketed,0.015890637,16.845099,0.035369456
159,1,,136.787,2.5306603,bracketed,0.042062804,7.5560836,0.14869862
160,1,,78.351,-1.5,lt_min,0.001098556,161.74886,0.002578307
161,1,,117.687,1.5834138,bracketed,0.06759361,5.2198192,0.3784247
162,1,,92.664,-2.390625,lt_min,-6.73E-09,109.42128,0.003104859
163,1,,137.672,1.2406608,bracketed,0.067059957,4.1171482,0.29604079
164,1,,101.898,1.563599,bracketed,0.015024592,30.527191,0.014051264
165,1,,98.91,1.4830133,bracketed,0.074432936,4.5956382,0.51226281
166,1,,67.197,-1.5,lt_min,1.23E-06,18.931672,0.01804431
167,1,,107.586,1.5795373,bracketed,0.065451466,5.8536358,0.34588013
168,1,,105.332,1.5471777,bracketed,0.088593586,5.0952412,0.15973041
169,1,,97.48,-2.34375,lt_min,5.20E-05,59.231583,0.005821286
170,1,,192.706,1.885287,bracketed,0.062083894,5.2322888,0.16446783
171,1,,173.455,0.78710692,bracketed,0.23162767,7017.469,0.000715657
172,1,,95.055,2.9020452,bracketed,0.063248787,7.5877248,0.30339911
173,1,,112.107,-2.53125,lt_min,7.23E-06,126.44638,0.002557275
174,1,,67.891,-0.75,lt_min,3.85E-05,66.842684,0.00636501
175,1,,69.358,-1.96875,lt_min,1.33E-06,61.351434,0.005786569
176,1,,135.001,7.875,gt_max,0.001385411,293.20373,0.001716638
177,1,,165.097,2.0310296,bracketed,0.074680976,8.1289787,0.24170404
178,1,,234.95,2.0090319,bracketed,0.25801103,7.3866665,0.37787846
179,1,,110.297,1.015211,bracketed,0.089084871,4.6255972,0.28140715
180,1,,103.715,1.0549597,bracketed,0.063508009,5501.9995,0.000917873
181,1,,94.79,-2.4375,lt_min,5.50E-05,40.788936,0.007087854
182,1,,79.446,-0.5625,lt_min,-4.89E-08,18.419313,0.017933043
183,1,,151.974,0.032012798,bracketed,0.070596624,8.3671682,0.052633732
184,1,,248.662,1.0488227,bracketed,0.10181529,4.8394965,0.20586776
185,1,,235.406,-2.468631,bracketed,0.007942102,101.15488,0.003282598
186,1,,171.692,0.17922917,bracketed,0.00160214,172.02665,0.001879099
187,1,,110.94,8,gt_max,0.000717132,372.91878,0.001296692
188,1,,143.882,8,gt_max,0.001302491,307.20542,0.001653982
189,1,,187.878,-1.4575826,bracketed,0.071556684,13.34613,0.025910141
190,1,,223.194,3.2448556,bracketed,0.17391472,6.9454781,0.27058578
191,1,,127.713,0.80250498,bracketed,0.01025388,21.483487,0.019452077
192,1,,219.438,1.7285639,bracketed,0.11524248,5.9153272,0.42221943
193,1,,182.877,4.2389181,bracketed,0.056375777,28.286719,0.1402367
194,1,,190.396,-0.64144767,bracketed,0.002579345,224.5444,0.001430098
195,1,,128.304,3.6248124,bracketed,0.055165556,11.576156,0.22341999
196,1,,136.458,-0.38758423,bracketed,0.06366025,11.611962,0.039118591
197,1,,110.107,-1.5,lt_min,9.78E-07,68.754285,0.005035958
198,1,,201.001,-0.46408607,bracketed,0.067336255,6.428692,0.068339473
199,1,,78.02,-1.5,lt_min,-1.19E-08,79.067101,0.004280054
200,1,,239.202,2.0792586,bracketed,0.073925326,7.1759819,0.38567638
201,1,,177.124,0.64830609,bracketed,0.074646318,4.6488857,0.2848481
202,1,,162.256,0.57669583,bracketed,0.004874685,36.258842,0.016851293
203,1,,208.661,1.7530388,bracketed,0.026769441,10.24847,0.05652041
204,1,,215.283,-2.2289476,bracketed,0.047830899,32.212315,0.010930874
205,1,,79.898,-1.3125,lt_min,7.30E-08,106.79755,0.003095129
206,1,,120.723,1.1363215,bracketed,0.095949601,3.9044953,0.64932917
207,1,,209.165,-0.88474344,bracketed,0.042477353,6.4841196,0.05132352
208,1,,97.365,-1.5,lt_min,4.40E-09,76.684521,0.004504254
209,1,,131.457,0.22476577,bracketed,0.003450713,89.329807,0.004642241
210,1,,226.161,-0.5625,lt_min,0.066734504,31.788034,0.013951399
211,1,,139.307,1.0215056,bracketed,0.027030681,5.3738597,0.1328133
212,1,,218.656,0.068905034,bracketed,0.22661494,3.7597528,0.45497067
213,1,,155.551,-1.5,lt_min,0.001452763,56.611585,0.006025668
214,1,,231.885,1.1549298,bracketed,0.11527491,7447.7677,0.00058147
215,1,,172.253,1.5689288,bracketed,0.055887679,4.8202659,0.21571988
216,1,,192.93,1.5443443,bracketed,0.073512548,5.3472391,0.22230129
217,1,,140.591,-1.125,lt_min,1.11E-08,35.340379,0.010129269
218,1,,98.811,-1.21875,lt_min,7.90E-06,12.05061,0.023634204
219,1,,237.59,-0.41690724,bracketed,0.029595091,8.019383,0.041664895
220,1,,99.67,-1.125,lt_min,2.15E-08,108.00714,0.003082996
221,1,,250.639,-0.20044601,bracketed,0.005613186,50.690277,0.008304823
222,1,,176.271,4.0411818,bracketed,0.21544724,20.148344,0.14296927
223,0,empty_output_log,88.645,,empty_output_log,,,
224,0,empty_output_log,196.069,,empty_output_log,,,
225,1,,151.033,1.0468847,bracketed,0.024648128,7.4267406,0.060071293
226,1,,118.492,-0.9375,lt_min,1.18E-07,179.73942,0.002219359
227,0,empty_output_log,131.659,,empty_output_log,,,
228,1,,231.203,0.64889941,bracketed,0.032441342,3681.0249,0.001232605
229,1,,101.561,-1.3125,lt_min,-8.22E-09,68.560732,0.005101018
230,1,,136.883,-1.40625,lt_min,7.89E-09,93.256691,0.004535599
231,1,,147.483,1.1479794,bracketed,0.055828137,6.4138647,0.095159701
232,1,,123.348,1.0662442,bracketed,0.12328563,4.7844789,0.13263945
233,1,,119.02,3.5521234,bracketed,0.036259454,11.022097,0.044547592
234,1,,124.052,8,gt_max,4.55E-08,319.37464,0.00115709
235,1,,73.622,1.0063464,bracketed,0.040904068,5.8773089,0.10565978
236,1,,99.425,-1.875,lt_min,2.98E-07,50.350691,0.006872584
237,1,,170.136,2.2814826,bracketed,0.052106492,6.6018954,0.19605168
238,1,,129.963,8,gt_max,0.001113615,295.03763,0.001724981
239,1,,72.761,1.766116,bracketed,0.08366845,9630.9919,0.000414709
240,1,,275.188,2.5440148,bracketed,0.14048227,6.0840443,0.20624955
241,1,,120.099,1.3665165,bracketed,0.28325815,7427.806,0.000572729
242,1,,94.257,0.65860509,bracketed,0.1818107,4.0724342,0.7771795
243,1,,94.907,2.0133707,bracketed,0.00359224,74.54543,0.007854616
244,1,,100.73,8,gt_max,0.003687872,380.3504,0.000975298
245,1,,93.903,0.76573832,bracketed,0.005181735,55.676548,0.007770576
246,1,,102.709,-0.375,lt_min,0.13341539,4.3817844,0.20540873
247,1,,143.411,1.5820526,bracketed,0.066848494,5.1384789,0.51058176
248,1,,182.192,3.5330542,bracketed,0.07217935,10.182657,0.24925984
249,1,,160.712,3.5801482,bracketed,0.19553467,7.5219142,0.17757168
250,1,,231.744,0.22088806,bracketed,0.10708838,5.457613,0.41506965
251,1,,102.665,3.3718897,bracketed,0.024832284,9.7564679,0.063634285
252,1,,127.132,-2.3313743,bracketed,0.00921453,109.55098,0.003028033
253,1,,87.429,0.51376013,bracketed,0.025845834,11.439272,0.055004784
254,1,,124.656,3.2755643,bracketed,0.068752212,12.374262,0.048553836
255,1,,150.501,8,gt_max,0.001487223,271.43559,0.001158494
256,1,,86.688,-0.75,gt_max,7.45E-05,4.7438515,0.15841354
257,1,,55.327,-0.75,lt_min,0.000134305,6.5552164,0.050713561
258,1,,64.686,-2.25,lt_min,-7.31E-09,120.95498,0.002757525
259,1,,107.253,-0.73924816,bracketed,0.077644201,4.4182974,0.082852798
260,1,,89.538,0.56700143,bracketed,0.027577599,15.454389,0.028196674
261,1,,161.465,2.5720642,bracketed,0.054231255,7.4937416,0.33390305
262,1,,182.433,1.599964,bracketed,0.077512711,36.215995,0.11006979
263,1,,90.938,1.0046115,bracketed,0.006223769,44.395214,0.013003508
264,1,,107.976,0.17814372,bracketed,0.07505511,5544.5494,0.06532421
265,1,,147.119,1.2046998,bracketed,0.012927572,22.825559,0.025678684
266,1,,154.393,-0.64102856,bracketed,0.10700487,4.2652225,0.37903687
267,1,,88.885,-1.1144653,bracketed,0.056118172,4.267203,0.080826999
268,0,empty_output_log,90.27,,empty_output_log,,,
269,1,,130.783,3.0353486,bracketed,0.072340967,7.8241956,0.16746036
270,1,,143.213,0.61980814,bracketed,0.018541801,14.007801,0.04131974
271,1,,74.865,8,gt_max,1.53E-06,305.63268,0.001187227
272,1,,74.24,0.25,lt_min,9.24E-05,15.807056,0.027434468
273,1,,84.681,7.25,gt_max,-8.36E-10,268.28302,0.001372409
274,1,,146.281,1.3162985,bracketed,0.085979286,34.137052,0.12923024
275,1,,89.028,1.2769804,bracketed,0.003135623,82.76114,0.006980042
276,1,,73.25,-1.3125,lt_min,0.000172711,25.663413,0.013729354
277,1,,98.808,-0.72283315,bracketed,0.013610852,24.246832,0.017793405
278,1,,66.956,1.0449587,bracketed,0.096724489,5.020356,0.79364476
279,1,,61.101,-1.5,lt_min,1.57E-07,48.686602,0.007288672
280,1,,84.219,-2.6806415,bracketed,0.010909602,202.152,0.001565044
281,1,,184.49,1.2659416,bracketed,0.009487867,26.644727,0.022716558
282,1,,131.585,-1.5,bracketed,0.067591448,14.116424,0.025582226
283,1,,106.226,-0.35122544,bracketed,0.083538437,3.9575337,0.1610564
284,1,,79.304,-1.40625,lt_min,4.72E-06,12.590544,0.026676523
285,1,,88.138,-1.2393838,bracketed,0.001593862,155.9616,0.002599607
286,1,,160.608,1.4996885,bracketed,0.089154214,5.1588823,0.5360686
287,1,,238.314,0.54415679,bracketed,0.014394329,18.702401,0.018832589
288,1,,130.428,-2.2025515,bracketed,0.005629277,117.78832,0.002926561
289,1,,275.08,1.5397054,bracketed,0.067648815,5.579118,0.15061759
290,1,,162.23,-0.75,bracketed,0.073797046,12.506052,0.044926346
291,1,,115.539,3.5180757,bracketed,0.2613861,12.220968,0.21094392
292,1,,88.101,1.6484274,bracketed,0.001263785,182.36871,0.002875647
293,0,empty_transfer_log,45.18,,empty_transfer_log,,,
294,1,,109.152,1.5990519,bracketed,0.083550055,6416.8279,0.000663597
295,1,,106.746,0.63050229,bracketed,0.023685391,65.928073,0.006564048
296,1,,87.668,8,gt_max,0.00069507,214.17444,0.00238006
297,0,empty_output_log,119.973,,empty_output_log,,,
298,1,,81.205,-1.125,lt_min,0.010340527,26.900661,0.012816039
299,1,,66.589,8,gt_max,2.71E-06,348.97041,0.001070246
300,1,,138.99,2.0370529,bracketed,0.12689688,5.1766701,0.19104879
301,1,,118.016,8,gt_max,9.19E-08,247.24332,0.001308028
302,1,,95.486,-1.3976675,bracketed,0.013120691,73.628948,0.005772958
303,1,,165.826,0.52716812,bracketed,0.017619877,16.246796,0.037227313
304,1,,178.894,1.6472438,bracketed,0.080191157,4.3607643,0.49366216
305,1,,110.159,4.1573727,bracketed,0.005827717,42.392756,0.011579019
306,1,,153.299,0.090663581,bracketed,0.014776509,15.652588,0.039118326
307,1,,217.027,2.0502099,bracketed,0.15634868,6.646785,0.36054521
308,1,,155.374,2.7103342,bracketed,0.057800622,5.2825926,0.14923234
309,1,,133.31,4.5041859,bracketed,0.046449246,56.275418,0.11845173
310,1,,89.341,8,gt_max,-9.41E-10,254.09356,0.001456698
311,1,,100.688,-1.8149678,bracketed,0.00669567,38.527587,0.008885847
312,1,,71.32,8,gt_max,0.000414048,463.39772,0.000817537
313,1,,193.743,3.125,gt_max,0.001096073,13.678157,0.20625496
314,1,,96.378,1.0840867,bracketed,0.094048675,5.0900862,0.79013715
315,1,,252.559,2.1217536,bracketed,0.071878552,6.5935014,0.20039733
316,1,,202.446,2.140625,gt_max,9.85E-05,17.505374,0.17311046
317,1,,178.462,-1.8356003,bracketed,0.013316928,33.395992,0.010342753
318,1,,168.311,2.3800672,bracketed,0.059855446,6.5121886,0.3722002
319,1,,147.81,3.5359493,bracketed,0.074885993,9.7128895,0.13171209
320,1,,298.214,0.031310425,bracketed,0.032025625,16.219496,0.026741902
321,1,,186.851,2.2599724,bracketed,0.018932612,15.826995,0.029277711
322,1,,243.259,1.2548102,bracketed,0.11996243,5.3758743,0.39096151
323,1,,190.821,0.23137264,bracketed,0.20769453,5.5015816,0.089932952
324,1,,180.53,0.51332228,bracketed,0.057688084,4.6372836,0.14797505
325,1,,254.402,2.1607721,bracketed,0.16540071,5.0122714,0.20769725
326,1,,126.151,-1.875,lt_min,-2.11E-06,43.494892,0.007910097
327,1,,182.289,1.2701009,bracketed,0.008434336,78.911844,0.005115283
328,1,,87.835,0.08848841,bracketed,0.014640586,33.204895,0.013559313
329,1,,95.892,-1.5,lt_min,0.009460532,26.927186,0.012562349
330,1,,70.813,8,gt_max,1.35E-09,297.68522,0.001038399
331,1,,99.325,-0.25047941,bracketed,0.01425508,40.938501,0.01075195
332,1,,123.417,-0.79226236,bracketed,0.002105427,188.85911,0.002052088
333,1,,231.064,1.0203985,bracketed,0.081256621,5.0332962,0.31039285
334,1,,97.159,1.2469796,bracketed,0.13045248,3.7569354,0.14269118
335,1,,208.118,0.56578438,bracketed,0.12605237,8931.6532,0.011607927
336,1,,246.89,0.5,lt_min,5.47E-05,5.9291155,0.002635566
337,1,,175.543,0.78471583,bracketed,0.01515808,23.789596,0.017702507
338,1,,129.751,7.78125,gt_max,1.33E-06,365.87024,0.001031751
339,1,,232.39,1.6581047,bracketed,0.036608914,7.4135534,0.088828764
340,1,,194.273,1.061761,bracketed,0.12787461,4.7378358,0.59593642
341,1,,114.566,1.7087935,bracketed,0.065364498,6.3425092,0.11899496
342,1,,117.055,2.1623728,bracketed,0.080720432,5.8456238,0.30203883
343,1,,61.306,0.075815353,bracketed,0.006913046,45.381726,0.013402961
344,1,,115.345,-5,gt_max,4.66E-06,5.6024406,0.23539544
345,1,,110.628,1.5252535,bracketed,0.007191087,39.974561,0.010973622
346,1,,94.635,-1.4078024,bracketed,0.005540031,97.276613,0.00427852
347,1,,127.854,-1.359375,lt_min,0.000119761,6.731617,0.050108037
348,1,,126.166,1.1503067,bracketed,0.089246336,5.2639673,0.26976242
349,1,,99.452,-0.3298735,bracketed,0.073497726,4.6355163,0.57275196
350,1,,124.321,8,gt_max,0.000795676,270.72095,0.000795469
351,1,,142.047,4.1147001,bracketed,0.053613482,25.547365,0.15206339
352,1,,110.676,1.2215311,bracketed,0.053501435,3.4734244,0.21213966
353,1,,116.927,-0.49179176,bracketed,0.08957992,3.9615855,0.31224808
354,1,,100.833,-1.875,lt_min,8.87E-05,10.842146,0.026196491
355,1,,64.504,0.23211548,bracketed,0.002044705,121.34012,0.004446025
356,1,,106.72,2.8842672,bracketed,0.037805218,67.309777,0.006049912
357,0,empty_output_log,181.43,,empty_output_log,,,
358,1,,176.025,-1.4276719,bracketed,0.055774514,3.8526113,0.11515538
359,1,,192.42,2.0651064,bracketed,0.53437739,5.9966251,0.31624675
360,1,,83.884,-1.5,lt_min,-2.16E-09,43.708931,0.0078227
361,1,,82.012,-1.125,lt_min,1.32E-09,29.867718,0.012048959
362,1,,271.279,1.8174852,bracketed,0.021640219,7.6340229,0.099654003
363,1,,140.79,-2.109375,lt_min,1.13E-05,124.41782,0.002628974
364,1,,106.496,1.5023061,bracketed,0.069800956,4.801513,0.38220421
365,1,,136.494,8,gt_max,0.000595178,381.84949,0.001284009
366,1,,203.046,3.1284246,bracketed,0.062855427,9.1437302,0.11867198
367,1,,156.097,2.3044727,bracketed,0.067737355,6.0099539,0.28395352
368,1,,224.774,1.1372189,bracketed,0.10492496,5.1969992,0.38279914
369,1,,244.88,2.0661879,bracketed,0.036373066,8.1048092,0.11783629
370,1,,152.215,0.75976611,bracketed,0.027656863,27.189665,0.01607381
371,1,,224.526,0.60719627,bracketed,0.040873473,5.5341275,0.083729852
372,1,,154.73,2.3054605,bracketed,0.076094603,5.5230657,0.36092007
373,1,,89.657,-1.5,lt_min,1.68E-07,18.848672,0.019428154
374,1,,202.928,2.168177,bracketed,0.03623361,27.606199,0.014955542
375,1,,115.767,-0.75,lt_min,0.000132567,13.652864,0.024459082
376,1,,184.985,2.050187,bracketed,0.048145592,6.1465045,0.44285806
377,0,empty_transfer_log,167.169,,empty_transfer_log,,,
378,1,,156.973,2.0771145,bracketed,0.31192698,4.9113555,0.1715582
379,0,empty_output_log,112.001,,empty_output_log,,,
380,1,,84.397,-1.5,bracketed,0.057983266,11.491795,0.029475156
381,1,,91.427,2.0296655,bracketed,0.070420506,4.6782751,0.38370084
382,1,,139.311,8,gt_max,0.004728685,251.39354,0.001564952
383,1,,100.043,-2.34375,lt_min,6.18E-07,177.11153,0.001837327
384,0,aborted,193.679,0.061010697,bracketed,0.08438179,3.9769109,0.12032485
385,1,,76.691,2.3096833,bracketed,0.014203315,14.994702,0.039675193
386,1,,102.062,-1.0196311,bracketed,0.018067517,12.613874,0.027061733
387,1,,205.255,-0.59421424,bracketed,0.001517466,103.58839,0.003142236
388,0,empty_output_log,162.75,,empty_output_log,,,
389,1,,142.88,0.78098282,bracketed,0.10918986,4.2598781,0.21021331
390,1,,128.784,2.6558445,bracketed,0.003069317,79.54788,0.005284173
391,1,,186.381,0.69010659,bracketed,0.085228685,3.8277835,0.16671386
392,1,,125.019,7.9375,gt_max,0.001169877,232.31722,0.001324397
393,1,,150.16,8,gt_max,1.30E-05,266.4761,0.001929124
394,1,,188.803,8,gt_max,0.000969335,270.7217,0.001895818
395,1,,201.427,3.0990595,bracketed,0.041527478,15.531455,0.025748917
396,1,,191.29,-2.0997926,bracketed,0.002335778,236.16007,0.001325209
397,1,,95.983,8,gt_max,-3.68E-09,196.14732,0.001579158
398,1,,182.442,-1.923141,bracketed,0.025673901,30.790112,0.011295086
399,1,,145.355,0.80491277,bracketed,0.042675796,6.0907405,0.10652199
400,1,,141.097,1.5118551,bracketed,0.01648628,24.920636,0.017362367
401,1,,125.769,-0.375,lt_min,2.73E-05,52.609177,0.008350586
402,0,empty_transfer_log,152.074,,empty_transfer_log,,,
403,1,,137.035,-1.485702,bracketed,0.06315381,5.5567622,0.065874447
404,1,,187.713,-1.4362568,bracketed,0.080188192,3.7341311,0.12539452
405,1,,124.794,1.5880515,bracketed,0.030877675,6.664484,0.071062763
406,1,,239.966,-1.9862435,bracketed,0.031852731,42.689609,0.007990454
407,1,,137.478,0.91868364,bracketed,0.076533751,7796.9401,0.000120938
408,1,,385.626,0.077511329,bracketed,0.009014083,2337.9675,0.00858956
409,1,,240.078,0.005086308,bracketed,0.18210588,4.1915237,0.7125894
410,1,,248.466,3.648119,bracketed,0.054213944,12.256476,0.10960833
411,1,,326.081,4.2715346,bracketed,0.09992199,21.517002,0.034977257
412,1,,223.222,2.5912523,bracketed,0.021314662,41.554866,0.014514647
413,1,,313.14,1.5659219,bracketed,0.17141655,5.7071566,0.45585335
414,1,,150.774,-0.23567421,bracketed,0.023876899,2608.1743,0.016182122
415,1,,299.924,2.8918565,bracketed,0.081560327,13.021606,0.0318982
416,1,,103.433,1.5254445,bracketed,0.07423759,5.0991928,0.5395151
417,1,,193.89,0.58432244,bracketed,0.24680228,6495.1743,0.000732469
418,1,,180.627,8,gt_max,0.00446734,283.9342,0.001137236
419,1,,145.068,1.4405323,bracketed,0.003487151,89.075435,0.006128436
420,0,empty_output_log,82.652,,empty_output_log,,,
421,1,,204.561,1.0260233,bracketed,0.063422161,5.4212923,0.53974783
422,0,empty_output_log,141.192,,empty_output_log,,,
423,1,,103.194,-1.96875,lt_min,5.59E-05,85.46537,0.003944334
424,1,,154.254,8,gt_max,2.09E-06,356.84365,0.000900678
425,0,empty_output_log,260.549,,empty_output_log,,,
426,1,,212.329,0.83585722,bracketed,0.00546204,2778.5185,0.00136809
427,1,,231.232,-2.2029272,bracketed,0.10243977,9.4052282,0.030971076
428,1,,282.789,2.5082699,bracketed,0.13600277,6.2191663,0.042735456
429,1,,217.411,0.25,lt_min,0.000207495,8.5395287,0.050556061
430,1,,208.437,2.2555455,bracketed,0.002464549,104.43008,0.005387381
431,1,,160.493,3.5134944,bracketed,0.044899576,10.512248,0.1639544
432,1,,140.061,-0.50080521,bracketed,0.019250176,24.197489,0.014982581
433,1,,147.152,-0.83379449,bracketed,0.018816609,7.2979657,0.045582117
434,1,,194.781,1.8592628,bracketed,0.064828079,5.9663887,0.16540832
435,1,,120.535,-1.4765625,lt_min,1.48E-05,5.3584789,0.053890721
436,0,empty_output_log,102.432,,empty_output_log,,,
437,1,,137.2,1.7756267,bracketed,0.07527942,5.3866236,0.56338575
438,1,,212.092,2.2129859,bracketed,0.059886809,11.163915,0.13953494
439,1,,297.911,0.5047094,bracketed,0.18960889,5.4236425,0.31956091
440,1,,171.013,-0.82302384,bracketed,0.007611274,29.560323,0.015003611
441,1,,177.849,0.98262487,bracketed,0.064169501,3.7220562,0.16173185
442,1,,157.411,-1.4372945,bracketed,0.033322539,13.17329,0.026246244
443,1,,111.801,-1.21875,lt_min,0.023375305,6.709349,0.050070828
444,1,,212.651,-0.38672304,bracketed,0.054254463,7.9247359,0.056931709
445,1,,114.73,-1.4572384,bracketed,0.05797677,6.2663934,0.056302624
446,1,,132.263,-1.875,lt_min,9.94E-07,35.427713,0.009956543
447,1,,231.42,1.5590353,bracketed,0.050722552,5.2886916,0.2648914
448,1,,173.001,0.25651572,bracketed,0.038409529,6.5954837,0.052733964
449,1,,99.698,-0.5625,lt_min,0.005568489,30.581569,0.014648972
450,1,,226.947,0.79701342,bracketed,0.003040347,79.637985,0.00705119
451,1,,157.505,1.2790485,bracketed,0.014090394,21.252032,0.021358285
452,1,,111.123,0.14481248,bracketed,0.2493884,3.1466013,0.60891326
453,1,,212.182,1.4132355,bracketed,0.12231414,5.3702856,0.40189915
454,1,,198.507,3.5378503,bracketed,0.077222619,10737.307,0.000460156
455,1,,150.097,0.81543185,bracketed,0.001038595,139.91911,0.002360962
456,1,,185.837,1.9293526,bracketed,0.070515337,5.4836237,0.46672812
457,1,,85.179,-1.5,lt_min,7.49E-09,127.97766,0.002575305
458,1,,118.01,8,gt_max,0.000739832,383.78959,0.001272557
459,1,,226.831,0.21074615,bracketed,0.14486191,9164.4988,0.000535618
460,1,,165.064,-1.4864644,bracketed,0.06440918,4.7700009,0.14078652
461,1,,216.138,3.1178543,bracketed,0.083438094,9.8420734,0.27601687
462,1,,164.203,2.285304,bracketed,0.00894827,25.774865,0.023094451
463,1,,158.175,-1.3828125,lt_min,0.000678215,16.185957,0.02069634
464,1,,162.581,-0.667592,bracketed,0.008162173,52.869212,0.008102597
465,1,,95.034,0.21778615,bracketed,0.033948761,3268.2196,0.014858314
466,1,,101.258,-1.1736255,bracketed,0.006935192,65.869179,0.005394502
467,1,,179.074,2.0764021,bracketed,0.091063646,5.1391975,0.29569627
468,1,,167.013,1.6296892,bracketed,0.064367702,4919.7022,0.034096458
469,1,,162.2,2.3475704,bracketed,0.038093078,4.2435951,0.082889786
470,1,,224.979,3.8083602,bracketed,0.078149438,5.585809,0.23586738
471,1,,88.876,0.85297066,bracketed,0.10543078,5.074928,0.18299262
472,1,,184.56,8,gt_max,0.005653162,290.15079,0.001067057
473,1,,97.318,2.0564973,bracketed,0.003083846,106.81644,0.005249897
474,1,,108.759,0.85352287,bracketed,0.002401751,99.300897,0.005504429
475,1,,102.984,-1.5,bracketed,0.000936321,180.9858,0.002237035
476,1,,91.531,8,gt_max,1.93E-08,215.39816,0.001470231
477,1,,113.088,2.1198485,bracketed,0.004809576,67.953402,0.008904168
478,1,,126.126,0.56550118,bracketed,0.06384259,5.2094446,0.58984384
479,1,,99.925,0.0625,lt_min,4.66E-07,99.504142,0.004088879
480,1,,52.553,-0.001951046,bracketed,0.004589878,54.2512,0.011085163
481,1,,98.878,0.091740458,bracketed,0.14717577,4.4576319,0.1413445
482,0,empty_output_log,122.888,,empty_output_log,,,
483,1,,71.909,-3,gt_max,1.10E-05,136.46616,0.004104118
484,1,,116.083,-0.77107937,bracketed,0.079749053,3.6561494,0.10596485
485,1,,65.08,0.019947044,bracketed,0.073005152,4.066475,0.23128209
486,1,,89.462,8,gt_max,0.002561951,266.64632,0.001956867
487,1,,214.206,4.3978887,bracketed,0.055144313,19.65419,0.011878582
488,1,,67.89,-1.21875,lt_min,-1.02E-08,75.418698,0.004465848
489,1,,77.975,-0.19034855,bracketed,0.078438735,4.1933702,0.48933501
490,1,,129.902,2.6214032,bracketed,0.053181449,10.319151,0.15902839
491,1,,121.663,1.6294072,bracketed,0.10066808,6271.8353,0.000619159
492,0,empty_output_log,132.088,,empty_output_log,,,
493,1,,131.293,0.50963995,bracketed,0.11054565,4.5852217,0.16704384
494,1,,87.375,0.66435711,bracketed,0.072466251,4.5397798,0.5849914
495,1,,62.634,-1.6875,lt_min,4.05E-05,17.771268,0.020568095
496,1,,122.966,2.2695308,bracketed,0.16138626,6.8522538,0.1006372
497,1,,112.485,1.5652894,bracketed,0.023661083,15.588599,0.027371434
498,1,,62.998,-1.125,lt_min,0.017573375,5.2565042,0.073477143
499,1,,84.546,-0.75,lt_min,1.55E-06,148.94075,0.0026655
500,1,,199.624,-1.4532543,bracketed,0.11321,4.7374745,0.082674936
501,1,,108.041,0.52306871,bracketed,0.009883961,48.076456,0.012129127
502,1,,70.549,0.0625,lt_min,1.10E-07,156.71626,0.002462783
503,0,empty_transfer_log,13.47,,empty_transfer_log,,,
504,0,empty_output_log,151.724,,empty_output_log,,,
505,1,,135.714,1.0132062,bracketed,0.097567566,4.6297464,0.16021492
506,1,,88.895,-0.375,lt_min,3.69E-05,71.677267,0.005760316
507,1,,144.98,3.1318972,bracketed,0.042466808,27.148439,0.087353825
508,1,,122.087,-0.97673749,bracketed,0.006525729,95.042614,0.004412775
509,1,,136.535,3.230182,bracketed,0.056918379,9.6766096,0.19594571
510,1,,144.222,3.1668901,bracketed,0.063320256,7.1303241,0.18811894
511,1,,120.54,2.302042,bracketed,0.076811826,467.99889,0.072285407
512,1,,107.121,1.0821388,bracketed,0.027596533,8.2930143,0.038831361
513,1,,140.42,0.17538717,bracketed,0.090767832,4.7419373,0.28831153
514,1,,179.143,1.5620823,bracketed,0.072936202,4.7843407,0.40455012
515,1,,154.549,3.3028405,bracketed,0.035527534,9.2580589,0.1453103
516,1,,160.25,-0.91405222,bracketed,0.14457082,4.4114389,0.18035647
517,1,,118.698,-0.2293822,bracketed,0.15199206,3.4332665,0.62828838
518,1,,93.47,2.381174,bracketed,0.011374151,25.607225,0.022466999
519,1,,128.382,2.5999452,bracketed,0.052276595,7.8382121,0.22600952
520,0,aborted,142.962,5.4140625,gt_max,0.001429228,289.06578,0.000740002
521,1,,,2.6106158,bracketed,0.053422708,6.0293248,0.13473143
522,1,,156.602,0.56289521,bracketed,0.072627757,4.0140168,0.31014751
523,1,,109.103,-2.0839374,bracketed,0.012084121,82.241009,0.004059984
524,1,,81.44,2.7785261,bracketed,0.029504444,7.2770102,0.11456146
525,1,,95.81,0.6028593,bracketed,0.004329053,55.0234,0.01071168
526,1,,95.493,3.8141206,bracketed,0.006333625,55.791111,0.008549204
527,1,,78.138,-0.94390187,bracketed,0.066624482,7.0112616,0.047889613
528,1,,133.055,8,gt_max,0.002795574,2396.2156,0.001042167
529,0,empty_output_log,101.813,,empty_output_log,,,
530,1,,170.302,0.25897608,bracketed,0.012830231,19.128973,0.023264351
531,1,,157.641,1.5727618,bracketed,0.14496542,5.4077487,0.27578336
532,1,,120.275,1.6188619,bracketed,0.00243171,126.01829,0.004442896
533,1,,147.31,-2.7611332,bracketed,0.013108816,131.52724,0.002534553
534,1,,208.574,3.1177086,bracketed,0.058222182,6.6552091,0.20763875
535,1,,151.332,1.8778705,bracketed,0.001588765,147.99047,0.003684973
536,1,,103.218,0.17853971,bracketed,0.028406922,9.6597774,0.064582073
537,1,,96.292,8,gt_max,3.09E-07,372.58799,0.000830937
538,1,,123.951,8,gt_max,0.000668681,328.17869,0.001556312
539,1,,70.346,0.45853669,bracketed,0.000804974,196.76427,0.002654535
540,1,,188.75,1.5171828,bracketed,0.052695511,8.4679963,0.14235738
541,1,,58.773,0.27082514,bracketed,0.082225583,4.0354041,0.31490394
542,0,empty_output_log,103.185,,empty_output_log,,,
543,1,,80.874,3.0322531,bracketed,0.070324892,6.7165359,0.33942254
544,1,,120.713,8,gt_max,0.000678695,371.08551,0.001350754
545,1,,205.433,1.3276188,bracketed,0.019660103,13.451471,0.044638085
546,1,,121.739,-0.92307862,bracketed,0.049046854,12.310203,0.029155344
547,1,,137.205,1.7509552,bracketed,0.11718474,4.0679197,0.37234393
548,1,,146.413,1.0318029,bracketed,0.11327596,5.0885946,0.52524961
549,1,,141.09,1.100107,bracketed,0.007389525,106.92954,0.003708483
550,1,,51.359,8,gt_max,2.39E-07,292.43799,0.001110033
551,1,,92.737,8,gt_max,0.000743773,312.97603,0.001538566
552,1,,85.796,-0.34544985,bracketed,0.088097881,3.6968925,0.32387656
553,1,,73.573,-0.375,gt_max,8.09E-05,9.3824819,0.045416264
554,1,,78.268,7.984375,gt_max,6.11E-06,233.17072,0.001189592
555,1,,97.862,3.0408153,bracketed,0.034777044,15.915266,0.026855712
556,1,,85.977,2.2904513,bracketed,0.014843416,17.109636,0.034478657
557,1,,206.096,-0.38283661,bracketed,0.070997579,4.9013858,0.017227305
558,1,,116.96,-0.45091504,bracketed,0.079404191,4.5059652,0.35753665
559,1,,327.857,2.7106605,bracketed,0.054965916,5.7667908,0.26783678
560,1,,188.774,-1.5,bracketed,0.024489998,23.063779,0.014759687
561,1,,226.014,3.5332532,bracketed,0.052157763,8.5647935,0.078195132
562,0,empty_output_log,219.491,,empty_output_log,,,
563,1,,186.165,-1.3125,lt_min,1.77E-06,123.64407,0.003266589
564,1,,167.853,-2.0625,lt_min,4.81E-06,31.989268,0.008874949
565,1,,216.344,1.5,gt_max,1.20E-05,6.0518862,0.4497134
566,0,empty_output_log,151.853,,empty_output_log,,,
567,1,,107.831,-2.25,lt_min,0.002235957,66.126203,0.005291919
568,1,,106.707,-0.65681964,bracketed,0.003616157,127.5997,0.003214587
569,1,,172.731,3.5989909,bracketed,0.065885585,8299.1817,0.000470958
570,1,,64.01,-0.84733837,bracketed,0.005094703,106.73456,0.003821379
571,1,,51.499,3.5193396,bracketed,0.021640303,15.990537,0.025553756
572,1,,58.87,0.44899045,bracketed,0.003969636,91.136198,0.004565032
573,1,,113.45,2.052122,bracketed,0.1092074,5.6102197,0.48258845
574,1,,49.108,-1.125,lt_min,9.48E-05,15.269126,0.023226268
575,1,,52.325,-2.0625,lt_min,8.80E-05,45.959763,0.007599934
576,1,,47.417,8,gt_max,0.000407733,284.39674,0.001142449
577,0,empty_output_log,48.339,,empty_output_log,,,
578,1,,182.505,-0.43548128,bracketed,0.10634017,3.9213619,0.25058797
579,1,,151.202,0.11206195,bracketed,0.016931181,14.491112,0.031285565
580,1,,242.768,1.1075035,bracketed,0.048510257,6.5882031,0.11633915
581,1,,211.119,3.9764122,bracketed,0.058392414,15.886937,0.1139156
582,1,,82.299,1.3187874,bracketed,0.038242715,3390.7769,0.035125813
583,1,,134.96,4.0696124,bracketed,0.094780152,8029.4709,0.000412349
584,0,empty_output_log,128.781,,empty_output_log,,,
585,1,,96.127,-1.8983264,bracketed,0.009869355,71.153069,0.004917832
586,1,,157.859,0.50977714,bracketed,0.53226657,12.533433,0.036052647
587,1,,151.031,5.390625,gt_max,0.000651446,1969.2413,0.001010591
588,1,,128.966,2.1481569,bracketed,0.080165577,4.6320304,0.40581693
589,1,,147.954,-0.33028493,bracketed,0.016433091,19.319417,0.022526739
590,1,,204.68,1.0089535,bracketed,0.10123552,5.4160958,0.32788898
591,1,,195.308,2.2773678,bracketed,0.06331847,6.1546273,0.12086443
592,1,,171.433,3.0053086,bracketed,0.05765257,7.2722035,0.14100788
593,1,,131.067,8,gt_max,0.002089864,385.2094,0.000817284
594,1,,109.746,2.0419869,bracketed,0.013502522,18.808419,0.030914334
595,1,,77.38,-1.5,gt_max,2.21E-05,8.4724316,0.0509207
596,1,,181.841,0.11346228,bracketed,0.064674131,6.3032929,0.055406866
597,1,,107.298,1.6663548,bracketed,0.017474151,11.048852,0.037739471
598,1,,96.137,0.54156281,bracketed,0.069825841,3.9749129,0.26116019
599,1,,85.774,-1.3974281,bracketed,0.003870346,122.86188,0.003343152
600,1,,120.164,1.1145927,bracketed,0.003621656,65.492152,0.008839543
601,1,,76.816,-1.3125,lt_min,1.08E-05,31.104404,0.010719344
602,1,,156.108,2.5010237,bracketed,0.023062084,22.450626,0.018193447
603,0,empty_output_log,156.674,,empty_output_log,,,
604,1,,123.71,0.56395731,bracketed,0.072428253,5.0013937,0.25157011
605,1,,57.909,-0.90745383,bracketed,0.078593194,3.9218356,0.16574591
606,1,,39.601,8,gt_max,-1.55E-09,310.38173,0.000991511
607,1,,100.214,2.7836632,bracketed,0.071395419,6.3219156,0.3433729
608,0,empty_output_log,141.269,,empty_output_log,,,
609,1,,50.751,0.67998526,bracketed,0.002252304,182.79294,0.002980739
610,1,,73.379,0.52496227,bracketed,0.03517408,6.0719301,0.10322691
611,0,empty_output_log,59.786,,empty_output_log,,,
612,1,,67.713,-1.3165468,bracketed,0.010133713,55.492153,0.007939119
613,1,,87.325,2.8046875,gt_max,0.000233203,11.234137,0.21043926
614,1,,108.562,-0.5957588,bracketed,0.72437778,3.4851371,0.37768996
615,1,,133.202,-0.86155355,bracketed,0.07282241,5.0694271,0.068291949
616,1,,97.567,0.10964619,bracketed,0.080818634,4.6869718,0.17677115
617,0,empty_output_log,60.55,,empty_output_log,,,
618,1,,60.472,8,gt_max,0.000467795,381.50368,0.001291984
619,1,,56.62,0.85449037,bracketed,0.001640094,93.228111,0.004193199
620,1,,78.839,-0.93923272,bracketed,0.019525614,43.870618,0.00999452
621,1,,58.029,8,gt_max,1.51E-05,220.44175,0.001434155
622,1,,195.353,0.52862227,bracketed,0.71521956,8.1136507,0.04520191
623,1,,58.331,-1.359375,lt_min,-6.85E-08,28.321184,0.011999331
624,1,,158.19,1.8216436,bracketed,0.039679953,12.932555,0.045377376
625,1,,65.376,0.01445499,bracketed,0.008075548,39.360134,0.015476508
626,1,,93.79,-1.9255976,bracketed,0.011579907,32.237283,0.011240395
627,1,,64.552,0.77325187,bracketed,0.028453107,10.152845,0.044969742
628,1,,62.582,-0.375,lt_min,1.15E-05,52.943194,0.008039801
629,1,,54.545,-1.453125,lt_min,-6.72E-09,97.71084,0.003493236
630,1,,78.584,-2.625,bracketed,0.002577532,191.35139,0.001688697
631,1,,73.322,8,gt_max,0.000765569,271.64253,0.001856645
632,1,,44.599,7.96875,gt_max,-5.55E-10,272.12092,0.001390414
633,1,,71.87,-1.3986725,bracketed,0.25409311,4.7566592,0.059854873
634,1,,138.988,2.0233268,bracketed,0.019263368,10.666964,0.055192564
635,1,,56.891,8,gt_max,5.61E-08,283.07855,0.001373922
636,1,,76.589,0.40023169,bracketed,0.10215435,4.5931727,0.20783582
637,1,,86.268,1.5717279,bracketed,0.083435743,5.3095084,0.30096853
638,1,,69.74,1.1595933,bracketed,0.025899885,5.81304,0.15315911
639,1,,108.959,0.61090501,bracketed,0.001501981,2372.6378,0.00115453
640,1,,77.572,-1.858985,bracketed,0.12472072,22.533824,0.015569006
641,1,,74.203,2.6099465,bracketed,0.096911183,8.1209588,0.041527258
642,1,,48.994,1.0289179,bracketed,0.10651545,3.358384,0.7072754
643,1,,126.683,1.6752793,bracketed,0.001929648,155.54562,0.003455959
644,1,,99.759,0.22205348,bracketed,0.033668304,3203.9218,0.018590397
645,1,,71.881,-0.67857212,bracketed,0.090763513,3.267635,0.26139444
646,1,,92.764,0.64152978,bracketed,0.021828238,25.71387,0.024127518
647,1,,114.412,5.0383274,bracketed,0.066058078,6357.5171,0.078930613
648,1,,62.356,8,gt_max,2.52E-12,51.867476,0.00856824
649,1,,86.898,1.5999368,bracketed,0.19105534,3.3621612,0.19206228
650,1,,119.008,0.58474645,bracketed,0.006350455,40.097089,0.014790418
651,1,,49.953,-1.5,lt_min,8.74E-07,59.48307,0.005788323
652,0,empty_output_log,74.753,,empty_output_log,,,
653,1,,59.475,1.5911602,bracketed,0.007393669,38.34354,0.010965068
654,1,,63.279,0.52859796,bracketed,0.074455077,4.899093,0.58130684
655,1,,102.601,1.5895735,bracketed,0.069007996,6.9558686,0.10349283
656,1,,48.584,2.2289261,bracketed,0.076807808,7.6874187,0.046323911
657,1,,101.076,0.17472182,bracketed,0.10470871,4.7661905,0.17532172
658,1,,88.313,0.125,lt_min,0.000146517,6.0024401,0.058644959
659,1,,74.715,-0.375,lt_min,0.000114053,4.8412414,0.080345079
660,1,,47.427,-2.671875,lt_min,0.000121058,117.33075,0.00237343
661,1,,40.245,-2.0625,lt_min,3.99E-06,54.883677,0.006369511
662,1,,42.828,8,gt_max,5.52E-07,501.8237,0.000970229
663,1,,92.98,2.0121485,bracketed,0.003922622,106.35103,0.005332734
664,1,,62.654,8,gt_max,0.002109873,225.17634,0.001744067
665,1,,80.883,1.0692825,bracketed,0.090102296,4.6222685,0.10618218
666,1,,70.821,0.75842818,bracketed,0.021130871,12.569981,0.048000466
667,1,,65.504,0.36946924,bracketed,0.096295466,3.4916195,0.43185975
668,1,,52.877,-1.3125,lt_min,0.01613785,5.4524259,0.089112528
669,1,,91.534,1.2557932,bracketed,0.013490853,15.290994,0.02754892
670,1,,42.921,-0.375,gt_max,7.48E-06,5861.6697,0.021532456
671,1,,34.561,-1.5,lt_min,-3.93E-08,60.669718,0.005733339
672,1,,57.464,3.5221611,bracketed,0.042824847,5.6760399,0.088278138
673,1,,81.878,1.651561,bracketed,0.061494028,5.8719156,0.11920874
674,1,,53.293,-0.43953708,bracketed,0.38744332,3.3922856,0.484705
675,1,,116.557,-0.83260544,bracketed,0.006332451,152.53142,0.002636747
676,1,,62.05,1.2502523,bracketed,0.001371823,117.1111,0.004670325
677,1,,76.823,1.0927926,bracketed,0.018113226,15.943512,0.037204192
678,1,,73.274,0.044950163,bracketed,0.087205977,4.631428,0.091818755
679,1,,51.253,-1.5,lt_min,5.56E-06,12.363801,0.0269889
680,1,,102.081,3.0867747,bracketed,0.32971184,5.4781654,0.086710788
681,1,,118.82,0.91081714,bracketed,0.002649841,2068.8434,0.001633839
682,1,,66.617,0.78130763,bracketed,0.004435977,65.807887,0.006539019
683,1,,101.166,-0.39521453,bracketed,0.046484284,5.696208,0.080499443
684,1,,83.824,2.0337909,bracketed,0.064653903,7.3228396,0.062786282
685,1,,128.017,2.01745,bracketed,0.11465525,6.7937684,0.3845343
686,1,,74.333,1.0658925,bracketed,0.048768251,5.924142,0.10844162
687,1,,135.283,2.4847953,bracketed,0.13168769,6.1306553,0.054939974
688,1,,40.158,8,gt_max,0.000625322,313.79572,0.001616744
689,1,,49.618,-0.375,lt_min,,12.598701,0.026560946
690,1,,137.54,0.67737585,bracketed,0.12341257,5.8303038,0.26109249
691,1,,108.939,-0.13818221,bracketed,0.004514028,3038.6204,0.00204613
692,1,,33.291,-1.875,lt_min,1.49E-08,55.465295,0.006328478
693,1,,75.713,1.6368373,bracketed,0.013035918,23.95534,0.018543509
694,1,,56.774,-1.9619665,bracketed,0.019360932,71.130217,0.004795868
695,1,,79.298,8,gt_max,0.000921766,300.59568,0.00166173
696,0,empty_output_log,130.295,,empty_output_log,,,
697,1,,74.216,8,gt_max,0.000623417,332.562,0.00151564
698,1,,188.019,1.5451085,bracketed,0.078778123,12.215259,0.084850931
699,1,,68.04,-1.875,lt_min,0.018944483,20.647543,0.017464246
700,1,,92.273,0.55732239,bracketed,0.14054096,3.8319911,0.12644919
701,1,,80.285,1.5022567,bracketed,0.022692975,11.411817,0.037300326
702,1,,121.819,0.5932571,bracketed,0.089559922,5.943787,0.16237618
703,1,,71.465,1.2053059,bracketed,0.012939761,20.272257,0.030443683
704,1,,84.985,1.3312666,bracketed,0.089799234,5.2795727,0.43009083
705,1,,109.173,2.6611457,bracketed,0.11116673,8.5232877,0.29103983
706,1,,116.905,1.043629,bracketed,0.070648675,5.3324878,0.40258029
707,1,,55.54,0.79431521,bracketed,0.019843249,23.215977,0.019697643
708,1,,85.579,8,gt_max,0.002042899,228.01929,0.001681428
709,1,,70.326,1.0964716,bracketed,0.12716699,4.3952109,0.17063742
710,1,,95.559,2.2580557,bracketed,0.071429901,13.460267,0.16189032
711,1,,50.438,1.0215201,bracketed,0.094441982,4.1800567,0.68829176
712,0,empty_output_log,75.383,,empty_output_log,,,
713,1,,45.378,,insufficient_points,,226.96899,0.001684428
714,1,,102.044,-2.2137932,bracketed,0.015346799,141.9736,0.002342621
715,1,,56.789,1.836665,bracketed,0.073174323,5.247912,0.35994234
716,1,,48.108,-0.75,lt_min,7.09E-05,34.875013,0.012691781
717,1,,76.248,-2.4176572,bracketed,0.15817275,52.525269,0.006688687
718,1,,108.304,3.5285475,bracketed,0.13426323,9.8982877,0.099486731
719,1,,61.201,1.5470786,bracketed,0.005915522,3040.1647,0.001145477
720,0,empty_output_log,105.909,,empty_output_log,,,
721,1,,90.908,1.1123233,bracketed,0.025902168,9.6202172,0.060553208
722,1,,48.89,0.13955872,bracketed,0.016273904,15.861521,0.038421453
723,1,,85.042,2.5298479,bracketed,0.19272372,6.6642067,0.16396341
724,0,empty_output_log,128.254,,empty_output_log,,,
725,1,,80.179,0.5,lt_min,5.28E-05,7.1575725,0.048863638
726,1,,66.659,0.5423891,bracketed,0.032489553,7.0705399,0.091658267
727,1,,89.732,0.143956,bracketed,0.003593029,71.040894,0.007951073
728,1,,67.211,-1.8423967,bracketed,0.014362876,56.558185,0.006046054
729,1,,80.797,2,gt_max,0.002744379,4.9940756,0.49791983
730,1,,49.554,-1.5,lt_min,1.41E-05,31.716689,0.011076342
731,1,,109.231,-0.75,lt_min,0.035212497,7.0364579,0.06351742
732,1,,126.102,1.5812558,bracketed,0.075295313,5.7217098,0.40745785
733,0,empty_output_log,80.395,,empty_output_log,,,
734,1,,95.492,3.0537032,bracketed,0.28869824,4.8447837,0.2642556
735,1,,63.271,-0.23840803,bracketed,0.025217762,7.0678951,0.047187455
736,1,,47.66,-1.5,lt_min,9.77E-08,24.710673,0.013985656
737,1,,116.477,0.68435946,bracketed,0.01221263,40.454452,0.011010764
738,0,empty_output_log,81.456,,empty_output_log,,,
739,1,,59.118,-1.4296875,lt_min,-4.38E-05,12.78648,0.026684397
740,1,,120.722,1.6231177,bracketed,0.082166978,12.161297,0.034301536
741,1,,105.585,-0.44185831,bracketed,0.096693031,3.180995,0.29319899
742,0,empty_output_log,86.475,,empty_output_log,,,
743,1,,183.34,2.8711931,bracketed,0.22213309,5.9300537,0.24710794
744,1,,226.175,2.2097247,bracketed,0.067777114,31.242251,0.14176462
745,1,,109.817,0.58100501,bracketed,0.14578976,4.9227863,0.14969275
746,1,,269.593,1.5922726,bracketed,0.057809119,6.8775855,0.050099309
747,1,,112.946,1.7468009,bracketed,0.022813788,18.993435,0.033000199
748,1,,117.171,-0.33514088,bracketed,0.12844651,6.1108199,0.103228
749,0,empty_output_log,155.05,,empty_output_log,,,
750,1,,78.215,2.054775,bracketed,0.073175142,9168.8377,0.000448172
751,1,,88.432,2.545699,bracketed,0.34251802,7.5780524,0.28622702
752,1,,95.442,2.5010033,bracketed,0.044504387,6.0464453,0.10873436
753,1,,71.984,3.8046101,bracketed,0.046363658,14.532437,0.094434895
754,1,,57.868,-0.9375,lt_min,0.019021564,6.3957414,0.056884868
755,1,,64.954,8,gt_max,0.000758919,260.92274,0.001231866
756,1,,48.412,8,gt_max,3.51E-06,371.19297,0.000993791
757,1,,103.556,8,gt_max,0.000652903,225.63055,0.002293827
758,1,,32.147,8,gt_max,1.42E-06,265.06934,0.001430264
759,1,,158.409,3.5365651,bracketed,0.16936287,4.8190771,0.3924435
760,1,,84.653,1.5505262,bracketed,0.075086126,4.0881434,0.14732022
761,1,,86.253,1.1785487,bracketed,0.093477685,3.8706153,0.65878458
762,1,,32.621,1.0658779,bracketed,0.10214604,3.2502318,0.75708268
763,1,,103.859,8,gt_max,0.005586861,241.31935,0.001631058
764,1,,130.185,4.096764,bracketed,0.054390934,24.337363,0.11852157
765,0,empty_output_log,81.672,,empty_output_log,,,
766,1,,71.254,-2.25,lt_min,1.07E-07,72.731692,0.004645457
767,1,,84.126,1.6270791,bracketed,0.090990326,4.7207524,0.30348326
768,1,,58.536,0.56472063,bracketed,0.051908924,7.8693356,0.058824504
769,1,,43.17,-1.5,lt_min,2.09E-09,113.08159,0.002986883
770,1,,55.935,-0.75,lt_min,1.09E-05,68.288237,0.006399895
771,1,,75.61,-2.9648438,lt_min,7.07E-05,145.70247,0.002262337
772,1,,154.383,3.732296,bracketed,0.2445368,6.544627,0.18159735
773,1,,68.323,0.75442276,bracketed,0.033892323,12.660565,0.047713718
774,1,,116.108,-0.44053488,bracketed,0.025739557,7.7203078,0.056618801
775,1,,150.565,1.6128226,bracketed,0.007722454,63.018865,0.009260937
776,1,,92.017,0.50717604,bracketed,0.036774158,4097.912,0.016676377
777,1,,149.077,-0.43565915,bracketed,0.077915935,3.5956502,0.23070852
778,1,,78.042,0.57443483,bracketed,0.005052239,34.678745,0.017471663
779,1,,53.102,-1.5,lt_min,5.71E-05,14.633376,0.025200218
780,1,,305.89,3.0094254,bracketed,0.058575806,9.2461156,0.15353613
781,1,,88.664,-0.75,lt_min,2.24E-07,87.216008,0.004719119
782,1,,188.947,0.92084074,bracketed,0.22489026,5.340876,0.4139725
783,1,,80.143,0.58363464,bracketed,0.050372346,5.0872151,0.098294021
784,1,,131.277,0.54053354,bracketed,0.038913096,6.6185136,0.050430627
785,1,,106.152,-1.7585989,bracketed,0.008956564,42.268191,0.007026196
786,1,,127.762,-1.21875,lt_min,1.55E-05,58.939695,0.005988887
787,1,,133.385,8,gt_max,0.000715485,340.5199,0.001127848
788,1,,142.902,-0.73987582,bracketed,0.011340514,68.190852,0.006141305
789,1,,138.349,0.75348717,bracketed,0.051130248,6.4217403,0.074508591
790,1,,249.574,2.0180411,bracketed,0.064292071,6.2367319,0.4088465
791,1,,182.039,1.7950585,bracketed,0.10876973,5.0113393,0.21980084
792,1,,119.141,1.3150716,bracketed,0.016213851,16.353255,0.036634539
793,1,,188.212,0.52100987,bracketed,0.1720492,5.3610552,0.23583658
794,1,,335.392,1.4587758,bracketed,0.48249641,5.9083348,0.4618471
795,1,,118.091,-0.14537358,bracketed,0.073286855,5.3736084,0.079315946
796,1,,165.2,-2.4019405,bracketed,0.007894421,221.26879,0.001451778
797,1,,138.627,-0.24482274,bracketed,0.024904188,20.481323,0.020422156
798,1,,177.986,2.0038652,bracketed,0.055231132,6.9843898,0.32490266
799,1,,81.376,1.9620613,bracketed,0.001103465,185.8057,0.002073829
800,1,,81.208,0.19686974,bracketed,0.087682803,4.3691474,0.41784923
801,1,,102.24,1.4540133,bracketed,0.090993187,4.9066205,0.41830278
802,1,,47.535,1.3469421,bracketed,0.091505314,4.7286014,0.76090616
803,1,,105.32,0.93402581,bracketed,0.12886875,4.4191252,0.7343888
804,1,,61.701,1.3059013,bracketed,0.097244545,3.4263711,0.700203
805,1,,125.079,-0.17495175,bracketed,0.14268528,3.7835105,0.54111759
806,1,,41.721,1.0255304,bracketed,0.10390539,3.2074438,0.78819453
807,1,,86.769,1.0306691,bracketed,0.098319761,4.3092253,0.78379832
808,1,,177.827,1.4485208,bracketed,0.37003504,4.8009755,0.5402277
809,1,,257.335,0.47104385,bracketed,0.083530293,3.6370711,0.66763865
810,1,,204.854,1.3833792,bracketed,0.58315727,3.7333359,0.65894604
811,1,,121.303,0.72140851,bracketed,0.13057985,5.3509734,0.69799348
812,1,,177.83,0.050181619,bracketed,0.22540273,3.8504024,0.51163143
813,1,,84.681,1.3166416,bracketed,0.092652404,5.0199346,0.77408995
814,1,,95.536,1.3197473,bracketed,0.099797945,4.335564,0.80174478
815,1,,97.862,0.91978799,bracketed,0.089152213,4.4309236,0.77309649
816,1,,48.491,1.3696475,bracketed,0.10269382,3.1164021,0.7201611
817,0,empty_output_log,184.92,,empty_output_log,,,
818,1,,116.097,1.2628293,bracketed,0.093532942,3.4537728,0.70722181
819,1,,77.306,1.336778,bracketed,0.09349573,4.4730773,0.76277842
820,1,,140.135,1.404003,bracketed,0.1131745,4.7507754,0.69923061
821,1,,129.833,-0.10877053,bracketed,0.15536013,3.3894795,0.64531208
822,1,,109.13,1.3435028,bracketed,0.10601258,3.5529618,0.633513
823,1,,137.899,0.80317676,bracketed,0.13161438,5.0077493,0.66917243
824,1,,90.409,0.47298786,bracketed,0.092247275,6.886136,0.28967981
825,1,,83.718,1.2316128,bracketed,0.094560988,4.7329622,0.77648868
826,1,,68.406,1.2718081,bracketed,0.315971,6.2295925,0.81534744
827,1,,173.734,0.60342198,bracketed,3.1186188,3.8215264,0.6960089
828,1,,74.252,1.3035678,bracketed,0.10064587,3.2681113,0.73027383
829,1,,245.732,0.011290436,bracketed,0.31347778,4.4985633,0.75823152
830,1,,86.752,1.4628968,bracketed,0.094901094,3.6261597,0.69789716
831,1,,88.462,1.2127468,bracketed,0.094675708,4.23402,0.68756519
832,1,,127.745,1.2,gt_max,7.63E-05,4.8466241,0.69292347
833,1,,151.876,0.11728267,bracketed,0.31756363,3.5528808,0.61156665
834,1,,66.435,1.553475,bracketed,0.087325203,4.015962,0.59985242
835,1,,182.52,0.80476816,bracketed,0.097149751,7.8368279,0.14947232
836,1,,63.882,0.28283777,bracketed,0.091258076,4.0965659,0.84628916
837,1,,80.175,1.1892029,bracketed,0.098522869,4.5721575,0.7770925
838,1,,70.909,1.4775279,bracketed,0.31774968,6.7534527,0.79061795
839,1,,94.469,-5.5,gt_max,,3.9274029,0.74892086
840,1,,75.906,1.4546996,bracketed,0.10048964,3.2940068,0.70276261
841,1,,188.334,-0.67663959,bracketed,0.2021973,4.0472807,0.491019
842,1,,72.504,1.1447917,bracketed,0.098169818,3.2969854,0.59748938
843,1,,127.961,1.3503069,bracketed,0.089676608,4.2590595,0.51576923
844,1,,173.331,1.425,gt_max,0.003784131,4.8249867,0.66643851
845,0,empty_output_log,82.702,,empty_output_log,,,
846,1,,63.582,1.4859394,bracketed,0.096108394,3.6040204,0.66119353
847,1,,106.049,0.69826032,bracketed,0.20207591,4.4715314,0.62610585
848,1,,63.764,0.42097337,bracketed,0.093769275,3.9985741,0.81508417
849,1,,78.055,1.1339077,bracketed,0.21942079,5.1827499,0.82284778
850,1,,70.247,1.0617654,bracketed,0.094392434,5.098939,0.82408447
851,1,,65.621,0.85448493,bracketed,0.11417458,3.9465343,0.82938288
852,1,,53.799,1.3349021,bracketed,0.10684454,3.1210891,0.77205068
853,1,,94.806,-0.31363161,bracketed,0.21427757,4.1080159,0.74263873
854,1,,49.838,1.0320543,bracketed,0.10775234,3.2304034,0.83290938
855,1,,156.679,1.1147807,bracketed,0.099378051,3.8279557,0.71177174
856,1,,179.238,1.4615987,bracketed,0.11097714,4.7607386,0.48332341
857,1,,98.746,0.13406126,bracketed,0.081066351,3.6652244,0.55382096
858,1,,152.172,1.3370864,bracketed,0.2386484,4.0848617,0.69446435
859,1,,152.385,0.75945928,bracketed,0.078579603,4.9486632,0.51395429
860,1,,113.085,0.22438221,bracketed,0.32107567,4.3724333,0.80864729
861,1,,67.844,1.4766957,bracketed,0.088436465,5.2473559,0.74164593
862,1,,46.366,1.3405001,bracketed,0.15660423,7.1243366,0.80874518
863,1,,62.789,0.7982915,bracketed,0.21217664,3.9856249,0.85680037
864,1,,38.798,1.4263672,bracketed,0.10791792,3.2417546,0.77559419
865,1,,109.55,0.18753095,bracketed,0.083280369,3.922545,0.64000701
866,1,,46.039,1.3055946,bracketed,0.09751677,3.3764441,0.71940828
867,1,,123.857,1.2193675,bracketed,0.10310845,4.5575762,0.59564141
868,1,,170.991,1.4248579,bracketed,0.14663507,8.0291645,0.005505423
869,1,,56.989,0.075967816,bracketed,0.085624601,3.3981237,0.69142244
870,1,,47.942,1.4266594,bracketed,0.10022532,3.7601665,0.75491785
871,1,,79.694,0.85089346,bracketed,0.076660749,5.0060884,0.63418317
872,1,,46.773,0.20907936,bracketed,0.089988788,3.856721,0.65361106
873,1,,57.479,1.2345245,bracketed,0.28198164,7.7905994,0.81760503
874,1,,92.523,1.2644994,bracketed,0.091352801,4.3919302,0.73571813
875,1,,82.622,0.81807319,bracketed,0.15089298,4.3519839,0.57191996
876,1,,37.452,1.430526,bracketed,0.10397315,3.259214,0.74874881
877,1,,91.321,0.1537666,bracketed,0.11477551,4.2646822,0.7347594
878,1,,96.812,1.4652892,bracketed,0.27724855,3.5335352,0.62100954
879,1,,55.706,1.1309188,bracketed,0.1011406,3.98913,0.50564769
880,1,,72.061,1.6394531,bracketed,0.006205183,109.44332,0.003456904
881,0,empty_output_log,66.356,,empty_output_log,,,
882,1,,117.743,1.1977959,bracketed,0.02758413,21.481296,0.026022316
883,0,empty_output_log,126.187,,empty_output_log,,,
884,0,empty_output_log,118.312,,empty_output_log,,,
885,1,,95.481,-0.24162106,bracketed,0.18808006,4.7059632,0.29934274
886,1,,93.585,0.8831895,bracketed,0.20834104,8616.3017,0.021436212
887,1,,152.046,1.3377233,bracketed,0.011306316,61.484495,0.0087779
888,1,,77.539,1.3145896,bracketed,0.09722476,4.4187446,0.79566761
889,1,,105.573,1.5257878,bracketed,0.051744887,8.020485,0.070676093
890,1,,117.702,1.5040072,bracketed,0.016598393,2473.0029,0.001360592
891,1,,70.239,1.4685799,bracketed,0.098520488,5.0051626,0.088906126
892,1,,87.179,1.3792533,bracketed,0.009040603,115.40061,0.003345311
893,1,,107.837,1.1393013,bracketed,0.10289916,4.0148464,0.22462779
894,1,,75.422,1.1112566,bracketed,0.03173292,4163.8253,0.000950623
895,1,,143.711,1.3401115,bracketed,0.12991132,7.0760283,0.079723316
896,0,empty_output_log,103.437,,empty_output_log,,,
897,1,,115.627,0.93016515,bracketed,0.12227975,3.6940942,0.29615978
898,1,,83.907,1.0303717,bracketed,0.076760328,4.6375331,0.61800089
899,1,,95.363,1.3162146,bracketed,0.010467773,62.91098,0.008779868
900,1,,49.908,1.3931929,bracketed,0.095190123,4.4159037,0.76602304
901,1,,95.699,1.3779808,bracketed,0.042644927,11.110009,0.050886887
902,1,,85.491,0.95919727,bracketed,0.009047831,79.635042,0.006710388
903,1,,76.86,0.80314042,bracketed,0.12454033,5.3147306,0.15239876
904,1,,90.232,-0.39909329,bracketed,0.004032605,64.562714,0.005881276
905,0,empty_output_log,76.644,,empty_output_log,,,
906,1,,78.104,0.9784165,bracketed,0.044970979,11.295366,0.049531639
907,1,,93.552,1.4273925,bracketed,0.068921242,6.1884769,0.10203269
908,1,,168.279,1.6314146,bracketed,0.040551394,11.910774,0.019746714
909,1,,92.293,1.4483086,bracketed,0.15204404,7171.3024,0.036869892
910,1,,70.383,1.3343053,bracketed,0.07026206,4.9035154,0.54968151
911,1,,90.125,1.3054875,bracketed,0.011383298,55.853163,0.00970113
912,1,,53.697,1.340292,bracketed,0.28791543,8.1415121,0.80926804
913,1,,108.991,1.605439,bracketed,0.066472883,5.7088989,0.11591182
914,1,,109.696,0.65438273,bracketed,0.010329713,74.049029,0.007424875
915,1,,120.924,1.6772171,bracketed,0.0923536,,2.52E-05
916,1,,148.207,1.1343687,bracketed,0.014906471,87.679258,0.004293462
917,0,empty_output_log,95.517,,empty_output_log,,,
918,1,,197.958,1.4328199,bracketed,0.060879447,8.703821,0.066384098
919,1,,122.702,1.4220627,bracketed,0.079730545,5.35952,0.13190215
920,1,,110.739,1.601508,bracketed,0.078056433,14.402434,0.099543918
921,1,,112.468,1.3781428,bracketed,0.090432951,4.7653181,0.37386817
922,1,,108.501,1.3224963,bracketed,0.20748209,5.2253519,0.51386706
923,1,,137.151,1.3387229,bracketed,0.018695249,48.437913,0.011055113
924,1,,49.594,1.1827597,bracketed,0.097117795,4.6778291,0.8226976
925,1,,77.174,1.1056453,bracketed,0.068166676,9.2599703,0.062573306
926,1,,90.326,0.74764677,bracketed,0.006719271,98.364383,0.00547954
927,1,,80.423,0.96498217,bracketed,0.090964444,5.9188053,0.081572077
928,1,,103.279,0.9309339,bracketed,0.006625966,108.66241,0.003457037
929,0,empty_output_log,110.758,,empty_output_log,,,
930,1,,95.393,1.0243885,bracketed,0.041833111,13.736487,0.0410096
931,0,empty_output_log,100.457,,empty_output_log,,,
932,0,empty_output_log,95.051,,empty_output_log,,,
933,1,,136.833,1.4078185,bracketed,3.6035324,5.0623074,0.43471492
934,1,,125.336,0.99706211,bracketed,0.12425027,4.3178817,0.50777179
935,1,,121.559,0.53296457,bracketed,0.010689808,68.157136,0.007872607
936,1,,45.647,1.1173003,bracketed,0.24939109,5.5561498,0.8268712
937,1,,90.541,1.2043413,bracketed,0.045771616,10.375978,0.054529818
938,1,,114.982,0.63335254,bracketed,0.006663104,182.83413,0.003558701
939,1,,83.392,1.8716427,bracketed,0.20575893,5.9900321,0.10527964
940,1,,87.735,8,gt_max,0.000991005,360.07386,0.000836079
941,1,,57.679,0.27285505,bracketed,0.003414247,189.74938,0.002658402
942,1,,65.733,-2.2160446,bracketed,0.008805688,123.2729,0.002614224
943,1,,47.935,8,gt_max,1.93E-09,236.08996,0.001289042
944,1,,118.052,2.6263612,bracketed,0.11586604,5.8587487,0.32693734
945,1,,64.411,-2.625,lt_min,0.000127988,139.50695,0.002250225
946,1,,75.33,0.5264758,bracketed,0.12827794,9201.9304,0.035305719
947,1,,70.532,1.587264,bracketed,0.10629115,7.4245603,0.231752
948,1,,178.734,0.21247494,bracketed,0.074166293,6.6485208,0.3995772
949,1,,87.932,7.703125,gt_max,2.64E-05,249.21031,0.001239823
950,1,,71.514,2.133807,bracketed,0.009622977,74.327346,0.007182375
951,1,,70.768,4.1844863,bracketed,0.080551486,23.562694,0.15766672
952,1,,68.642,0.36323574,bracketed,0.004246617,184.79291,0.002770982
953,1,,69.887,-0.59715231,bracketed,0.001874165,221.44268,0.001424791
954,1,,106.788,-0.96437203,bracketed,0.2466311,2.6304524,0.40304003
955,1,,102.082,4.0625,gt_max,0.001807621,9793.8042,0.000670643
956,1,,49.726,1.106309,bracketed,0.091218479,4.744055,0.63311738
957,1,,117.479,1.0320252,bracketed,0.089523359,8404.1715,0.030769589
958,1,,75.617,0.21190515,bracketed,0.34867257,5.0130504,0.70195647
959,1,,53.749,1.4238248,bracketed,0.1094394,3.0554505,0.72545927
960,1,,50.121,0.51746896,bracketed,0.2779581,4.1329543,0.52784905
961,1,,54.241,1.2238819,bracketed,0.13062465,5.4724254,0.82343597
962,1,,50.741,1.1689982,bracketed,0.2782287,5.2538351,0.82365373
963,1,,71.433,1.119404,bracketed,0.091530146,4.061813,0.67981364
964,1,,38.971,1.3337803,bracketed,0.10075026,3.4593034,0.75557094
965,1,,97.16,0.06224783,bracketed,0.099763993,4.7042283,0.57575058
966,1,,33.573,1.0461556,bracketed,0.10398119,3.0441553,0.72827376
967,1,,98.893,1.0607918,bracketed,0.43985537,4.1528827,0.4978242
968,1,,51.749,1.3115973,bracketed,0.088017238,4.7087686,0.60321658
969,1,,125.113,0.019491676,bracketed,0.20318853,3.8181687,0.58951624
970,1,,101.059,1.4317585,bracketed,0.10878794,4.0127821,0.59441534
971,1,,91.674,1.2812346,bracketed,0.073649271,5.6200415,0.60557164
972,1,,92.8,1.1280759,bracketed,0.13698289,6.7676992,0.18044633
973,1,,101.84,0.20362799,bracketed,0.09796088,4.6055562,0.001808047
974,1,,85.958,0.21286353,bracketed,0.10859401,3.2442716,0.64298973
975,1,,72.597,1.4312874,bracketed,0.066565924,10668.527,0.000406621
976,1,,205.656,0.4078445,bracketed,0.17104252,5.222218,0.46023804
977,1,,69.082,1.7495176,bracketed,0.086006162,3.8058718,0.55595086
978,1,,87.872,0.7154774,bracketed,0.16092531,4.1935943,0.50328381
979,1,,118.15,0.63406004,bracketed,0.085618178,4.6252086,0.41821375
980,1,,95.148,0.034983163,bracketed,0.1147463,4.1886215,0.50764348
981,1,,82.015,1.3398281,bracketed,0.090387943,4.740049,0.69665759
982,1,,48.27,1.355463,bracketed,0.099446169,4.4224339,0.79191606
983,1,,46.007,1.2162091,bracketed,0.09400283,4.2484419,0.76746493
984,1,,32.794,1.1278437,bracketed,0.11349759,2.9410249,0.83836633
985,1,,84.613,0.080702192,bracketed,0.085303994,4.2598826,0.49592562
986,1,,59.202,1.0125,gt_max,0.00250241,3.3323889,0.75162714
987,1,,95.842,0.98125,gt_max,3.69E-05,4.2750414,0.81023885
988,1,,116.128,1.628987,bracketed,0.081178023,5.050877,0.63956635
989,1,,84.98,-0.42401074,bracketed,0.36978784,3.6536349,0.73882477
990,1,,55.373,1.2245257,bracketed,0.093041988,3.9449876,0.66159462
991,1,,98.723,0.90539682,bracketed,0.13074114,5.2895042,0.423193
992,1,,96.071,1.2405075,bracketed,0.12397542,3.8201676,0.46542882
993,1,,109.121,0.24544655,bracketed,0.088077043,3.5182639,0.40423926
994,0,empty_output_log,98.262,,empty_output_log,,,
995,1,,72.184,1.1699075,bracketed,0.080163988,4.6932801,0.57984489
996,1,,106.176,-0.19413774,bracketed,0.17570913,5.6918428,0.42807027
997,1,,53.156,1.8441964,bracketed,0.087855171,3.7282728,0.55696483
998,0,empty_output_log,98.318,,empty_output_log,,,
999,1,,111.162,0.70550166,bracketed,0.091243618,4.7602513,0.53830252
1000,1,,47.04,0.25243381,bracketed,0.093897804,3.9062246,0.79740256
1001,1,,53.256,1.3205007,bracketed,0.091736964,5.0602818,0.77241399
1002,1,,46.767,1.3015667,bracketed,0.097179938,4.3788402,0.79478325
1003,1,,115.191,0.82868868,bracketed,0.16249071,4.1438757,0.75273196
1004,1,,68.463,1.4543206,bracketed,0.099948345,3.2902871,0.69189456
1005,1,,77.77,0.070261073,bracketed,0.11051746,4.2687041,0.78162769
1006,1,,161.997,1.2602046,bracketed,0.099433284,3.5629565,0.65102079
1007,1,,104.58,1.0045284,bracketed,0.09380328,3.9900925,0.47117607
1008,1,,84.58,1.3616167,bracketed,0.08720141,4.6202862,0.59093947
1009,1,,241.634,0.24803651,bracketed,0.70837914,4.4217574,0.42749305
1010,1,,197.973,1.2848926,bracketed,0.15458776,4.1160901,0.63976442
1011,1,,82.747,1.0125052,bracketed,0.078224635,4.9010233,0.68259757
1012,1,,145.256,1.0517086,bracketed,0.24683189,4.644233,0.2709992
1013,1,,165.707,0.3477154,bracketed,0.14203606,3.172576,0.46017081
1014,1,,151.403,0.10292647,bracketed,0.48031873,3.1351639,0.59671107
1015,0,empty_output_log,98.913,,empty_output_log,,,
1016,1,,160.422,1.1904766,bracketed,0.10454671,9361.9281,0.017728781
1017,1,,105.631,1.3721955,bracketed,0.049976755,3.3072109,0.61885543
1018,1,,181.113,0.46466877,bracketed,0.23598829,4.5532256,0.60418843
1019,1,,174.044,0.35204758,bracketed,0.093612554,4.733069,0.47101192
1020,1,,135.131,-4.5,gt_max,4.13E-06,3.6652376,0.83879871
1021,1,,96.509,1.2091841,bracketed,0.2530972,8.047609,0.81807929
1022,1,,78.219,1.3393357,bracketed,0.10123591,4.0196803,0.78689633
1023,1,,131.223,0.73260851,bracketed,0.12323981,3.9769594,0.80448067
1024,1,,130.795,1.2599608,bracketed,0.098791449,3.2975595,0.69096891
1025,1,,147.131,0.04665318,bracketed,1.2994114,4.2089537,0.70903183
1026,1,,97.161,1.106541,bracketed,0.13584071,3.3315487,0.70244948
1027,1,,47.133,1.193734,bracketed,0.09871276,4.3961003,0.74034502
1028,1,,55.551,1.4983062,bracketed,0.087009758,4.830688,0.68159541
1029,1,,275.001,0.16714746,bracketed,0.11497822,3.5841281,0.4821394
1030,1,,148.997,1.6547181,bracketed,0.36251366,3.8093443,0.62444916
1031,0,empty_output_log,124.147,,empty_output_log,,,
1032,1,,114.537,0.70479813,bracketed,0.1255355,3.8370901,0.73725076
1033,1,,132.467,0.23503899,bracketed,0.087148596,3.7073795,0.8353671
1034,1,,107.012,0.23115967,bracketed,0.097053494,3.165273,0.67616201
1035,1,,154.235,0.55507128,bracketed,0.19452579,4.6111946,0.57992246
1036,1,,201.247,0.40676435,bracketed,0.28365269,5.31233,0.59409012
1037,1,,74.334,1.0984912,bracketed,0.088755899,3.4082564,0.58431921
1038,1,,109.598,0.62951497,bracketed,0.19381172,4.7720178,0.51842955
1039,1,,98.721,0.90658127,bracketed,0.23066935,4.9764655,0.54292355
1040,1,,144.303,0.31395327,bracketed,0.48569352,4.3109306,0.79195116
1041,1,,80.326,1.0091747,bracketed,0.095691022,4.7796449,0.73017736
1042,1,,73.836,1.3266334,bracketed,0.099106692,4.4743637,0.80089949
1043,1,,100.634,0.72694821,bracketed,0.097815876,3.6231443,0.78142984
1044,1,,55.135,1.3087519,bracketed,0.10616331,3.2703957,0.78704247
1045,1,,164.043,-0.44879939,bracketed,0.080252279,4.3198249,0.77955541
1046,1,,98.763,0.74195689,bracketed,0.088151643,3.5487311,0.60879088
1047,1,,118.028,1.1,gt_max,0.002211585,4.5528971,0.74698168
1048,1,,103.417,1.529887,bracketed,0.091721022,4.465123,0.69806017
1049,1,,147.581,0.020525874,bracketed,0.1324665,3.5163816,0.61251006
1050,1,,84.75,1.7259066,bracketed,0.085921807,4.0604723,0.56044837
1051,1,,142.653,1.1035854,bracketed,0.091291824,4.9758367,0.61643046
1052,1,,178.668,1.453301,bracketed,0.12724654,4.1199867,0.50443591
1053,1,,78.494,0.15953738,bracketed,0.092171253,3.438855,0.35259267
1054,1,,129.179,-0.48078435,bracketed,0.7096821,3.0774947,0.61556247
1055,1,,282.883,0.52921509,bracketed,0.49967881,4.7250205,0.58254714
1056,1,,170.675,0.8276714,bracketed,0.07461601,5.0065728,0.56043961
1057,1,,183.726,1.6535902,bracketed,0.10108074,3.623555,0.57103688
1058,1,,84.313,1.0568465,bracketed,0.12087122,5.0619425,0.59244072
1059,1,,55.489,0.88517328,bracketed,0.08350483,4.7487485,0.71136716
1060,1,,54.176,0.26998983,bracketed,0.11775871,4.301686,0.87158298
1061,1,,50.745,1.359405,bracketed,0.093801881,4.9875867,0.77092441
1062,1,,63.759,1.5838868,bracketed,0.092632538,4.5307998,0.71600817
1063,1,,86.264,0.72273232,bracketed,0.21208106,4.5157068,0.76182311
1064,1,,85.369,1.0375,gt_max,5.87E-05,3.2183715,0.71846496
1065,1,,206.035,0.10767571,bracketed,0.3714407,4.3134097,0.56940033
1066,1,,42.853,1.3004013,bracketed,0.090694231,3.485858,0.65661552
1067,1,,70.178,1.3214036,bracketed,0.093053045,4.6473796,0.75101432
1068,1,,146.367,1.3427637,bracketed,0.51960223,4.5615632,0.71650023
1069,0,empty_output_log,76.511,,empty_output_log,,,
1070,1,,36.44,1.4187773,bracketed,0.096154315,3.7271516,0.70596427
1071,1,,125.488,0.71300111,bracketed,0.1257989,9.8025166,0.22317077
1072,0,empty_output_log,85.426,,empty_output_log,,,
1073,1,,163.753,-0.24950288,bracketed,0.15884388,3.371608,0.60429426
1074,1,,125.716,-0.010092212,bracketed,0.19249226,2.8809993,0.68034849
1075,1,,280.924,0.92782753,bracketed,0.086358067,5.6669614,0.31128827
1076,1,,143.746,0.31185966,bracketed,0.16015431,5951.5932,0.041996156
1077,1,,99.75,1.9056439,bracketed,0.088098902,4.0510876,0.52830672
1078,1,,120.682,0.60418512,bracketed,0.18875746,4.132964,0.35701573
1079,1,,163.015,0.7291151,bracketed,0.19707399,4.7977296,0.68302455
1080,1,,95.248,0.28744999,bracketed,0.24257025,3.7973758,0.84114933
1081,1,,121.333,1.2,gt_max,5.26E-05,5.2505209,0.66890132
1082,1,,72.065,1.3587581,bracketed,0.10050868,4.3178263,0.79849932
1083,1,,141.871,0.91937927,bracketed,0.7484937,4.0199228,0.70983039
1084,1,,61.775,1.2323183,bracketed,0.11106437,2.9240655,0.78246592
1085,1,,191.523,-0.48476627,bracketed,0.28702316,3.6752554,0.54558148
1086,1,,78.72,1.3160615,bracketed,0.094228644,3.5385756,0.70709663
1087,1,,215.561,1.0715611,bracketed,0.1448407,4.2807977,0.59940933
1088,1,,154.666,1.3322742,bracketed,0.018954413,4.6791979,0.74572299
1089,1,,121.704,0.009234494,bracketed,0.15183416,3.573884,0.54267786
1090,1,,189.704,1.2630535,bracketed,0.29919256,3.6382477,0.712771
1091,1,,90.957,0.85729055,bracketed,0.079383701,5.2495694,0.73145888
1092,1,,196.077,1.1030765,bracketed,0.28890829,5.9970622,0.31629844
1093,1,,148.921,-0.38275669,bracketed,0.53335488,3.198643,0.48561786
1094,1,,179.94,0.32331303,bracketed,1.3117976,4.3178423,0.38548387
1095,1,,184.07,0.90793174,bracketed,0.28321735,6.2343032,0.32082683
1096,1,,255.308,0.59640248,bracketed,0.07576305,5.231085,0.57929038
1097,0,empty_output_log,168.23,,empty_output_log,,,
1098,1,,244.523,0.84479843,bracketed,0.078025378,,
1099,1,,120.007,0.70095546,bracketed,0.078070095,5.0696667,0.55219442
1100,1,,208.046,0.13746064,bracketed,2.2317902,4.0501184,0.71198859
1101,1,,98.21,1.3326104,bracketed,0.090648801,4.8841291,0.74640454
1102,1,,63.542,1.4387431,bracketed,0.095889965,4.3198619,0.75592814
1103,1,,68.393,0.74568488,bracketed,0.097191532,3.944774,0.85073214
1104,1,,35.978,1.4636961,bracketed,0.10121548,3.3291444,0.72297131
1105,1,,69.008,0.18323218,bracketed,0.1271738,4.5483563,0.76648652
1106,1,,58.782,1.2833816,bracketed,0.091806911,3.7372407,0.7071295
1107,1,,46.641,1.0711531,bracketed,0.10203407,3.9389385,0.55737153
1108,1,,101.826,1.4839171,bracketed,0.084767023,4.6744581,0.6294076
1109,1,,89.83,0.402284,bracketed,0.078017152,4.0802112,0.49976544
1110,1,,78.627,1.6316144,bracketed,0.086189003,4.1827872,0.6386926
1111,1,,92.303,1.074566,bracketed,0.11722799,5.3373936,0.65149207
1112,1,,126.428,1.3179848,bracketed,0.30925801,9500.0775,0.000514138
1113,1,,81.48,0.49240451,bracketed,0.084663882,3.9646198,0.71356914
1114,0,empty_output_log,76.327,,empty_output_log,,,
1115,1,,148.29,0.46787789,bracketed,0.13761501,6.3315591,0.24992305
1116,1,,131.182,-0.70328358,bracketed,0.10393761,5.3732777,0.50725737
1117,1,,74.02,1.4057987,bracketed,0.098393059,3.57983,0.66468918
1118,1,,69.059,0.73350477,bracketed,0.07254658,4.3836257,0.60146379
1119,0,empty_output_log,134.742,,empty_output_log,,,
1120,1,,44.062,0.30573397,bracketed,0.095092166,3.7745153,0.82832121
1121,1,,56.952,1.2996452,bracketed,0.096297109,5.5999412,0.81865872
1122,1,,62.792,1.4067477,bracketed,0.13602316,4.7677179,0.61696021
1123,1,,150.361,0.73383429,bracketed,0.14672424,3.8258823,0.77733175
1124,1,,40.167,1.3265172,bracketed,0.096416301,3.5741913,0.67960733
1125,1,,56.722,-0.70190602,bracketed,0.090634092,3.9513395,0.59102299
1126,1,,77.915,1.0698967,bracketed,0.36021011,3.4233925,0.7370931
1127,1,,76.962,1.4034144,bracketed,0.094302689,4.4179936,0.75389404
1128,1,,91.051,1.2766654,bracketed,0.016302974,4.3680461,0.74689351
1129,0,empty_output_log,98.008,,empty_output_log,,,
1130,1,,38.343,1.2448332,bracketed,0.096153543,3.7837977,0.70491723
1131,1,,152.839,0.47261676,bracketed,0.18483929,5.2970224,0.66492788
1132,1,,51.949,1.1128488,bracketed,0.082666673,3.9318797,0.618857
1133,1,,64.696,-0.1257448,bracketed,0.24363315,3.2695071,0.39079886
1134,0,empty_output_log,69.997,,empty_output_log,,,
1135,1,,113.824,1.1772331,bracketed,0.079756645,4.5965833,0.49256211
1136,1,,131.293,0.73635024,bracketed,0.096485448,5.3340317,0.35633506
1137,1,,69.248,1.6122347,bracketed,0.084931963,3.8707334,0.52150699
1138,1,,100.579,0.64203522,bracketed,0.081924166,4.1528926,0.63597583
1139,0,empty_output_log,88.023,,empty_output_log,,,
1140,1,,94.31,0.31825601,bracketed,0.087772385,4.1562424,0.79652283
1141,1,,78.142,1.2538729,bracketed,0.09930767,4.8360694,0.81570048
1142,1,,87.14,1.4077763,bracketed,0.38155849,9.4331037,0.67343596
1143,1,,104.445,0.84799456,bracketed,1.3365512,4.3587231,0.78334025
1144,1,,53.094,1.422444,bracketed,0.099559166,3.3507097,0.71459446
1145,0,empty_output_log,105.83,,empty_output_log,,,
1146,1,,59.976,1.3133414,bracketed,0.099280531,3.462541,0.74389346
1147,1,,72.741,1.1359853,bracketed,0.096743648,4.3435273,0.60926566
1148,1,,102.07,1.6203713,bracketed,0.090498198,4.7709689,0.69102824
1149,1,,106.483,0.30892409,bracketed,0.084673528,3.9802706,0.46658028
1150,1,,213.178,1.558663,bracketed,0.10372076,4.0519965,0.57764949
1151,1,,107.736,0.71765337,bracketed,0.082537401,8.9544248,0.23138236
1152,0,empty_output_log,55.345,,empty_output_log,,,
1153,1,,144.579,-0.3729666,bracketed,0.16863598,3.2361254,0.41213142
1154,0,empty_output_log,65.399,,empty_output_log,,,
1155,1,,162.342,0.74120044,bracketed,0.15702632,4.4975337,0.66177193
1156,1,,155.233,0.41923636,bracketed,0.081523527,4.5981914,0.49676543
1157,1,,56.57,1.2313616,bracketed,0.088539321,3.5558787,0.32355763
1158,1,,169.706,0.48154474,bracketed,0.25616616,6.6841681,0.33511904
1159,1,,148.912,0.68373258,bracketed,0.10542317,4.7227322,0.51308717
1160,0,empty_output_log,117.11,,empty_output_log,,,
1161,1,,73.458,1.3338766,bracketed,0.17006773,7.4717565,0.81600489
1162,1,,95.596,1.5069545,bracketed,0.096053804,4.8109223,0.67482386
1163,0,empty_output_log,59.078,,empty_output_log,,,
1164,1,,57.751,1.4208463,bracketed,0.10097839,3.2888017,0.71977257
1165,0,empty_output_log,92.034,,empty_output_log,,,
1166,1,,116.948,0.90121447,bracketed,0.13105671,3.5979766,0.72849255
1167,1,,125.65,1.0435746,bracketed,0.095293724,3.9850251,0.41015917
1168,1,,251.838,1.3017449,bracketed,2.1926932,4.9748226,0.64486418
1169,1,,140.062,0.1,lt_min,0.10120849,3.5040982,0.5244392
1170,1,,115.393,0.8,gt_max,1.75E-05,4.1881271,0.68208856
1171,1,,155.751,0.59254628,bracketed,0.10091527,4.4831107,0.65945286
1172,1,,131.846,1.4063595,bracketed,0.11860299,3.9844313,0.58834323
1173,1,,168.172,0.50059075,bracketed,0.13873772,3.5696576,0.57114705
1174,1,,73.285,-0.44027025,bracketed,0.26867113,2.8529749,0.24000095
1175,1,,132.285,0.92002372,bracketed,0.083608369,4.4416263,0.61852723
1176,1,,143.007,0.53227411,bracketed,0.081311303,7917.9391,0.021761282
1177,1,,131.573,1.4574067,bracketed,0.21602454,3.6077601,0.57210521
1178,1,,154.175,0.82847354,bracketed,0.23068119,4.4906668,0.64539506
1179,1,,250.351,0.56579115,bracketed,0.25162141,4.6777699,0.55909924
1180,1,,48.716,0.17703579,bracketed,0.092134849,3.8798992,0.8041541
1181,1,,55.06,1.1333175,bracketed,0.095247402,4.8531201,0.81740703
1182,1,,45.153,1.459017,bracketed,0.091709019,4.5264224,0.7300374
1183,1,,127.45,0.79313262,bracketed,0.12372383,4.0128817,0.54900532
1184,1,,35.538,1.5356061,bracketed,0.098549996,3.3136436,0.68855308
1185,1,,101.565,-0.25763713,bracketed,0.16652705,3.8240335,0.69558129
1186,1,,86.8,0.9880739,bracketed,0.10565707,3.2241388,0.59892277
1187,1,,69.313,1.0323355,bracketed,0.092204168,4.3973283,0.69081124
1188,1,,124.577,1.3118103,bracketed,0.093699303,4.366449,0.68849584
1189,1,,86.844,-0.47116889,bracketed,0.088318633,3.3089478,0.41986932
1190,1,,83.707,1.4061045,bracketed,0.37764134,4.1445838,0.66753572
1191,1,,122.472,0.42680907,bracketed,0.18199052,5.00719,0.71397998
1192,1,,142.017,1.4465227,bracketed,0.66246934,4.2562618,0.45897381
1193,1,,49.256,0.30835244,bracketed,0.090096364,3.6184269,0.54115371
1194,1,,62.324,0.24722255,bracketed,0.10318653,3.0430489,0.503304
1195,1,,108.467,1.3018449,bracketed,0.086564129,4.6714872,0.60393262
1196,1,,142.232,0.47006116,bracketed,0.19589075,5.4435777,0.62163395
1197,1,,73.517,1.6624046,bracketed,0.088677655,3.7420438,0.53254043
1198,1,,113.119,0.90927438,bracketed,0.36822635,4.6292121,0.56969052
1199,1,,187.354,1.011628,bracketed,0.074421438,11.085693,0.21411168
1200,1,,57.589,0.32656524,bracketed,0.092888216,3.9494833,0.87708507
1201,1,,77.651,1.4075234,bracketed,0.27132103,6.8781333,0.79656578
1202,1,,63.713,1.2886522,bracketed,0.36238041,8.3280521,0.82143762
1203,1,,100.526,0.80907073,bracketed,0.14030851,3.7011252,0.79673495
1204,1,,40.656,1.4935666,bracketed,0.10104164,3.2528317,0.71057921
1205,1,,134.597,0.21066776,bracketed,0.16943698,4.9999883,0.36250903
1206,1,,61.22,1.4248155,bracketed,0.03768317,3.4063128,0.67937148
1207,1,,47.357,1.0692228,bracketed,0.10069331,4.1251249,0.52341651
1208,1,,112.354,1.4067104,bracketed,0.11379311,5.0641962,0.63542177
1209,1,,72.941,-0.35673818,bracketed,0.42680413,3.254763,0.67083926
1210,1,,114.077,1.3158012,bracketed,0.1413418,4.3144667,0.65459003
1211,1,,81.485,0.65933711,bracketed,0.13325588,4.7883785,0.64338455
1212,1,,83.894,1.0010333,bracketed,0.086334854,4.724714,0.12765458
1213,1,,109.41,-0.44794412,bracketed,0.23737604,4.6232237,0.30528949
1214,1,,78.492,0.58541849,bracketed,0.50562467,3.197765,0.56880315
1215,1,,134.998,0.20226457,bracketed,0.17941656,4.5092393,0.58307244
1216,1,,116.555,1.0329246,bracketed,0.070193066,8897.0828,0.068739538
1217,1,,61.161,1.53125,gt_max,0.005239946,3.4001325,0.56498623
1218,1,,136.062,0.59848301,bracketed,0.18244266,4.6688519,0.49246392
1219,1,,140.615,1.0282784,bracketed,0.15139078,5.0193681,0.55765077
1220,1,,88.877,0.13357745,bracketed,0.101754,3.7755114,0.671568
1221,1,,57.639,1.2182849,bracketed,0.084240525,5.0920863,0.71248164
1222,1,,90.682,1.6016354,bracketed,0.089151105,4.7800044,0.6987652
1223,1,,103.916,0.82921545,bracketed,0.099090309,3.6003793,0.81782736
1224,1,,53.849,1.2312017,bracketed,0.10438854,3.2109734,0.7637813
1225,1,,168.016,-0.47134069,bracketed,0.19948694,4.1428146,0.68609499
1226,1,,92.225,0.99368369,bracketed,0.17663058,3.3197381,0.43456929
1227,1,,73.358,1.1361894,bracketed,0.095767042,4.5039001,0.74995089
1228,1,,107.606,1.603125,gt_max,0.004626683,4.7940572,0.62242636
1229,0,empty_output_log,99.357,,empty_output_log,,,
1230,1,,111.403,1.1417076,bracketed,0.092584814,3.7375512,0.75214063
1231,1,,86.688,0.81885788,bracketed,0.081197276,4.8144482,0.64192491
1232,1,,180.386,0.4,gt_max,0.005001143,4.4365944,0.48764024
1233,1,,102.94,0.14309199,bracketed,0.29365901,3.7789305,0.50411738
1234,1,,120.808,0.40742626,bracketed,0.13538058,3.1871238,0.63593392
1235,1,,176.553,0.58633933,bracketed,0.1862283,4.3470922,0.65102281
1236,0,empty_output_log,123.526,,empty_output_log,,,
1237,1,,161.319,1.7107364,bracketed,0.082089279,3.950193,0.49529466
1238,1,,167.508,0.74663345,bracketed,0.76019701,4.6171634,0.58726799
1239,1,,261.33,0.21251763,bracketed,0.28442232,5.4105309,0.37416773
1240,1,,110.141,0.20203548,bracketed,0.090959127,3.9845218,0.72216498
1241,1,,96.74,1.4180304,bracketed,0.093753852,5.5080736,0.60949861
1242,1,,75.068,1.3383625,bracketed,0.36188066,9.0037687,0.81408644
1243,1,,82.634,0.64890873,bracketed,0.10087304,3.4891031,0.81354681
1244,1,,81.191,1.1720862,bracketed,0.10722783,3.2813593,0.81770971
1245,1,,250.183,-0.17650658,bracketed,0.36327552,4.3705132,0.73830899
1246,0,missing_logs,39.364,,missing_logs,,,
1247,1,,58.99,0.91624959,bracketed,0.096269256,4.2643266,0.5446811
1248,1,,113.483,1.4949219,gt_max,0.00817349,4.6423909,0.65650767
1249,1,,98.784,0.4729434,bracketed,0.31029355,4.8828228,0.35547262
1250,0,empty_output_log,52.778,,empty_output_log,,,
1251,1,,186.79,0.39541391,bracketed,0.142084,5.1444779,0.67069504
1252,1,,118.507,0.94847642,bracketed,1.491738,3.8279007,0.68970061
1253,1,,79.574,0.026359758,bracketed,0.084212515,3.5796465,0.53122983
1254,1,,134.165,0.35978095,bracketed,1.2111792,3.5064642,0.55815297
1255,0,empty_output_log,89.011,,empty_output_log,,,
1256,0,empty_output_log,92.552,,empty_output_log,,,
1257,1,,69.666,1.3481895,bracketed,0.14021906,3.738863,0.53231464
1258,1,,74.148,0.80691794,bracketed,0.10266046,4.3192158,0.57626954
1259,1,,137.764,0.73359168,bracketed,0.23557548,7.8113405,0.21981447
1260,1,,100.001,0.62282293,bracketed,0.008486044,72.349936,0.005293124
1261,1,,50.63,1.4136669,bracketed,0.082491474,4.3008935,0.19839896
1262,1,,99.018,1.2139827,bracketed,0.034617599,15.200545,0.03650379
1263,1,,146.443,1.0251951,bracketed,0.13942368,6.3482184,0.092736478
1264,1,,113.211,1.2966411,bracketed,0.1001831,5.8680041,0.1170657
1265,1,,116.546,1.2077883,bracketed,0.1732877,5.0249171,0.19707421
1266,0,empty_output_log,103.966,,empty_output_log,,,
1267,1,,154.934,1.5865896,bracketed,0.009595143,58.891364,0.008940617
1268,1,,44.565,1.3148527,bracketed,0.09878927,4.2712085,0.79849014
1269,0,empty_output_log,98.254,,empty_output_log,,,
1270,1,,95.989,1.0091857,bracketed,0.019361244,84.956664,0.006189203
1271,1,,69.043,1.5213214,bracketed,0.076984429,6.0311413,0.081942192
1272,1,,84.973,1.1058036,bracketed,0.14712462,4.1074596,0.13165122
1273,1,,113.465,0.20668644,bracketed,0.073864633,4.9393599,0.14355154
1274,1,,46.042,1.1603756,bracketed,0.10822701,3.1349026,0.79559423
1275,1,,67.386,1.0319278,bracketed,0.041641838,11.083065,0.037285522
1276,1,,74.348,0.9074272,bracketed,0.30551933,3.8201639,0.69005952
1277,0,empty_output_log,116.389,,empty_output_log,,,
1278,1,,69.377,1.1318337,bracketed,0.081590366,4.6529347,0.64218802
1279,1,,102.061,1.1045809,bracketed,0.072544407,5.1335101,0.22258603
1280,1,,82.373,0.9334917,bracketed,0.007967587,78.674989,0.004816091
1281,1,,56.241,1.190615,bracketed,0.10858704,4.6596684,0.14472592
1282,1,,107.647,1.0224748,bracketed,0.058345477,9.5829855,0.059875476
1283,1,,130.064,1.2411659,bracketed,0.076145115,5.2936793,0.13535851
1284,0,empty_output_log,140.435,,empty_output_log,,,
1285,1,,93.689,1.2373856,bracketed,0.069258364,4.7443074,0.16684577
1286,1,,109.3,1.2452387,bracketed,0.1833554,4.6891925,0.56680795
1287,1,,109.737,1.1202133,bracketed,0.019028083,37.941524,0.014354191
1288,1,,53.338,1.3020521,bracketed,0.320758,6.4465514,0.81375828
1289,1,,91.049,1.2322705,bracketed,0.080122094,6.7117811,0.088383196
1290,1,,163.453,1.316742,bracketed,0.009604953,69.643369,0.007666128
1291,1,,100.436,-0.43969752,bracketed,0.083148807,6.0386383,0.082931981
1292,1,,153.901,1.5196666,bracketed,0.10567196,4.7074796,0.20650371
1293,1,,173.585,0.75860359,bracketed,0.091130939,5.7040277,0.079851702
1294,1,,73.13,1.0037917,bracketed,0.098827566,3.2970696,0.73021093
1295,1,,94.75,0.70059046,bracketed,0.074154411,8.0094423,0.052348158
1296,1,,70.663,0.80428253,bracketed,0.16587024,3.441379,0.69629761
1297,1,,57.177,1.884701,bracketed,0.067614778,4.1271688,0.28219336
1298,1,,84.56,0.31819985,bracketed,0.52569486,4.4363527,0.66283956
1299,1,,130.509,0.98779911,bracketed,0.067921543,4940.5141,0.040522308
1300,1,,113.6,1.0034513,bracketed,0.096603763,44.787333,0.008517783
1301,0,empty_output_log,60.955,,empty_output_log,,,
1302,1,,72.886,1.3116657,bracketed,0.042984541,10.653175,0.052872024
1303,1,,211.285,1.4098352,bracketed,0.092363292,7.520928,0.077240871
1304,1,,100.26,1.3346036,bracketed,0.054051325,8.9296015,0.062612825
1305,1,,112.978,1.6399343,bracketed,0.20247325,5.1021711,0.36392668
1306,1,,56.342,1.4022443,bracketed,0.075065376,4.7430282,0.55969331
1307,1,,98.429,1.315691,bracketed,0.012569112,69.201586,0.007727231
1308,1,,46.939,1.3167262,bracketed,0.096590771,4.7659164,0.79256835
1309,0,empty_output_log,129.749,,empty_output_log,,,
1310,1,,96.906,1.0199179,bracketed,0.009610351,70.837999,0.007616042
1311,0,empty_output_log,45.81,,empty_output_log,,,
1312,1,,122.971,1.0354333,bracketed,0.076511872,3.8581333,0.15414243
1313,1,,236.284,1.1346459,bracketed,0.092944405,5.410999,0.091065179
1314,1,,228.415,1.1010658,bracketed,2.6618909,3.2099129,0.77754524
1315,1,,155.549,1.6086127,bracketed,0.050926784,7.5655493,0.054083203
1316,1,,102.161,1.3967484,bracketed,0.080245049,8.5241135,0.23919978
1317,1,,153.194,0.98678812,bracketed,0.1266509,4.4855768,0.41871611
1318,1,,137.706,-0.41313555,bracketed,0.19949894,10154.69,0.000457131
1319,1,,127.709,0.54483346,bracketed,0.12822478,4949.995,0.046276759
1320,1,,143.331,0.61720023,bracketed,0.019548499,64.203865,0.00592393
1321,0,empty_output_log,92.883,,empty_output_log,,,
1322,1,,219.809,1.0089048,bracketed,0.033133176,15.40821,0.03686575
1323,1,,254.151,0.91326009,bracketed,0.51293522,6.9625163,0.084812008
1324,1,,153.062,1.1876335,bracketed,0.047607766,9.6614468,0.05885809
1325,1,,107.816,0.83675122,bracketed,0.081965794,4.0411646,0.20889868
1326,1,,126.215,0.94688802,bracketed,0.12264971,4.3682662,0.63271802
1327,1,,203.595,1.6146599,bracketed,0.008626529,69.201263,0.007461237
1328,1,,148.93,1.6201997,bracketed,0.090720535,4.6350079,0.70020922
1329,1,,95.024,1.3763327,bracketed,0.071233314,6.0841231,0.10073831
1330,1,,236.879,1.4104246,bracketed,0.008724387,69.0536,0.00774119
1331,1,,104.163,1.5333931,bracketed,0.10052113,5.5464162,0.1051924
1332,1,,211.368,-0.36678833,bracketed,0.15346624,3.6451901,0.21433898
1333,1,,137.212,1.5326429,bracketed,0.066106428,5.9203801,0.15185208
1334,1,,49.668,1.1056956,bracketed,0.11186885,2.8723119,0.74366286
1335,1,,137.675,1.5711453,bracketed,0.058900557,5.7141639,0.074923676
1336,1,,89.674,1.036173,bracketed,0.08649168,3.9204984,0.67957192
1337,1,,205.246,1.5720779,bracketed,0.25221486,5.4499608,0.34973543
1338,1,,168.877,1.3201986,bracketed,0.078894562,5.1739064,0.55238145
1339,1,,186.774,1.0019373,bracketed,0.1712425,5.2252168,0.20030994
1340,1,,153.693,1.1191105,bracketed,0.007096202,113.67343,0.003334992
1341,1,,87.345,1.1346058,bracketed,0.082287769,4.3920062,0.16897934
1342,1,,194.275,1.2888711,bracketed,0.034575236,14.498487,0.039366965
1343,0,empty_output_log,96.628,,empty_output_log,,,
1344,1,,259.242,1.3371546,bracketed,0.054833046,5.7932573,0.073932667
1345,1,,115.051,1.3260588,bracketed,0.08196307,4.6598583,0.34719181
1346,1,,203.587,1.1916366,bracketed,0.11129415,4.4118748,0.57361252
1347,1,,180.723,0.24786745,bracketed,0.005565422,113.73058,0.004712652
1348,1,,95.246,1.2758039,bracketed,0.10232922,3.8535956,0.78347213
1349,1,,117.797,1.4101973,bracketed,0.052572598,7.7230257,0.076097013
1350,1,,122.483,1.2494698,bracketed,0.011430122,65.943421,0.008221485
1351,1,,137.145,1.7700883,bracketed,0.067236907,4.7510124,0.19322391
1352,1,,169.331,1.6987165,bracketed,0.066099656,4.9291315,0.27291761
1353,1,,123.814,1.1126998,bracketed,0.059594488,5.870381,0.098571177
1354,1,,58.477,1.2354203,bracketed,0.10283599,3.2989841,0.73628297
1355,1,,129.726,1.5023808,bracketed,0.05178375,3522.4607,0.001012192
1356,1,,112.643,1.3156063,bracketed,0.084022807,3.9337238,0.59672431
1357,1,,149.724,1.701803,bracketed,0.2943875,5.2230609,0.32633208
1358,1,,118.386,1.118995,bracketed,0.092338636,4.7095995,0.60180822
1359,1,,314.238,0.72592709,bracketed,0.15431374,4.9551395,0.14840775
1360,1,,126.127,1.2914522,bracketed,0.006348427,108.93092,0.003476528
1361,1,,141.003,0.90313682,bracketed,0.040810577,3.9838348,0.22585093
1362,1,,165.466,1.0195198,bracketed,0.028321499,4032.9447,0.00108259
1363,1,,310.784,1.5530934,bracketed,0.082807254,7.5714884,0.15339936
1364,0,empty_output_log,183.874,,empty_output_log,,,
1365,1,,111.811,1.4603339,bracketed,0.068180322,4.8884836,0.40472789
1366,1,,253.498,0.42473383,bracketed,0.20552675,4.594519,0.58363578
1367,0,empty_output_log,61.103,,empty_output_log,,,
1368,1,,86.933,1.3949151,bracketed,0.34799556,6.8917693,0.80734707
1369,1,,216.206,1.2304936,bracketed,0.058425209,5.7343776,0.093125298
1370,1,,146.269,1.3565922,bracketed,0.015025917,52.178625,0.010191764
1371,1,,149.212,1.5504892,bracketed,0.085416134,3.9466438,0.1319371
1372,1,,110.25,1.3806936,bracketed,0.073730438,6.7845139,0.063566487
1373,1,,207.808,0.59616935,bracketed,0.13256889,5.5035788,0.079073484
1374,1,,57.917,1.3888872,bracketed,0.10113415,3.388708,0.72371686
1375,1,,99.33,0.9041167,bracketed,0.067378844,7.6931677,0.054355383
1376,1,,131.674,1.2185906,bracketed,0.20221728,9721.3053,0.000445404
1377,1,,121.643,1.4472138,bracketed,0.42671799,4.2422022,0.20733184
1378,1,,153.713,0.22445528,bracketed,7.0980198,4.4723525,0.63590111
1379,1,,103.324,1.0137784,bracketed,0.080280327,5.2118111,0.18693623
1380,1,,91.201,1.0458533,bracketed,0.008499299,147.94812,0.002488268
1381,0,empty_output_log,89.918,,empty_output_log,,,
1382,1,,177.128,1.1214007,bracketed,0.052018425,3783.5561,0.033517473
1383,1,,149.001,1.2606181,bracketed,0.069745358,6.8655527,0.097370849
1384,1,,148.983,1.7194713,bracketed,0.053009651,7.9165678,0.070899383
1385,1,,66.177,1.168078,bracketed,0.11449025,5209.1583,0.009270341
1386,1,,132.926,1.1798834,bracketed,0.078834929,6.1531188,0.003550402
1387,1,,153.688,1.0934487,bracketed,0.006855963,2770.4625,0.001484919
1388,1,,52.025,1.0613475,bracketed,0.18333323,4.3516808,0.82336579
1389,0,empty_output_log,75.673,,empty_output_log,,,
1390,1,,83.271,1.0700127,bracketed,0.006056911,107.01321,0.004899341
1391,1,,83.353,1.3071969,bracketed,0.05969939,5.1744135,0.10453067
1392,1,,86.215,1.5014684,bracketed,0.066532479,5.1419376,0.11121582
1393,1,,77.04,0.88555795,bracketed,0.052290178,7.2309569,0.060393121
1394,1,,38.247,1.3392844,bracketed,0.10588125,3.3363655,0.78601
1395,1,,83.643,1.5156923,bracketed,0.075350853,8.5012814,0.047988627
1396,0,empty_output_log,89.454,,empty_output_log,,,
1397,1,,120.739,0.21581827,bracketed,0.29708573,4.9762348,0.43169229
1398,1,,183.411,0.88906921,bracketed,0.16525292,10679.263,0.000476854
1399,1,,179.722,1.103355,bracketed,0.0773328,5716.7326,0.000718576
1400,1,,91.123,1.5913502,bracketed,0.003903709,177.23221,0.002936682
1401,1,,78.368,1.1542414,bracketed,0.0736186,5.1263121,0.12462599
1402,0,empty_output_log,88.97,,empty_output_log,,,
1403,1,,171.432,1.2025405,bracketed,0.46048966,7.724503,0.072997254
1404,0,empty_output_log,131.307,,empty_output_log,,,
1405,1,,102.426,1.2133586,bracketed,0.06782585,4.6860265,0.22800513
1406,0,empty_output_log,143.762,,empty_output_log,,,
1407,1,,121.752,1.3471154,bracketed,0.011100839,64.228868,0.008487303
1408,1,,67.459,1.4496446,bracketed,0.2401289,6.6396652,0.78597205
1409,1,,105.113,1.4322838,bracketed,0.055442477,4112.6727,0.000927854
1410,1,,157.816,0.8254515,bracketed,0.006449568,110.9429,0.004786471
1411,1,,102.685,1.4134603,bracketed,0.052044834,6.6188428,0.064283406
1412,1,,100.509,1.2246215,bracketed,0.064805081,4.8307265,0.14372563
1413,1,,119.134,0.22141276,bracketed,0.1175771,5.7020007,0.10966169
1414,1,,86.117,1.2612115,bracketed,0.1044385,3.0815873,0.75304815
1415,1,,136.726,1.4531677,bracketed,0.059228263,5.5685617,0.082414824
1416,1,,144.568,1.1893963,bracketed,0.083793367,6.8736362,0.058312138
1417,1,,143.485,1.2123541,bracketed,0.16427628,5.2077669,0.38445411
1418,1,,184.834,1.2298851,bracketed,1.3774092,4.8273623,0.61418597
1419,1,,235.902,-0.45908899,bracketed,0.12797558,5.5804566,0.13076791
1420,1,,145.293,0.57339771,bracketed,0.006737366,118.80455,0.003202494
1421,1,,124.797,1.3225623,bracketed,0.06397662,5.7946297,0.1051368
1422,1,,134.217,1.089556,bracketed,0.046979893,9.5789147,0.060611905
1423,1,,116.152,1.4032554,bracketed,0.085546771,6.5430209,0.089564072
1424,1,,82.617,1.701083,bracketed,0.057785167,3595.6154,0.001018195
1425,1,,209.245,0.8493711,bracketed,0.50357271,4.7749006,0.28951299
1426,1,,149.631,1.0572678,bracketed,0.18579315,7.4538309,0.20818433
1427,1,,121.157,0.68385646,bracketed,0.007436129,102.40605,0.005258066
1428,1,,47.51,1.2093989,bracketed,0.27459832,6.2237177,0.82233155
1429,1,,98.482,1.1243966,bracketed,0.039655051,13.12175,0.042684351
1430,1,,65.149,1.0015967,bracketed,0.006951951,105.52478,0.005056319
1431,0,empty_output_log,61.705,,empty_output_log,,,
1432,1,,141.768,1.4324628,bracketed,0.058306761,,0.065252367
1433,1,,162.414,1.2367752,bracketed,0.059829614,5.5251266,0.089414678
1434,1,,65.299,1.437712,bracketed,0.10161879,3.4441747,0.74535609
1435,1,,158.942,1.4722119,bracketed,0.062814673,8.0858245,0.05022683
1436,1,,144.207,1.1216451,bracketed,0.08684244,3.8742004,0.54937819
1437,1,,108.919,1.8614922,bracketed,0.069000556,5.0747166,0.31838697
1438,1,,168.371,1.1429532,bracketed,0.25092175,10646.374,0.000418646
1439,1,,192.211,0.532183,bracketed,0.13801742,5.1319313,0.2374058
1440,1,,191.388,0.46408311,bracketed,0.002677964,179.38287,0.002085895
1441,1,,137.273,1.1866169,bracketed,0.093728125,4.7360571,0.13544489
1442,1,,133.975,0.67779086,bracketed,0.043135777,8.8141175,0.041506687
1443,1,,228.722,0.83254448,bracketed,0.43997988,5.8799222,0.1113707
1444,1,,192.632,1.1561033,bracketed,0.05484013,9.9441308,0.055883833
1445,1,,166.891,0.63883192,bracketed,0.20859157,4.3855837,0.26924438
1446,1,,140.754,0.96646548,bracketed,0.13980978,4.6975514,0.60938896
1447,1,,185.751,1.3882849,bracketed,0.013232092,56.705786,0.008957265
1448,1,,69.809,1.1113114,bracketed,0.23569084,4.7604368,0.82800338
1449,0,empty_output_log,133.498,,empty_output_log,,,
1450,1,,172.642,1.3481674,bracketed,0.005482079,113.40004,0.004512677
1451,1,,135.968,1.4259149,bracketed,0.12210757,4.4163447,0.13290511
1452,1,,186.886,0.67516601,bracketed,0.20105995,5.0819348,0.20279284
1453,1,,172.803,1.3377455,bracketed,0.10846339,5.3417271,0.10184454
1454,1,,52.249,1.1374335,bracketed,0.097848209,3.237413,0.69427838
1455,1,,153.368,1.5256353,bracketed,0.057221028,6.150726,0.068051803
1456,1,,213.821,1.3625151,bracketed,0.28835122,7.446138,0.17019428
1457,1,,130.125,1.2465431,bracketed,0.086942825,4.7650874,0.45722148
1458,1,,305.884,0.9618905,bracketed,0.5393213,4.7632473,0.57169609
1459,1,,173.685,0.73921453,bracketed,0.17055204,5796.867,0.000737213
1460,1,,103.677,0.93038614,bracketed,0.004917613,139.62518,0.002663171
1461,0,empty_output_log,52.772,,empty_output_log,,,
1462,1,,238.592,1.027991,bracketed,0.0526565,11.088768,0.049759909
1463,1,,190.329,1.3386343,bracketed,0.065461945,6.4167886,0.095534077
1464,1,,290.363,1.421762,bracketed,0.10927201,6.092013,0.016819769
1465,1,,209.15,1.2181554,bracketed,0.074922859,3.9551544,0.21963452
1466,1,,319.498,1.2260001,bracketed,0.23795735,4.6375718,0.46146835
1467,1,,222.725,1.7337389,bracketed,0.012393889,51.756773,0.009944615
1468,1,,80.493,1.339118,bracketed,0.31269149,6.5170711,0.80691774
1469,0,empty_output_log,127.468,,empty_output_log,,,
1470,1,,113.008,0.85758278,bracketed,0.00484455,136.37209,0.003770056
1471,1,,142.553,0.906225,bracketed,0.17071387,6.4765723,0.0692747
1472,1,,225.502,1.5003681,bracketed,0.099027709,4.0850916,0.14778166
1473,1,,169.046,0.85594393,bracketed,0.12161364,6.5390239,0.076930385
1474,1,,78.178,1.2745887,bracketed,0.10445371,3.2403981,0.72521601
1475,1,,160.851,0.71333131,bracketed,0.078483425,11.362663,0.035197039
1476,1,,150.466,1.2827585,bracketed,0.14365314,4.2309844,0.49936573
1477,1,,219.922,2.0617546,bracketed,0.078339599,5.5819199,0.4069193
1478,1,,128.961,1.0310155,bracketed,0.079342884,5.8634968,0.23010499
1479,1,,141.477,1.20773,bracketed,0.16135551,5.2742988,0.1896063
1480,1,,102.568,-0.35707943,bracketed,0.10328575,2.9548987,0.29477243
1481,1,,88.984,-0.49499382,bracketed,0.09379012,3.2864061,0.25599764
1482,1,,39.958,1.1904629,bracketed,0.11143361,3.0525036,0.81600609
1483,1,,118.74,-0.68965422,bracketed,0.15759701,3.3536182,0.34253789
1484,1,,66.448,1.0192986,bracketed,0.10128453,3.1198328,0.73164177
1485,1,,123.39,3.8574839,bracketed,0.063448084,11.68492,0.19595196
1486,1,,99.617,0.007201984,bracketed,0.094421699,3.4358569,0.56506033
1487,1,,47.825,-0.4981425,bracketed,0.093506938,3.164919,0.46723139
1488,1,,62.406,-0.49943878,bracketed,0.096858863,3.6030863,0.32581206
1489,1,,99.848,0.24520186,bracketed,0.19004623,3.4142359,0.46327543
1490,1,,93.865,1.2008631,bracketed,0.071999396,4.3298368,0.19687566
1491,1,,68.287,-0.65634077,bracketed,0.086290132,3.5787839,0.241529
1492,1,,57.214,0.73930251,bracketed,0.094227634,3.7130437,0.27997496
1493,1,,127.194,-0.29414021,bracketed,0.095239201,3.3962723,0.28206371
1494,1,,86.76,0.23185478,bracketed,0.27943753,3.5048472,0.49505274
1495,1,,83.951,-0.48685106,bracketed,0.10718177,3.430159,0.24287721
1496,1,,101.106,0.088946508,bracketed,0.085735788,3.4780128,0.060162521
1497,1,,80.442,0.40809397,bracketed,0.14190776,3.7501837,0.27328224
1498,1,,137.07,1.6949269,bracketed,0.13552095,3.7533302,0.56277624
1499,1,,93.107,-0.26520263,bracketed,0.10691199,4.3532789,0.089397811
1500,1,,96.901,-0.16748303,bracketed,0.19026935,3.3115527,0.56732824
1501,1,,80.001,-0.67541959,bracketed,0.091674276,3.108161,0.17327916
1502,1,,74.167,1.3075813,bracketed,0.02912417,3.3250444,0.62739044
1503,1,,76.058,-0.66000853,bracketed,0.16738806,3.4175424,0.208278
1504,0,empty_output_log,62.023,,empty_output_log,,,
1505,1,,89.28,3.4311193,bracketed,0.064838135,8.8899499,0.18846568
1506,1,,108.663,-0.36226206,bracketed,0.098107692,3.4588551,0.44763395
1507,1,,112.744,-0.73314166,bracketed,0.091462222,3.2989332,0.28024419
1508,1,,68.906,-0.48356263,bracketed,0.1096097,3.3910924,0.20094068
1509,1,,91.942,0.31034054,bracketed,0.089424347,5.0216833,0.38726055
1510,1,,181.817,0.50035179,bracketed,0.72079798,3.9018482,0.2738952
1511,1,,66.819,-0.69844041,bracketed,0.093009306,3.4017119,0.28710502
1512,1,,86.709,0.71505267,bracketed,0.095294261,3.7079545,0.64708065
1513,1,,167.275,-0.33771123,bracketed,0.73637346,3.4187524,0.21625884
1514,1,,140.032,0.2832769,bracketed,0.084387353,3.9612317,0.38331375
1515,1,,122.654,-0.43262803,bracketed,0.09437234,3.5925734,0.28142837
1516,1,,127.337,-1.3664182,bracketed,0.10905282,4.1862242,0.082164043
1517,1,,92.861,0.59159523,bracketed,0.07934337,5777.9434,0.053693615
1518,1,,81.098,1.467041,bracketed,0.092113418,3.7260133,0.46684778
1519,1,,116.606,1.0628699,bracketed,0.11766544,4.6688312,0.18675274
1520,1,,105.254,0.29282167,bracketed,0.10403535,3.2821244,0.32770555
1521,1,,76.185,-0.47917654,bracketed,0.10059931,3.109074,0.20991055
1522,1,,67.071,1.3188186,bracketed,0.10231378,3.2286561,0.73145867
1523,1,,116.963,-0.45193685,bracketed,0.094975153,3.2472786,0.26446524
1524,1,,139.797,1.1401495,bracketed,0.17110167,10.433806,0.069490058
1525,1,,100.752,0.011043609,bracketed,0.36208914,11.695364,0.20840415
1526,1,,148.252,-0.19615736,bracketed,0.64975745,3.4889555,0.64172974
1527,1,,79.351,-0.75,bracketed,0.16116575,3.6401542,0.42964826
1528,1,,55.472,-0.40927855,bracketed,0.09413512,3.5054737,0.30678771
1529,1,,129.176,0.22805239,bracketed,0.11351892,3.9824561,0.003302574
1530,1,,91.419,1.0303189,bracketed,0.083329013,3.1381021,0.17929483
1531,1,,80.265,-0.64455393,bracketed,0.090145244,3.634717,0.38428901
1532,1,,86.239,0.12954432,bracketed,0.21672637,3.4677865,0.44234497
1533,1,,73.917,-0.64928036,bracketed,0.12450751,3.6153515,0.16707791
1534,0,empty_output_log,108.794,,empty_output_log,,,
1535,1,,164.272,-0.57948658,bracketed,0.17910761,3.6124491,0.24307197
1536,1,,69.168,-0.75,lt_min,0.076702328,3.7804231,0.095768834
1537,1,,84.136,0.65747297,bracketed,0.076497025,3.678206,0.29478704
1538,1,,51.989,1.6069303,bracketed,0.084190911,1815.5604,0.053867891
1539,1,,102.918,1.1063768,bracketed,0.13104364,4.5657089,0.21397021
1540,0,empty_output_log,41.663,,empty_output_log,,,
1541,1,,55.43,-0.51687815,bracketed,0.096435086,3.1973461,0.2010591
1542,1,,49.493,1.2029652,bracketed,0.10327818,3.1116203,0.76687252
1543,1,,135.074,-0.68310426,bracketed,0.099588231,3.154523,0.15714689
1544,1,,55.199,1.271299,bracketed,0.094965023,3.4451857,0.71185852
1545,1,,157.598,1.0778238,bracketed,0.98054945,10.786438,0.18283421
1546,0,empty_output_log,74.571,,empty_output_log,,,
1547,1,,148.042,-0.91951739,bracketed,0.23253633,3.4797765,0.46569363
1548,1,,60.865,-0.88418245,bracketed,0.092371205,3.5308869,0.22667726
1549,1,,78.715,0.33240918,bracketed,1.2224694,3.3068041,0.54023756
1550,1,,79.974,1.2832198,bracketed,0.075305766,4819.1434,0.003946048
1551,1,,138.573,-0.99102704,bracketed,0.64639186,3.357349,0.31782585
1552,1,,149.422,0.39542883,bracketed,0.096147081,3.5460229,0.29654705
1553,1,,65.146,-0.4651167,bracketed,0.083608185,3.6124396,0.16229399
1554,1,,137.84,0.048265369,bracketed,0.50129113,3.6640962,0.66505295
1555,1,,166.902,-0.5241865,bracketed,0.11241868,3.8859057,0.33330501
1556,1,,58.996,0.050614303,bracketed,0.087255643,2326.1836,0.061176158
1557,1,,103.538,0.013750827,bracketed,0.85057606,3.5691825,0.46606515
1558,1,,65.035,1.453125,gt_max,0.001483651,3.5879461,0.62749728
1559,1,,66.229,1.1707618,bracketed,0.061782489,4.5584148,0.11008206
1560,1,,61.889,0.1,lt_min,9.49E-08,132.19294,0.002371797
1561,1,,71.751,8,gt_max,-1.72E-09,223.4982,0.0011665
1562,1,,76.582,8,gt_max,2.07E-09,257.05374,0.001230026
1563,1,,78.567,3.6150057,bracketed,0.014084412,66.339238,0.007662136
1564,1,,148.444,2.8145814,bracketed,0.19400551,13.217812,0.26866862
1565,1,,90.398,3.450815,bracketed,0.009512035,142.81112,0.003521932
1566,1,,158.023,-0.45947295,bracketed,0.18431156,3.4351954,0.60712182
1567,1,,79.29,3.5502357,bracketed,0.053179992,10.825261,0.23800174
1568,1,,202.343,1.6498857,bracketed,0.013338104,114.84749,0.003889307
1569,1,,156.839,7.03125,gt_max,0.002938749,210.97425,0.002307649
1570,1,,133.035,-1.7076034,bracketed,0.004627132,116.75526,0.002769262
1571,1,,166.649,0.048505108,bracketed,0.41315228,5.4350478,0.45198207
1572,1,,78.562,8,gt_max,0.007429,277.01655,0.001119911
1573,1,,88.956,8,gt_max,6.05E-07,282.28586,0.001072495
1574,1,,173.94,3.5673574,bracketed,0.04724201,14.291098,0.21627757
1575,1,,192,0.92277499,bracketed,0.024154371,79.323508,0.006329963
1576,1,,96.163,-2.5546878,bracketed,0.004134726,147.66832,0.002112864
1577,1,,147.099,0.029935398,bracketed,0.12830606,4.8551251,0.87214816
1578,1,,55.243,8,gt_max,0.001278295,470.49647,0.001018497
1579,1,,60.648,-2.15625,lt_min,4.04E-07,152.51308,0.002132448
1580,1,,54.715,2.4544612,bracketed,0.007922511,85.039199,0.006049613
1581,1,,70.058,8,gt_max,0.00193489,304.45283,0.001370204
1582,1,,106.28,1.3714188,bracketed,0.17805329,3.258768,0.670024
1583,1,,56.798,-0.63855013,bracketed,0.006606947,49.630548,0.007889981
1584,1,,54.045,0.90859501,bracketed,0.009485772,75.367529,0.006817728
1585,1,,116.312,1.2685485,bracketed,0.071842258,4.4344271,0.44440796
1586,1,,61.131,8,gt_max,0.001406097,337.76803,0.001392053
1587,1,,68.81,2.037691,bracketed,0.10710539,5.4171155,0.41243169
1588,1,,87.64,3.7901359,bracketed,0.14312201,16.589795,0.20243185
1589,1,,87.144,1.5081479,bracketed,0.059258066,5.1310072,0.56444286
1590,1,,57.788,-1.5,lt_min,-1.73E-08,70.954651,0.004569916
1591,1,,82.235,0.23872532,bracketed,0.077391122,4.8659548,0.50853005
1592,1,,64.945,8,gt_max,0.00095037,315.6455,0.00099178
1593,1,,74.461,0.1166498,bracketed,0.098366469,3.1504189,0.84411606
1594,1,,69.632,0.39423697,bracketed,0.004067197,157.64833,0.003079902
1595,1,,76.345,6.1704129,bracketed,0.063265808,7330.8849,0.001403972
1596,1,,64.781,-1.0806744,bracketed,0.22660985,2.8680478,0.196941
1597,1,,105.22,-0.44515991,bracketed,0.095324709,3.0209432,0.46605793
1598,1,,162.164,6.59375,gt_max,0.00132519,270.39273,0.001250379
1599,1,,174.732,0.52193585,bracketed,0.19302664,5.2882491,0.65896313
