sample_id,t_AlGaN_nm,x_AlGaN,N_AlGaN_cm3,t_pGaN_nm,N_pGaN_cm3,Lgd_um,group
000000,19.097362,0.23938862,2.7118402e+16,63.431568,1.563687e+17,2.3954317,base_800
000001,16.919286,0.2839961,1.3008143e+15,45.871191,8.6837439e+16,3.1813944,base_800
000002,17.073139,0.25111669,1.0732317e+15,61.304914,1.4208668e+17,1.7654095,base_800
000003,20.493168,0.2823739,3.03653e+16,45.001282,1.0732746e+17,3.163099,base_800
000004,20.528626,0.21640369,1.8227259e+16,41.307441,1.5982579e+17,3.05036,base_800
000005,11.374412,0.1980799,4.7588607e+16,40.467961,1.8797596e+17,3.3878075,base_800
000006,19.496508,0.23006685,1.0008965e+16,57.540414,2.8926393e+17,3.8036723,base_800
000007,10.890692,0.23568283,1.0219794e+16,59.153389,3.0926657e+17,3.7268866,base_800
000008,13.028896,0.2015215,1.0979485e+15,73.155721,5.4307613e+16,1.6834839,base_800
000009,14.812969,0.22862389,2.3272008e+15,60.744679,7.3197693e+16,3.7209677,base_800
000010,16.879401,0.19051183,6.3909949e+15,36.133871,5.1466058e+16,2.9328347,base_800
000011,17.477011,0.21891253,4.8449153e+15,49.315166,1.2974269e+17,2.7909245,base_800
000012,17.316213,0.23968807,2.728419e+16,69.611121,9.9188736e+16,3.4304762,base_800
000013,15.324556,0.19111752,1.5535328e+15,61.197758,2.4043924e+17,3.7736754,base_800
000014,20.173117,0.20358058,2.3996386e+16,70.199799,6.3071251e+16,2.0947087,base_800
000015,11.258467,0.27069804,1.0260873e+16,88.109282,5.0200619e+16,1.6499467,base_800
000016,14.523184,0.25873671,3.1414009e+16,68.043463,1.3954966e+17,2.3012353,base_800
000017,13.096016,0.21485212,1.3546573e+15,56.373811,1.2209191e+17,2.8732645,base_800
000018,11.321364,0.21420937,1.4831308e+16,58.70631,2.9936386e+17,2.7597735,base_800
000019,18.334006,0.21909423,2.193226e+16,74.16433,7.6214492e+16,2.4020284,base_800
000020,16.851487,0.28587254,3.3801317e+16,35.878552,1.1465662e+17,3.9793464,base_800
000021,21.654884,0.28414132,2.4171402e+16,85.042735,8.9687529e+16,1.5798493,base_800
000022,10.015375,0.26113558,3.7994855e+15,52.488733,2.1827561e+17,1.5532405,base_800
000023,14.696542,0.22088032,1.6575743e+15,55.397159,7.9123218e+16,1.9053751,base_800
000024,10.009591,0.2806513,3.0740669e+16,81.986451,2.4157903e+17,3.0834964,base_800
000025,20.077902,0.25287687,7.6297721e+15,42.524476,1.5588931e+17,2.6532043,base_800
000026,16.225366,0.25725984,2.5989609e+15,64.038286,3.1275746e+17,1.9772106,base_800
000027,16.006632,0.2032404,1.3536139e+15,64.422238,3.95044e+17,3.0854369,base_800
000028,15.558077,0.1881803,1.3884459e+16,66.971319,3.5498357e+17,1.5305886,base_800
000029,18.21095,0.2257239,1.0647589e+15,43.861029,6.1868109e+16,2.4451959,base_800
000030,20.232607,0.19831683,9.0572215e+15,49.894581,5.7324512e+16,2.3510676,base_800
000031,21.676922,0.23480245,7.7911232e+15,55.629129,1.2994692e+17,3.8477872,base_800
000032,11.852955,0.20075239,5.0597656e+15,52.268735,3.3354357e+17,1.6644617,base_800
000033,11.918936,0.25041714,1.7304737e+16,44.504801,1.8014194e+17,2.2274438,base_800
000034,11.079144,0.29634293,3.3965801e+15,86.492044,5.5305578e+16,3.4788341,base_800
000035,12.661466,0.23085284,1.9334664e+16,81.658655,1.7931873e+17,3.569769,base_800
000036,20.76148,0.20979887,1.8643884e+15,69.820563,3.5721242e+17,1.6897323,base_800
000037,11.668951,0.29680155,7.434229e+15,43.758438,2.5494315e+17,2.7976035,base_800
000038,13.801874,0.2418235,7.3864378e+15,51.117641,1.6215292e+17,3.2221294,base_800
000039,14.376567,0.28842141,7.9459104e+15,69.539899,2.183466e+17,1.920156,base_800
000040,10.106304,0.31458081,4.7109521e+15,42.118268,2.0442612e+17,3.9588138,base_800
000041,12.744762,0.26018361,6.6802779e+15,73.572883,2.8410783e+17,3.4614228,base_800
000042,10.103383,0.29216574,2.1091552e+15,76.345368,1.0790808e+17,2.2389117,base_800
000043,16.743218,0.31284156,2.0424087e+15,83.035908,6.5057469e+16,1.6128451,base_800
000044,11.218941,0.29198144,1.7829051e+16,83.391597,7.5370613e+16,1.7607502,base_800
000045,15.354438,0.31581998,6.4351476e+15,47.274198,1.4664728e+17,1.9170654,base_800
000046,14.932034,0.27075214,2.8903329e+15,56.219319,5.9991678e+16,3.3049105,base_800
000047,20.408859,0.19697728,4.2715577e+16,87.938339,1.6987647e+17,2.6321185,base_800
000048,15.62605,0.27812402,2.2999386e+15,46.86562,1.3506853e+17,2.5830004,base_800
000049,19.794116,0.20503107,5.8057541e+15,51.777182,5.4401212e+16,3.3493891,base_800
000050,12.066409,0.19546829,7.1068794e+15,61.526119,1.7800813e+17,2.9614621,base_800
000051,18.131621,0.19768247,3.4955244e+15,65.818218,1.0271076e+17,3.3837059,base_800
000052,17.756229,0.31100341,2.484847e+16,60.825176,5.4098201e+16,2.7363292,base_800
000053,21.468238,0.20837242,3.7013381e+15,40.765272,7.1663804e+16,2.2509039,base_800
000054,17.53591,0.30517583,1.4612197e+16,87.522316,1.0950336e+17,1.6332843,base_800
000055,12.458581,0.31203154,5.7756657e+15,57.655266,9.7896104e+16,1.5867408,base_800
000056,21.752633,0.19441678,1.1380891e+15,51.849265,5.0008188e+16,1.9337494,base_800
000057,10.488043,0.22596202,9.0085024e+15,62.483932,1.4268556e+17,1.6085203,base_800
000058,20.027839,0.27537452,1.0863837e+15,40.08817,3.0471316e+17,3.0318916,base_800
000059,14.446415,0.21112993,7.7314535e+15,73.875716,2.0384936e+17,1.5616409,base_800
000060,18.529534,0.18970859,2.3192359e+16,59.206618,7.0993659e+16,2.3302566,base_800
000061,17.296285,0.22466325,5.9726118e+15,41.418521,7.8866108e+16,1.522516,base_800
000062,17.653175,0.18207145,4.9376242e+16,58.015844,1.0275155e+17,2.4406513,base_800
000063,18.637123,0.24434021,4.3045618e+16,41.983409,1.1596977e+17,3.2001664,base_800
000064,18.773224,0.24949562,2.7512502e+15,55.907383,5.2279186e+16,3.9052953,base_800
000065,11.965869,0.28965178,1.0597271e+16,37.366593,1.8113674e+17,1.5365546,base_800
000066,14.019808,0.20331975,9.8100721e+15,51.460142,3.9363631e+17,3.3388316,base_800
000067,18.7463,0.28094924,4.0858574e+15,72.282278,2.759692e+17,1.7453717,base_800
000068,11.119832,0.20300232,1.7968034e+16,88.823149,1.6807128e+17,3.9911047,base_800
000069,11.024732,0.18764785,3.6401193e+16,62.332122,2.3251335e+17,2.3206576,base_800
000070,15.240995,0.24868919,3.2190415e+15,39.398575,8.401266e+16,3.2881344,base_800
000071,21.127866,0.32466153,1.8479349e+15,63.095205,1.653152e+17,3.0248518,base_800
000072,12.536985,0.20458377,3.1441502e+15,60.874814,1.0514541e+17,2.170263,base_800
000073,18.491583,0.30572851,9.843675e+15,65.165542,1.3633507e+17,2.4819821,base_800
000074,16.162276,0.19006789,2.1395096e+16,47.788226,1.2460283e+17,3.588532,base_800
000075,11.611521,0.24462764,4.0107824e+15,79.902794,1.9481431e+17,2.2674933,base_800
000076,10.784005,0.21393232,1.4740933e+15,42.391343,3.734495e+17,2.007737,base_800
000077,10.08515,0.31716593,1.0714932e+16,79.766697,2.4639357e+17,3.785801,base_800
000078,16.482638,0.18365913,2.6008803e+16,65.42265,2.8479614e+17,2.3594246,base_800
000079,19.217964,0.18934003,2.7155646e+16,78.943909,1.7892046e+17,2.1523512,base_800
000080,14.326354,0.29131937,2.1619993e+16,86.336125,1.6872461e+17,2.9283041,base_800
000081,11.584614,0.32209842,1.3772612e+16,51.156814,9.7281517e+16,3.8953315,base_800
000082,13.710937,0.26665991,2.5171031e+16,69.110176,3.1113263e+17,3.4762422,base_800
000083,11.462937,0.22551266,8.7133954e+15,55.085656,3.4539792e+17,3.8528634,base_800
000084,12.573566,0.30813201,2.9555273e+16,47.212735,2.0300263e+17,2.9067107,base_800
000085,21.202203,0.32050745,2.0959702e+15,60.500821,6.3179006e+16,3.7683726,base_800
000086,11.841679,0.27349024,1.8404851e+16,79.662533,3.2803729e+17,2.9055484,base_800
000087,13.383763,0.30758803,2.6800967e+16,71.287734,1.0810382e+17,2.6759713,base_800
000088,11.553055,0.23690796,2.8433012e+15,53.491083,3.7724515e+17,3.1699195,base_800
000089,18.406426,0.30883986,3.5363026e+15,40.654754,3.0207164e+17,3.0568575,base_800
000090,10.071047,0.30343743,1.7598156e+15,79.22816,8.6395022e+16,3.7653447,base_800
000091,16.576847,0.30714349,1.1528683e+15,38.450367,8.6275824e+16,3.8414806,base_800
000092,11.039016,0.32801218,3.71685e+15,74.281015,1.0306359e+17,1.8317291,base_800
000093,18.609482,0.2496925,2.4708108e+16,46.37587,1.1891565e+17,2.9475012,base_800
000094,10.180398,0.22007262,2.2013258e+16,39.301784,7.7699027e+16,3.4372262,base_800
000095,13.505128,0.29566495,9.1187153e+15,81.020388,5.265776e+16,1.9449856,base_800
000096,21.372814,0.21183819,9.9338992e+15,78.443744,2.8638853e+17,3.5232812,base_800
000097,17.386538,0.2219563,2.9985831e+16,66.742071,6.6062855e+16,3.0163719,base_800
000098,17.951893,0.31190449,3.728075e+15,74.908321,2.2366362e+17,3.489112,base_800
000099,16.732459,0.18141146,8.8746362e+15,86.860545,3.8433127e+17,2.9271197,base_800
000100,14.962161,0.25346595,4.6241845e+15,74.523234,6.4542541e+16,1.9559064,base_800
000101,21.390427,0.19237296,2.5393462e+15,56.431657,2.4986642e+17,3.8553064,base_800
000102,17.030596,0.26197046,4.8545722e+16,44.708227,1.254774e+17,2.4119753,base_800
000103,13.781088,0.22619448,1.3175849e+15,38.32486,1.310307e+17,2.6471307,base_800
000104,10.406451,0.18174152,3.2432698e+16,52.717884,2.7494221e+17,1.9081428,base_800
000105,12.746476,0.22433243,6.1155285e+15,89.267745,1.7731301e+17,2.0784354,base_800
000106,13.422361,0.29513643,4.9164321e+16,43.477802,1.3962705e+17,2.6029336,base_800
000107,19.946777,0.31725222,2.3490031e+15,68.687319,6.0235842e+16,2.8354006,base_800
000108,17.975042,0.30073542,1.1005999e+16,65.246105,1.2925823e+17,3.2799499,base_800
000109,15.209187,0.23890547,1.7064887e+16,36.433301,7.8040606e+16,3.6484019,base_800
000110,15.130355,0.22154564,4.5060215e+15,79.409832,1.4592711e+17,2.9167776,base_800
000111,19.259962,0.26589612,4.7720418e+16,37.827025,2.8266907e+17,1.7754511,base_800
000112,21.914144,0.32894797,1.1933522e+15,42.834516,1.1206346e+17,3.3645167,base_800
000113,16.212987,0.31833997,7.9819727e+15,81.14251,3.7163529e+17,3.8121874,base_800
000114,10.17258,0.26045427,1.5017021e+15,46.752708,2.2040456e+17,1.8621695,base_800
000115,11.005482,0.25751499,5.9207141e+15,71.467782,6.5485041e+16,2.5410258,base_800
000116,16.597021,0.27256942,3.4527764e+15,69.461801,6.9859983e+16,1.735529,base_800
000117,16.058518,0.24781167,1.2713887e+15,50.431128,2.0558006e+17,3.6309211,base_800
000118,12.80873,0.31351101,2.9527027e+15,65.69415,1.263232e+17,3.1618591,base_800
000119,11.591673,0.32748507,4.5747839e+16,67.709214,1.3599351e+17,3.9529688,base_800
000120,12.302764,0.22505861,1.4599523e+15,66.520674,6.5855788e+16,3.1437428,base_800
000121,15.483649,0.18644821,1.0548817e+15,82.222091,7.2407258e+16,3.9896168,base_800
000122,18.742461,0.22280431,1.2617775e+15,35.676152,1.2167605e+17,2.6044767,base_800
000123,15.946448,0.21561867,3.9939892e+15,79.606492,3.9774365e+17,2.4563118,base_800
000124,10.633418,0.27152217,3.0430589e+15,40.77828,1.6320649e+17,2.4033673,base_800
000125,20.957058,0.25156969,1.0413798e+15,50.516907,7.197379e+16,1.5332876,base_800
000126,20.726207,0.2902282,3.8577584e+16,48.082215,2.04973e+17,3.7587736,base_800
000127,11.454942,0.23612608,1.7231723e+15,53.131803,3.9922766e+17,3.3543199,base_800
000128,11.99317,0.24043121,1.0174145e+16,44.00204,1.5132584e+17,2.7829977,base_800
000129,13.014535,0.29821378,1.0961021e+16,36.977543,5.1692491e+16,3.1962175,base_800
000130,20.246126,0.27547845,5.5045352e+15,76.185513,2.977878e+17,2.273063,base_800
000131,20.788756,0.18775215,2.410093e+15,59.989931,2.0991539e+17,3.1465052,base_800
000132,15.164924,0.18038985,9.8695528e+15,74.332418,9.1647417e+16,2.3445185,base_800
000133,21.764101,0.28450921,8.8070427e+15,36.534185,7.7950961e+16,1.8713098,base_800
000134,15.734639,0.21333172,2.8415146e+16,70.775112,8.4109475e+16,1.5718498,base_800
000135,10.312087,0.30291728,9.0998791e+15,53.939335,5.3363373e+16,3.3160448,base_800
000136,14.829643,0.24310831,1.6530204e+15,65.564298,3.7001141e+17,2.3871727,base_800
000137,12.58709,0.3074965,1.8899553e+15,35.967896,3.803438e+17,3.8147914,base_800
000138,17.035963,0.31019622,3.4055978e+16,75.927035,8.7349737e+16,1.892393,base_800
000139,20.562489,0.27866351,2.6475239e+15,83.058898,2.6971483e+17,2.9443606,base_800
000140,15.371626,0.28292508,1.2262652e+16,81.953136,8.2107154e+16,3.5987745,base_800
000141,10.374358,0.2075435,2.8066186e+16,46.011729,9.5001474e+16,1.967835,base_800
000142,11.265991,0.29961896,8.337125e+15,53.301831,1.7049875e+17,2.755774,base_800
000143,17.770291,0.19163286,4.4269951e+15,65.381939,6.0429543e+16,2.6658576,base_800
000144,21.496572,0.18271071,3.5727256e+15,80.210385,9.5159886e+16,1.8222527,base_800
000145,20.774835,0.22174709,2.1776295e+15,79.433355,3.8148708e+17,3.567305,base_800
000146,11.304963,0.31625002,2.2213794e+16,66.296199,1.1732206e+17,1.8493475,base_800
000147,14.683743,0.27479048,9.4028748e+15,64.582058,1.5801696e+17,2.1231651,base_800
000148,18.648073,0.25783135,4.8555333e+16,87.921371,1.267645e+17,2.4513893,base_800
000149,15.264717,0.27324282,2.0898678e+16,86.53583,6.480328e+16,3.3568111,base_800
000150,11.430724,0.19573581,3.3119426e+15,50.571325,1.9049342e+17,3.994869,base_800
000151,18.18516,0.28775128,4.7401335e+15,75.358983,5.450234e+16,2.888862,base_800
000152,18.950518,0.20993207,1.2315425e+16,56.637302,1.9426606e+17,3.3260987,base_800
000153,17.920306,0.22047047,3.2708162e+15,86.703019,1.6379848e+17,1.7847793,base_800
000154,17.856718,0.3292306,2.7887187e+15,35.201455,7.3974287e+16,2.0683114,base_800
000155,12.345071,0.18379536,2.0104267e+15,52.873279,3.6755231e+17,2.9768075,base_800
000156,21.226822,0.194885,8.6710336e+15,47.518657,1.1014524e+17,2.8613668,base_800
000157,10.955269,0.24860852,1.4213301e+16,54.633948,2.5806793e+17,1.8415727,base_800
000158,12.627856,0.26342363,4.1929629e+16,56.451468,6.6972003e+16,2.2009519,base_800
000159,13.451202,0.23373193,1.0641217e+16,85.591925,7.7275584e+16,2.5235993,base_800
000160,16.700789,0.31046876,1.4090295e+15,66.095646,9.2954426e+16,1.5828792,base_800
000161,16.68419,0.21039776,8.1744106e+15,61.828382,1.9779987e+17,2.9920447,base_800
000162,20.345604,0.30607137,5.3027819e+15,39.224738,6.0512741e+16,1.7897016,base_800
000163,17.353308,0.2170705,1.2883194e+16,68.864549,1.0914331e+17,1.5071243,base_800
000164,14.112014,0.28387094,4.1060078e+16,63.387046,3.2098725e+17,1.6580175,base_800
000165,15.229622,0.19931215,1.9574717e+15,53.681316,2.1898052e+17,2.5037378,base_800
000166,20.26004,0.27317177,1.3863847e+15,65.306536,1.204664e+17,3.5267451,base_800
000167,18.086718,0.19988907,1.7210875e+16,77.982659,6.2978648e+16,2.9419439,base_800
000168,11.823091,0.23642605,3.2620667e+16,59.34051,1.045072e+17,2.2065122,base_800
000169,21.047376,0.29292924,3.4178657e+15,46.793326,7.5744382e+16,2.4915024,base_800
000170,20.309369,0.22926809,3.4875304e+16,68.596312,3.638326e+17,2.3259947,base_800
000171,19.741607,0.20430929,4.5886852e+15,58.731804,1.7264665e+17,3.4249937,base_800
000172,14.858221,0.1990036,1.1379129e+16,73.467467,2.305616e+17,2.9729098,base_800
000173,20.323472,0.3096408,4.5308727e+16,45.77571,2.53994e+17,3.6676862,base_800
000174,16.19837,0.2939386,4.2872059e+16,42.567891,1.4022363e+17,2.6695312,base_800
000175,19.037329,0.29724726,1.3085746e+16,65.929912,5.9667772e+16,1.8662987,base_800
000176,12.123247,0.31978621,3.9605516e+16,50.069175,5.224187e+16,1.7424632,base_800
000177,13.239931,0.21621078,2.2702108e+15,82.479295,1.0530182e+17,3.2813644,base_800
000178,19.408246,0.18329939,1.6068952e+15,85.209738,6.1623183e+16,3.6459032,base_800
000179,11.484566,0.22532219,6.7026035e+15,35.744998,3.3491191e+17,3.7790247,base_800
000180,15.991975,0.22885832,1.0379845e+16,60.551333,1.2694098e+17,3.6839366,base_800
000181,21.89319,0.29349729,3.106525e+15,52.386579,1.8159274e+17,3.5292959,base_800
000182,18.369758,0.27704328,1.6884866e+16,87.054896,1.8413264e+17,3.4335619,base_800
000183,14.631942,0.25718211,3.1571473e+15,46.925137,5.2079691e+16,2.1292985,base_800
000184,18.020492,0.21281242,6.4627784e+15,64.973927,8.5355281e+16,3.0755442,base_800
000185,19.646894,0.30644236,2.6271809e+16,63.228744,1.0136746e+17,2.788692,base_800
000186,17.820249,0.32070113,1.0073887e+15,82.886861,8.2410606e+16,2.5718498,base_800
000187,11.410953,0.32705897,3.092443e+16,87.23413,1.998828e+17,2.2186497,base_800
000188,12.948255,0.31850138,5.1712277e+15,64.632371,7.506896e+16,3.4119236,base_800
000189,18.571532,0.26948401,3.989406e+16,66.837806,8.1035854e+16,2.1731484,base_800
000190,18.970152,0.1862914,3.6653123e+16,72.35485,3.9004107e+17,1.9232784,base_800
000191,14.141606,0.27779488,3.2046846e+15,70.435817,7.0342718e+16,3.6632282,base_800
000192,21.686762,0.19726501,4.2207952e+16,88.85037,8.2791042e+16,2.3581235,base_800
000193,10.282141,0.18061049,1.9689502e+16,77.508976,2.770186e+17,3.273128,base_800
000194,21.411347,0.31934042,1.3349885e+15,69.270215,2.2474726e+17,3.8025312,base_800
000195,11.351645,0.18337808,6.3418953e+15,85.69103,1.0216261e+17,1.7785223,base_800
000196,16.949796,0.25814452,3.155525e+16,41.697059,2.1057762e+17,1.8792145,base_800
000197,17.98846,0.30198805,2.0105918e+16,87.437699,7.230812e+16,2.0431466,base_800
000198,16.140028,0.24887893,1.3957391e+16,44.358596,8.1407956e+16,3.2301984,base_800
000199,19.169593,0.30228528,1.8533533e+16,65.954678,1.2567097e+17,2.508816,base_800
000200,20.169214,0.18543275,4.0386077e+16,79.738261,1.4105152e+17,3.3872706,base_800
000201,13.839941,0.22492625,4.0670559e+16,48.986301,1.2409074e+17,3.5956344,base_800
000202,11.811438,0.27892184,2.5845618e+15,40.355162,2.3937688e+17,1.5178134,base_800
000203,10.263839,0.26154623,5.7069932e+15,57.107711,1.3467473e+17,3.108367,base_800
000204,21.515474,0.2803992,2.0872381e+15,42.057178,6.6661155e+16,3.7330859,base_800
000205,18.704026,0.30948359,1.890589e+16,76.678009,3.8941809e+17,1.7391445,base_800
000206,17.793091,0.18258636,1.6112194e+15,50.005982,1.871663e+17,1.8154744,base_800
000207,18.450118,0.25573744,2.617974e+15,61.112764,5.3593497e+16,3.7061097,base_800
000208,21.075219,0.29855639,2.686304e+15,73.270943,1.0226634e+17,2.6443582,base_800
000209,15.076905,0.3022263,3.3419775e+16,49.374196,3.6676186e+17,2.3802272,base_800
000210,15.520025,0.28082312,4.0836471e+16,48.30257,1.6891939e+17,2.3420397,base_800
000211,17.098103,0.23446955,2.6407861e+16,76.827008,6.4953199e+16,2.9706243,base_800
000212,21.582376,0.2044218,3.4703438e+16,46.334417,2.2762574e+17,2.3676451,base_800
000213,18.129471,0.29759048,3.9253549e+15,53.573405,1.67571e+17,3.587352,base_800
000214,15.779435,0.20488794,2.394497e+15,60.165875,5.7201142e+16,2.3825411,base_800
000215,14.109084,0.23053227,3.5428724e+16,63.589334,1.5261425e+17,2.473792,base_800
000216,14.842162,0.22792788,1.2074319e+16,59.5459,2.2148518e+17,3.4858576,base_800
000217,19.160377,0.28549909,1.6438739e+16,38.709649,3.2265065e+17,3.463975,base_800
000218,21.712482,0.27125489,3.4454416e+15,88.666334,9.0409932e+16,2.0726787,base_800
000219,18.662252,0.2592897,3.8206964e+15,46.269175,2.3504139e+17,2.832669,base_800
000220,19.001284,0.30854297,2.2596049e+15,47.729456,3.0091481e+17,3.3232641,base_800
000221,14.163298,0.29321546,2.3352321e+15,42.731883,2.6260696e+17,3.9620049,base_800
000222,12.955759,0.21748892,5.5337296e+15,80.634863,3.3329074e+17,2.1484156,base_800
000223,13.985553,0.31081024,1.002844e+15,53.845897,8.1889056e+16,2.8409459,base_800
000224,21.189178,0.20922962,3.7746911e+15,41.761637,1.1281254e+17,2.3733642,base_800
000225,14.455145,0.25588053,1.9691457e+15,75.514714,1.0643094e+17,2.6900252,base_800
000226,17.165433,0.31174532,2.1270387e+15,63.320429,2.4483124e+17,3.8457128,base_800
000227,20.119315,0.22993285,3.1655082e+16,48.247284,2.0573258e+17,1.8965634,base_800
000228,14.174085,0.24986439,9.6825696e+15,43.70412,3.3120251e+17,2.8757599,base_800
000229,19.231383,0.29972949,1.8316364e+15,89.322494,2.6424291e+17,3.8293548,base_800
000230,21.603263,0.29714734,5.4328644e+15,55.718192,1.1851996e+17,2.311114,base_800
000231,16.798888,0.24142194,1.1625897e+15,74.25026,6.8111402e+16,3.9814925,base_800
000232,17.669903,0.23320572,4.9384878e+15,74.984801,8.3465256e+16,1.9585497,base_800
000233,13.553354,0.23880245,4.9560199e+15,76.98768,3.265107e+17,3.4041539,base_800
000234,16.712572,0.32370636,4.4190647e+16,36.46927,1.4494743e+17,2.8806157,base_800
000235,10.914843,0.24694918,6.8234219e+15,40.996063,1.2735312e+17,1.7190061,base_800
000236,20.209906,0.29170135,2.9957718e+15,65.495483,1.258584e+17,3.2514508,base_800
000237,13.125685,0.22804655,3.8919641e+15,76.111028,1.1249729e+17,3.0469688,base_800
000238,12.476063,0.31914306,2.1214884e+15,77.121612,9.9728556e+16,3.454393,base_800
000239,13.14978,0.19844092,1.6312871e+16,49.04218,2.5954989e+17,1.7481087,base_800
000240,12.802925,0.2150213,9.7480944e+15,64.709287,3.0903767e+17,3.3766025,base_800
000241,16.332917,0.20828354,2.1285333e+16,68.491782,6.6772177e+16,2.8381015,base_800
000242,14.389557,0.18590762,1.2513592e+15,39.152541,1.3215754e+17,2.6102314,base_800
000243,12.984989,0.2908188,2.4986e+16,78.563866,1.4816237e+17,3.3142205,base_800
000244,16.610014,0.32736778,2.1357593e+15,48.78769,3.8327315e+17,2.6288267,base_800
000245,16.243673,0.29064392,7.5147917e+15,70.709684,1.4332332e+17,2.6815523,base_800
000246,20.546071,0.22311687,2.8062576e+15,38.025579,3.5101577e+17,3.777304,base_800
000247,20.421817,0.18420548,4.24719e+15,62.221391,2.0936669e+17,2.4292436,base_800
000248,20.69414,0.19046466,4.054536e+15,78.236782,3.513344e+17,3.1502043,base_800
000249,12.433434,0.22137027,1.1853992e+16,78.502941,3.3222186e+17,3.1780531,base_800
000250,17.182851,0.20130142,4.4724006e+16,46.587712,1.1080284e+17,3.509962,base_800
000251,10.285097,0.2595374,2.9347425e+15,82.670848,1.8332046e+17,1.9798783,base_800
000252,19.427263,0.30804644,7.0434847e+15,61.907742,1.666427e+17,1.6158123,base_800
000253,12.99754,0.25383837,1.0144632e+16,45.423745,5.0632248e+16,1.8652783,base_800
000254,11.27829,0.26159532,1.0227085e+15,80.390875,2.3027204e+17,2.6093597,base_800
000255,18.472744,0.32813943,3.9434555e+16,76.456247,2.1710324e+17,3.9219086,base_800
000256,15.419705,0.23410373,1.7030311e+16,64.318603,2.1013324e+17,2.4538173,base_800
000257,19.673027,0.25330878,1.7775206e+16,35.499497,5.0922986e+16,3.159138,base_800
000258,20.09485,0.30866649,5.4026412e+15,44.057668,5.9849985e+16,1.7326443,base_800
000259,19.555212,0.2440537,1.2629937e+16,44.676545,5.914371e+16,2.7274242,base_800
000260,15.294089,0.2681057,1.6084492e+16,66.441073,5.6157242e+16,2.2372234,base_800
000261,13.972506,0.18665065,8.5067402e+15,80.517964,7.4702046e+16,2.8183748,base_800
000262,11.860009,0.19374974,2.3587633e+15,43.922442,2.2920024e+17,3.5606355,base_800
000263,10.819721,0.28682397,1.3244877e+16,44.789797,2.2285287e+17,3.3667472,base_800
000264,20.281758,0.21659337,2.1018482e+16,56.727715,7.4840547e+16,1.8549676,base_800
000265,10.678492,0.27496328,1.1288449e+16,52.763955,9.556384e+16,3.8836454,base_800
000266,21.448053,0.20869968,1.580775e+15,67.307129,8.5734968e+16,2.0817755,base_800
000267,19.289064,0.24469342,1.6353401e+16,37.923127,2.5879044e+17,2.0121777,base_800
000268,11.312643,0.21014882,3.3129094e+16,52.068322,3.6920632e+17,2.1757304,base_800
000269,19.251189,0.23080625,5.8546477e+15,77.309942,3.7406749e+17,3.2089777,base_800
000270,10.15328,0.26729396,2.176449e+16,35.901992,5.0917531e+16,3.709781,base_800
000271,14.126731,0.3293122,4.3021785e+15,63.712285,1.7469993e+17,3.7396401,base_800
000272,14.76431,0.26908886,8.638457e+15,36.806388,8.4594932e+16,3.390848,base_800
000273,14.471129,0.32547892,3.2858401e+16,40.92373,1.4589697e+17,3.2778787,base_800
000274,13.201345,0.18686919,1.7192144e+15,51.663034,5.1288389e+16,3.2671712,base_800
000275,13.10588,0.29251058,1.2350624e+15,72.98773,1.0168104e+17,2.001782,base_800
000276,18.547431,0.28138984,1.009748e+16,73.319642,1.8365157e+17,2.527062,base_800
000277,16.431264,0.27442608,7.4796949e+15,62.782157,1.5113387e+17,3.6592594,base_800
000278,10.59366,0.1914749,1.1571678e+16,36.296425,7.0484002e+16,3.7610183,base_800
000279,20.889994,0.28911326,5.2759565e+15,40.850555,1.1668785e+17,2.6242469,base_800
000280,20.217356,0.31892058,2.3276385e+16,45.211024,6.3854439e+16,2.0456464,base_800
000281,13.35622,0.27014133,1.909877e+15,62.06391,1.415275e+17,3.5347761,base_800
000282,19.682363,0.26714827,1.5199379e+15,47.408114,1.9867428e+17,1.6805775,base_800
000283,20.001861,0.22978102,1.1515277e+15,49.799941,1.2889134e+17,2.6858749,base_800
000284,20.946344,0.26485187,1.5791982e+16,79.964301,2.6082226e+17,1.9652061,base_800
000285,16.037098,0.31140405,5.4062188e+15,83.608949,9.1132968e+16,2.881439,base_800
000286,18.437589,0.18731555,1.8807451e+16,53.026194,2.8681555e+17,3.0688428,base_800
000287,17.90799,0.27676464,6.6523278e+15,77.389387,7.5911612e+16,2.4275858,base_800
000288,19.202099,0.3090489,2.9700886e+16,51.554019,3.6078314e+17,2.5904309,base_800
000289,14.089951,0.23802319,1.1206629e+16,59.314049,2.3572049e+17,3.7414858,base_800
000290,18.230725,0.2588263,1.115292e+15,53.806534,1.1795134e+17,2.3993353,base_800
000291,16.190092,0.18868735,1.8422697e+15,81.695195,2.6536991e+17,2.1094599,base_800
000292,11.335707,0.31310942,2.9904839e+16,61.750709,2.2298214e+17,2.750979,base_800
000293,14.738262,0.27645877,2.0000216e+16,81.830924,2.5698971e+17,3.1257505,base_800
000294,13.824977,0.20940963,1.216121e+16,53.995543,2.7567582e+17,1.6055442,base_800
000295,14.562221,0.29745306,1.6876897e+15,70.911186,9.2426015e+16,2.4198531,base_800
000296,10.9246,0.31753677,4.4926725e+16,51.603015,5.8219537e+16,1.856402,base_800
000297,12.515035,0.25654546,1.6731795e+16,43.642592,2.9708912e+17,2.0334551,base_800
000298,17.937286,0.28345668,4.7629233e+15,62.539639,3.4607329e+17,1.6451661,base_800
000299,16.399841,0.32623605,1.1755426e+16,53.383002,3.075111e+17,3.0031366,base_800
000300,18.064109,0.20407463,1.1338274e+16,65.600232,2.9032076e+17,2.3545619,base_800
000301,21.01878,0.32187258,2.8227496e+15,77.203748,1.3677502e+17,3.6954264,base_800
000302,17.368291,0.29440186,4.6836329e+16,85.257963,8.0038667e+16,3.1149607,base_800
000303,11.564002,0.26503011,1.3448303e+15,44.837819,6.9977902e+16,3.0808918,base_800
000304,15.358982,0.19528054,2.4799653e+15,53.558115,3.0315862e+17,1.9117561,base_800
000305,10.432712,0.29111208,1.4853403e+15,83.225162,3.3033195e+17,1.8504442,base_800
000306,13.04273,0.25993522,1.5932422e+15,37.781432,1.5527603e+17,3.1880909,base_800
000307,17.886313,0.19936398,6.8928737e+15,68.313838,2.2533998e+17,3.8914149,base_800
000308,10.347332,0.2420675,8.9076451e+15,66.686808,2.1300516e+17,2.0219343,base_800
000309,12.363825,0.18008411,7.8368451e+15,81.404106,2.9561619e+17,3.1216754,base_800
000310,14.035117,0.32569623,6.2172623e+15,47.977133,3.189685e+17,3.8983193,base_800
000311,18.11229,0.29001864,4.7074875e+16,51.991294,1.2147192e+17,2.1954835,base_800
000312,17.584641,0.32965124,1.9755093e+16,89.950801,2.4563265e+17,1.6706111,base_800
000313,12.178177,0.19198751,6.2565336e+15,80.900908,1.9933008e+17,3.8267769,base_800
000314,10.842567,0.18152085,1.3411081e+16,36.169205,1.0420703e+17,2.9646712,base_800
000315,20.579614,0.22407373,9.2516249e+15,71.105386,3.3811717e+17,3.9630331,base_800
000316,12.641454,0.18940783,6.5840638e+15,81.095077,2.4862867e+17,1.8892908,base_800
000317,18.938205,0.28600271,1.016737e+15,60.36965,7.4044973e+16,3.8687262,base_800
000318,17.592035,0.18454511,4.5440204e+15,77.042049,1.2236584e+17,2.364662,base_800
000319,17.457476,0.21294729,1.9523146e+16,88.254299,2.7895619e+17,2.2713734,base_800
000320,14.918962,0.26985666,3.7239704e+16,52.667004,6.9592094e+16,3.1863001,base_800
000321,17.289301,0.26362674,2.3683573e+15,84.95275,1.9626389e+17,2.2131358,base_800
000322,14.894983,0.19247682,2.418642e+15,52.532117,3.6278716e+17,3.0100946,base_800
000323,14.663484,0.24715089,7.2591511e+15,64.243501,1.8005223e+17,2.2494668,base_800
000324,13.730075,0.2325808,1.8787953e+16,35.219324,3.9387602e+17,2.377817,base_800
000325,18.164679,0.21226617,6.7687885e+15,62.6858,3.9628728e+17,1.9816368,base_800
000326,19.870804,0.28933366,5.1170008e+15,57.924968,5.5594601e+16,3.7473209,base_800
000327,15.439093,0.30022563,1.3493332e+16,86.224615,3.0005307e+17,3.4006145,base_800
000328,17.116302,0.2784593,1.5351801e+16,70.583351,1.7578736e+17,1.7056964,base_800
000329,18.867728,0.28320166,3.8176499e+16,89.560226,3.1594612e+17,3.9085929,base_800
000330,19.542692,0.32788363,4.3579982e+16,59.86287,2.0142214e+17,3.1031906,base_800
000331,17.446065,0.28201195,1.362842e+16,50.814021,2.1971612e+17,3.8342053,base_800
000332,15.834105,0.31537671,2.5768058e+15,54.417349,3.8685798e+17,2.7802424,base_800
000333,18.591007,0.21818157,2.566787e+15,63.981262,1.2258361e+17,3.3420861,base_800
000334,21.239718,0.23119698,2.1473772e+16,69.86987,2.3331054e+17,1.8105292,base_800
000335,18.796971,0.18618531,4.1515064e+15,50.969395,1.7360057e+17,3.7002149,base_800
000336,14.350053,0.27036638,1.6519631e+16,41.342859,6.1480959e+16,3.42812,base_800
000337,16.934076,0.27377504,7.298156e+15,72.455294,3.3923984e+17,3.467227,base_800
000338,15.910006,0.32854509,1.5293792e+16,87.606173,3.5316815e+17,3.2398478,base_800
000339,12.841729,0.24549632,1.992204e+15,70.10108,9.2620744e+16,2.6389027,base_800
000340,20.434376,0.18018848,4.8958685e+15,51.027346,2.3617229e+17,2.6356877,base_800
000341,20.469005,0.23576136,3.6868651e+15,84.600621,1.7597364e+17,3.0540331,base_800
000342,16.525753,0.21141638,2.3369039e+16,75.861932,1.7300202e+17,2.0563227,base_800
000343,13.22436,0.27952663,2.2416438e+15,39.825979,1.3756716e+17,1.6282742,base_800
000344,12.883747,0.22362844,5.0844614e+15,37.977951,8.8193754e+16,3.3027772,base_800
000345,16.638932,0.28364359,5.8972641e+15,86.780498,1.1567669e+17,2.8978475,base_800
000346,16.889119,0.29983764,1.1197003e+15,50.362555,8.9257658e+16,2.7564532,base_800
000347,21.618284,0.2509308,3.110085e+15,58.150439,6.4064948e+16,3.397501,base_800
000348,17.328192,0.21868178,3.2485622e+15,66.589819,1.131961e+17,3.1333153,base_800
000349,21.740749,0.18882081,2.6697847e+16,40.051268,1.4879585e+17,3.5014419,base_800
000350,11.093146,0.32122985,8.5822614e+15,35.565758,1.2513974e+17,2.5857935,base_800
000351,10.533281,0.18717256,3.6556946e+15,83.132515,2.0664141e+17,3.2120359,base_800
000352,17.509334,0.22346338,1.6736815e+15,69.191862,8.7676683e+16,1.5727623,base_800
000353,19.346793,0.21601039,5.3396521e+15,35.359897,1.1128121e+17,3.336316,base_800
000354,21.997308,0.26759541,1.1105873e+15,39.71318,1.6183305e+17,2.5152185,base_800
000355,11.09972,0.30528835,1.7915706e+15,39.447163,1.4695103e+17,1.5267013,base_800
000356,15.452671,0.29693838,2.5285557e+15,81.559051,3.5658708e+17,2.0128759,base_800
000357,10.048348,0.31497048,3.9280278e+16,71.411594,2.3374249e+17,2.5202938,base_800
000358,20.601234,0.23533478,1.1734251e+15,40.405857,9.0611063e+16,2.6924767,base_800
000359,16.567725,0.19366234,3.7289365e+16,80.819727,9.594595e+16,1.8014792,base_800
000360,18.519412,0.29278198,4.6408611e+16,85.455392,2.8055815e+17,2.5578846,base_800
000361,20.993741,0.28013583,1.7360937e+15,68.228203,2.1131239e+17,2.1595645,base_800
000362,12.086926,0.24505279,1.1033127e+15,66.182971,2.7095866e+17,3.3105441,base_800
000363,19.084689,0.31111075,8.2633532e+15,41.62366,5.6915228e+16,3.5649333,base_800
000364,19.056372,0.21077604,3.3569519e+15,64.496133,2.087711e+17,2.5538374,base_800
000365,12.041038,0.32558916,1.4309883e+16,86.669086,2.0113659e+17,2.5970371,base_800
000366,15.327679,0.19389834,9.5883162e+15,67.132481,3.5937342e+17,3.6162136,base_800
000367,15.811307,0.20391177,6.056807e+15,71.831333,1.9918238e+17,2.2249541,base_800
000368,20.298907,0.19261,9.371252e+15,73.517563,1.2433885e+17,2.0882986,base_800
000369,10.197983,0.24735138,1.5634041e+15,82.777066,7.5511257e+16,3.7233587,base_800
000370,14.28858,0.28121558,1.488006e+15,70.355805,8.8869588e+16,2.6198796,base_800
000371,17.344049,0.24295803,4.1859302e+16,60.700955,1.8602246e+17,1.9485656,base_800
000372,15.187965,0.20660934,7.8010169e+15,65.741982,2.3788446e+17,2.3499469,base_800
000373,20.974773,0.27043161,3.6195297e+15,48.426848,5.8597159e+16,1.6945239,base_800
000374,14.772318,0.28154593,1.755753e+16,86.129803,1.5020653e+17,2.7696921,base_800
000375,18.862764,0.2696739,5.5612002e+15,63.155456,3.0257935e+17,3.2615453,base_800
000376,13.289451,0.18910238,4.6651077e+15,57.033694,2.1411977e+17,3.4711286,base_800
000377,11.738058,0.24508311,2.749768e+16,48.831714,2.8158533e+17,2.6624315,base_800
000378,19.713611,0.22940592,1.6024891e+16,67.852152,3.8214667e+17,2.1429754,base_800
000379,12.133976,0.20554908,1.268264e+16,70.522076,8.3717969e+16,3.0210456,base_800
000380,21.348139,0.26229743,1.5594113e+16,78.729662,1.7665385e+17,2.2298048,base_800
000381,12.822853,0.20776646,9.2911996e+15,67.228633,6.5942434e+16,1.5031497,base_800
000382,16.176267,0.32011262,2.7030256e+15,74.703712,2.1557925e+17,2.8206851,base_800
000383,19.392777,0.31800321,1.4424172e+16,73.985829,1.9329896e+17,3.6392278,base_800
000384,17.215088,0.21108569,2.4416812e+16,38.879146,1.3738284e+17,2.0697418,base_800
000385,11.723689,0.26437181,3.2776998e+16,83.878678,6.8678729e+16,1.5907122,base_800
000386,20.37181,0.26474796,3.2004097e+15,54.689712,1.9708809e+17,2.4759474,base_800
000387,17.998269,0.30999935,2.525505e+16,59.752187,1.9309418e+17,3.1788892,base_800
000388,11.188699,0.20683549,1.0910113e+16,84.478684,2.6669637e+17,3.9148311,base_800
000389,11.626806,0.23106617,7.659413e+15,36.868822,2.5756104e+17,2.9237076,base_800
000390,13.898999,0.30308989,2.6586562e+16,88.040462,2.297624e+17,2.0753583,base_800
000391,14.433275,0.23470583,1.749292e+15,48.003121,2.9486025e+17,1.8839701,base_800
000392,17.737479,0.32663117,2.6656078e+15,64.82996,2.8558323e+17,2.0037169,base_800
000393,12.710936,0.31605334,2.4975353e+15,45.319645,5.4919818e+16,2.8456099,base_800
000394,12.388303,0.31767651,2.6107061e+16,80.142415,1.3443597e+17,2.592628,base_800
000395,14.618485,0.27174503,5.1336191e+15,85.886275,2.7233101e+17,2.0909051,base_800
000396,21.254849,0.32032442,3.2650647e+15,53.012124,3.1076899e+17,3.9535633,base_800
000397,17.869776,0.32279113,3.8649582e+15,56.544722,7.2724406e+16,2.1873859,base_800
000398,20.80137,0.28163349,3.8990147e+15,76.659002,1.1766837e+17,3.4415609,base_800
000399,13.248337,0.24071545,2.4833969e+16,55.554164,5.3345651e+16,2.0388882,base_800
000400,15.766036,0.27669446,1.1886953e+16,76.524337,1.6052476e+17,2.71044,base_800
000401,16.405083,0.2886274,1.0961308e+15,47.129905,5.935982e+16,3.6141703,base_800
000402,12.7251,0.21357633,1.4105001e+16,60.246425,1.0661003e+17,3.2453411,base_800
000403,21.324822,0.24607695,1.3222207e+16,67.595787,1.3253143e+17,2.8105748,base_800
000404,21.863828,0.23657906,4.6474323e+16,45.672018,1.3227517e+17,2.8229363,base_800
000405,15.147897,0.25086992,2.8144724e+16,80.2796,7.7148695e+16,2.3323207,base_800
000406,19.280543,0.29025293,1.4052862e+16,62.95031,9.1305897e+16,3.7359452,base_800
000407,16.129494,0.20280096,1.0528463e+16,55.053578,1.1448585e+17,2.1005287,base_800
000408,14.306384,0.28507043,1.0773376e+15,45.582797,2.5362896e+17,3.3601056,base_800
000409,20.624329,0.19125821,1.4869598e+16,46.162033,5.3032618e+16,2.767006,base_800
000410,10.462107,0.22207811,3.550138e+15,84.079552,1.5459408e+17,3.1535764,base_800
000411,14.267328,0.18839466,2.3543447e+16,76.131467,3.8607096e+17,3.558393,base_800
000412,10.993436,0.28498252,4.1410099e+16,77.259698,1.82741e+17,2.9970069,base_800
000413,12.856328,0.20519756,6.1921818e+15,50.68546,2.9260085e+17,3.8749854,base_800
000414,15.674709,0.27106007,1.2124569e+15,55.315619,7.1475277e+16,3.2426408,base_800
000415,15.719505,0.26530098,2.8859503e+16,85.6062,2.6502095e+17,2.4318037,base_800
000416,10.740472,0.20856514,1.8063269e+16,48.736028,9.1594312e+16,3.6879907,base_800
000417,18.036503,0.20373261,1.929032e+15,45.312226,3.0608221e+17,3.0144498,base_800
000418,20.675496,0.32528777,1.6363878e+15,85.356191,3.399005e+17,3.2933224,base_800
000419,10.649341,0.30126086,3.8520134e+15,50.948098,3.2538104e+17,3.6909711,base_800
000420,18.727776,0.25054216,1.4216239e+15,40.234245,9.2246863e+16,1.5987266,base_800
000421,20.390311,0.18983712,2.0218629e+15,64.837952,5.5684523e+16,3.2647364,base_800
000422,19.944909,0.22084223,2.5449174e+16,40.18523,3.4851865e+17,1.6621698,base_800
000423,18.883182,0.3043345,4.5650806e+15,61.621093,6.1339969e+16,3.3091734,base_800
000424,11.173973,0.32641862,3.6799959e+16,35.012566,7.6794467e+16,2.5766654,base_800
000425,12.869178,0.22230731,3.3895862e+16,63.531033,5.7552591e+16,3.9727942,base_800
000426,11.954613,0.2966198,2.274809e+16,57.403402,1.098179e+17,3.9182993,base_800
000427,21.808656,0.26572365,3.9782952e+15,61.542858,8.2241966e+16,1.8753823,base_800
000428,16.451599,0.18396442,1.0502871e+16,85.145773,8.4413707e+16,2.4367749,base_800
000429,17.256302,0.25258535,3.8357239e+16,39.936253,5.875872e+16,3.7946795,base_800
000430,12.401065,0.29902608,2.9181437e+16,85.524086,1.5347333e+17,3.7169756,base_800
000431,10.729535,0.23202574,2.4567958e+15,87.339929,1.2364829e+17,1.6007542,base_800
000432,20.920603,0.27620285,3.0606717e+15,84.313991,1.6493078e+17,1.9413526,base_800
000433,18.042517,0.25911282,1.1107796e+16,80.34725,5.1808203e+16,1.6978995,base_800
000434,13.067285,0.23222563,3.3251078e+15,71.077916,7.7578766e+16,3.3509907,base_800
000435,21.872624,0.2543839,1.042044e+16,88.943219,5.6664418e+16,1.6347648,base_800
000436,16.355445,0.27741518,6.2643542e+15,52.410943,1.2313743e+17,3.14962,base_800
000437,12.606769,0.19096081,5.4775174e+15,46.545521,2.6136136e+17,3.5406553,base_800
000438,13.176761,0.23512295,1.4002701e+15,77.702809,3.0444185e+17,3.3299499,base_800
000439,17.691418,0.19083304,2.4635801e+15,63.828487,6.9434395e+16,3.0612053,base_800
000440,17.553466,0.2756714,8.2089279e+15,62.126689,5.536619e+16,3.1922983,base_800
000441,18.38174,0.23285296,4.3992143e+16,72.569894,8.7084696e+16,2.4990843,base_800
000442,18.915105,0.26840912,2.0323177e+16,78.667116,2.1503384e+17,2.5006534,base_800
000443,19.971467,0.25367899,1.7646792e+16,59.090674,1.0682402e+17,3.7701881,base_800
000444,15.548884,0.25411643,6.3739279e+15,72.932837,2.1227093e+17,3.4375267,base_800
000445,20.099581,0.25128886,5.9311107e+15,81.215556,1.9014322e+17,1.9140774,base_800
000446,21.279553,0.28255023,1.2041945e+16,37.470851,5.0300826e+16,3.8752392,base_800
000447,14.996621,0.22388868,7.1423282e+15,69.77114,1.0858204e+17,2.7126701,base_800
000448,18.83543,0.25486058,1.2785234e+16,77.807357,6.6319868e+16,3.2484331,base_800
000449,16.543738,0.27759478,1.3483005e+16,41.194121,1.0895049e+17,2.9401834,base_800
000450,10.872451,0.29807895,1.0129796e+15,50.628294,1.2097439e+17,3.026036,base_800
000451,15.391518,0.27360359,1.527615e+15,63.89155,2.5304481e+17,1.5962394,base_800
000452,19.121396,0.20156902,2.9240464e+15,38.428002,2.6942716e+17,1.8200269,base_800
000453,19.752765,0.20630355,2.1989661e+15,70.831846,1.4964895e+17,2.9555789,base_800
000454,13.314531,0.18316972,2.1245318e+16,69.412685,3.2879878e+17,3.8070285,base_800
000455,19.908443,0.31240674,2.4867722e+15,71.56979,3.2478559e+17,3.0439804,base_800
000456,13.873978,0.20102677,1.1516116e+16,56.002289,2.5183259e+17,3.2949872,base_800
000457,21.549597,0.30784495,2.4499325e+16,55.868124,1.520292e+17,2.2199166,base_800
000458,12.264927,0.32434837,1.4674242e+15,39.039213,2.9366273e+17,1.6758892,base_800
000459,17.743784,0.18283329,4.3261329e+15,52.145729,1.9526996e+17,3.7131427,base_800
000460,21.969014,0.23420129,5.687515e+15,64.425013,1.5860603e+17,3.4512619,base_800
000461,12.93792,0.18801243,2.1527979e+15,86.193592,6.5636475e+16,3.6068881,base_800
000462,12.49357,0.27241783,5.2140908e+15,89.66228,5.6581796e+16,1.817505,base_800
000463,19.188723,0.27215672,1.1945285e+16,61.048717,7.9538163e+16,3.7437733,base_800
000464,14.210764,0.29338716,2.2804903e+15,37.734593,5.902621e+16,2.6277619,base_800
000465,14.498247,0.26073265,2.7783947e+16,58.516855,6.0884509e+16,1.7975395,base_800
000466,20.997722,0.29549035,3.3726437e+15,80.659218,1.9578067e+17,2.0981477,base_800
000467,14.798948,0.21987351,2.2094134e+15,72.850067,1.3016547e+17,1.7834723,base_800
000468,19.589115,0.22710898,1.1810318e+16,75.094923,2.1198792e+17,1.7744494,base_800
000469,18.814155,0.24565339,9.504534e+15,76.267715,3.268208e+17,2.1896097,base_800
000470,18.420559,0.21921912,1.1916509e+15,87.122442,3.1787774e+17,3.0892328,base_800
000471,20.151101,0.22749191,4.7159791e+15,73.793651,2.4415863e+17,1.9613935,base_800
000472,19.765771,0.32698664,1.2190077e+16,62.735611,9.5501589e+16,2.5476863,base_800
000473,12.472895,0.29935545,1.2840066e+15,73.977481,1.920407e+17,2.9856834,base_800
000474,10.615687,0.30335053,1.8029302e+15,50.270087,1.2863793e+17,2.3398522,base_800
000475,16.901162,0.31269756,5.1688208e+15,89.610264,8.0450634e+16,2.1668971,base_800
000476,21.568589,0.31799578,1.0858329e+16,50.129707,8.9987941e+16,3.197899,base_800
000477,13.417791,0.28749344,1.3785204e+15,68.808008,3.688062e+17,2.7393092,base_800
000478,21.840754,0.19297333,1.5631727e+16,59.470724,9.6577069e+16,3.4930812,base_800
000479,15.465778,0.30375288,2.2888755e+15,63.628349,1.7149746e+17,3.9322722,base_800
000480,13.776278,0.2818771,1.9382339e+16,42.30985,1.6479469e+17,1.5028413,base_800
000481,18.676534,0.21444002,4.1540896e+16,70.285409,5.8353657e+16,2.2859698,base_800
000482,15.273043,0.2632429,6.1615121e+15,37.304894,1.8838295e+17,2.8051866,base_800
000483,13.272322,0.30134822,1.6425314e+15,48.527654,9.30773e+16,1.7717915,base_800
000484,19.386433,0.23949361,1.2819511e+15,51.964102,1.2808714e+17,1.5110243,base_800
000485,16.509369,0.22321555,1.8785437e+15,40.602205,6.2045182e+16,3.0911829,base_800
000486,13.685743,0.31403376,1.1821235e+15,74.868391,2.2696067e+17,2.6170831,base_800
000487,10.475946,0.21028289,1.1618958e+16,88.199263,2.0782085e+17,2.134753,base_800
000488,17.839752,0.30430539,3.4227363e+16,76.754748,5.2473923e+16,3.0349508,base_800
000489,21.787521,0.19345891,1.2025071e+15,43.411124,6.376065e+16,2.9880071,base_800
000490,13.513528,0.20764596,1.1159065e+16,85.855164,6.7902028e+16,1.8355358,base_800
000491,12.311815,0.22692515,2.3576493e+16,55.773082,1.8063527e+17,3.2541307,base_800
000492,13.999175,0.19608772,3.1763039e+15,75.596183,6.1030247e+16,3.9690641,base_800
000493,15.067249,0.23331861,3.9586869e+15,51.231201,6.4298377e+16,3.285061,base_800
000494,16.659251,0.19661296,2.4111435e+16,53.7512,5.3653326e+16,2.8018737,base_800
000495,21.034522,0.26931068,6.5681864e+15,45.614302,8.9919371e+16,2.0501406,base_800
000496,16.018206,0.24200401,8.3964545e+15,82.82057,1.4447093e+17,2.7752056,base_800
000497,15.591129,0.26828006,1.1437319e+15,82.141041,1.1644447e+17,3.6983695,base_800
000498,19.831011,0.24672615,8.4393011e+15,71.001309,1.1991603e+17,2.4177258,base_800
000499,14.721702,0.31322665,4.1433892e+15,54.579614,1.707549e+17,3.5462825,base_800
000500,21.559133,0.24106384,7.4138711e+15,46.472374,1.5563089e+17,3.5072284,base_800
000501,11.69768,0.28531551,5.3662491e+15,38.736088,3.1709834e+17,3.8600539,base_800
000502,13.858197,0.31677897,1.5713462e+15,63.015948,6.1111809e+16,2.8936242,base_800
000503,19.138324,0.22060568,1.3340327e+15,60.134333,3.143926e+17,2.6638244,base_800
000504,10.834137,0.2168105,1.6257728e+15,63.794298,2.2704269e+17,2.9811346,base_800
000505,14.553738,0.23525257,1.8882725e+15,49.288204,3.9119358e+17,2.9027663,base_800
000506,13.935543,0.30049626,3.5869471e+16,38.593522,1.3336873e+17,2.703462,base_800
000507,12.78009,0.23719599,4.676523e+15,89.873592,2.6237495e+17,3.5149067,base_800
000508,15.979821,0.30095484,1.7417316e+15,39.524726,2.6338809e+17,2.672389,base_800
000509,13.449412,0.21718988,4.608765e+16,86.573493,1.6425158e+17,1.9925585,base_800
000510,17.814999,0.22899613,1.4965514e+15,78.626333,3.354877e+17,2.4396782,base_800
000511,10.98664,0.2071599,2.0338136e+15,59.487281,1.9412192e+17,3.6505834,base_800
000512,11.744477,0.25168445,4.3707082e+16,54.908699,1.0088741e+17,2.4667432,base_800
000513,16.471377,0.21518246,2.8857045e+15,47.013988,1.008547e+17,2.3066864,base_800
000514,21.424381,0.20238429,5.598965e+15,67.479858,2.2426019e+17,3.3327039,base_800
000515,10.80905,0.23856149,1.6925707e+16,82.292272,1.5708706e+17,2.0288915,base_800
000516,21.164323,0.22593288,4.6204619e+15,59.694424,1.3049155e+17,2.85373,base_800
000517,17.904244,0.20260636,1.5339899e+15,42.95029,1.054636e+17,2.1050452,base_800
000518,10.243307,0.2792832,7.1882219e+15,68.460472,1.8889829e+17,1.7575732,base_800
000519,14.969002,0.2057363,3.7938881e+16,88.464089,7.0242746e+16,3.3690076,base_800
000520,13.659021,0.31504339,1.2329276e+15,37.089854,5.6251594e+16,3.2359644,base_800
000521,15.493821,0.23709376,1.8606928e+15,69.35749,3.4084952e+17,1.7941189,base_800
000522,21.286063,0.21309857,2.0275236e+15,66.944155,6.8155859e+16,1.8734025,base_800
000523,19.47287,0.30258032,1.057293e+15,57.862235,3.4963438e+17,3.7840031,base_800
000524,10.391391,0.24756095,6.4781022e+15,82.422115,7.3024341e+16,2.0185506,base_800
000525,11.687509,0.28791458,4.4500715e+15,47.892228,1.5824587e+17,2.2929349,base_800
000526,12.676354,0.27984623,2.0526033e+15,80.937648,3.757721e+17,2.3133733,base_800
000527,19.614614,0.25522539,4.5829795e+16,60.638828,2.3734044e+17,1.9705375,base_800
000528,12.009204,0.31532009,7.0730607e+15,53.15646,3.4675778e+17,2.9573173,base_800
000529,12.223017,0.24009981,1.974685e+15,45.159252,1.7403176e+17,2.3351918,base_800
000530,14.24896,0.27396622,2.2097192e+16,50.810418,1.2353403e+17,1.974363,base_800
000531,10.034125,0.23042723,2.1942726e+15,51.294762,1.8537252e+17,3.9002287,base_800
000532,12.274748,0.30276081,1.075805e+16,68.072471,1.9107161e+17,2.6585545,base_800
000533,21.056369,0.30936277,1.1654165e+15,72.135153,7.8540608e+16,3.9975521,base_800
000534,13.578918,0.21784611,7.2177644e+15,77.448069,2.3898233e+17,3.0304378,base_800
000535,13.323688,0.30374194,1.9092426e+16,89.489744,8.0463155e+16,3.5178061,base_800
000536,13.186825,0.25017122,8.9549852e+15,41.852972,5.5885395e+16,2.2876421,base_800
000537,20.909043,0.32999784,4.100412e+15,67.97483,7.1087029e+16,3.407196,base_800
000538,13.153978,0.31953599,1.544406e+15,89.118958,1.3393914e+17,3.2155262,base_800
000539,11.933181,0.31233656,2.3058783e+16,44.224003,1.4323277e+17,1.6864764,base_800
000540,13.7395,0.23351261,4.2569845e+15,84.80942,1.1170742e+17,3.7501999,base_800
000541,15.118414,0.21955155,1.7007053e+15,40.521706,1.3792635e+17,3.0648923,base_800
000542,10.768143,0.22107102,1.2354875e+16,48.948149,1.9135912e+17,3.1306546,base_800
000543,10.325472,0.18090656,2.2586774e+16,58.417639,3.0527418e+17,2.6146255,base_800
000544,13.265776,0.32150326,2.2485393e+16,75.815796,5.0713259e+16,2.3169749,base_800
000545,11.401332,0.26249947,1.2556583e+15,60.067898,5.6493604e+16,2.8961074,base_800
000546,18.999221,0.26633605,1.3687923e+15,66.355308,1.2816682e+17,2.1197501,base_800
000547,11.879862,0.21792199,1.0331161e+15,47.602416,2.8376192e+17,2.0193117,base_800
000548,19.640461,0.18545019,1.4519296e+16,62.615121,9.3475489e+16,2.7336378,base_800
000549,14.239514,0.30832761,1.8140513e+15,64.989769,2.8164317e+17,3.9656815,base_800
000550,21.110052,0.32497714,3.007727e+16,81.764064,2.7199542e+17,1.6238343,base_800
000551,10.938354,0.32475798,1.0874071e+15,38.793894,5.8579642e+16,2.8062831,base_800
000552,19.887238,0.21528412,4.857222e+15,61.963277,6.4428636e+16,1.7277766,base_800
000553,15.649964,0.2577595,8.7375458e+15,42.478264,6.0731958e+16,3.9476322,base_800
000554,21.804704,0.32834296,7.5897043e+15,73.42479,9.896866e+16,3.0657622,base_800
000555,15.575791,0.26881299,9.5443341e+15,88.315176,3.2012679e+17,2.7300611,base_800
000556,13.623755,0.26191542,6.9740143e+15,82.624514,1.386375e+17,2.6957072,base_800
000557,16.834565,0.24348441,7.7155529e+15,44.174707,8.8093066e+16,3.8224483,base_800
000558,20.740598,0.21060018,3.6363712e+15,38.524321,1.4405031e+17,3.8585075,base_800
000559,13.338133,0.21352938,3.1251269e+15,78.153587,1.1837458e+17,2.7960999,base_800
000560,19.116894,0.27901705,1.4223774e+15,73.061584,2.5597868e+17,3.6236547,base_800
000561,10.509597,0.22677496,3.630964e+16,82.329394,1.7442038e+17,3.7896885,base_800
000562,14.302692,0.21156917,3.870501e+16,76.589909,5.13224e+16,3.1028458,base_800
000563,16.262127,0.30595791,2.8578626e+16,40.000775,6.2789793e+16,3.8889092,base_800
000564,21.90796,0.28880168,1.4481612e+15,47.091564,1.6932993e+17,3.9367146,base_800
000565,11.525811,0.18442778,1.5489155e+15,52.224844,1.3379446e+17,3.835124,base_800
000566,16.367416,0.20208347,1.2099228e+15,54.984989,9.6932398e+16,1.9955527,base_800
000567,21.213251,0.29499384,2.0561496e+16,44.964405,1.6585802e+17,2.1260132,base_800
000568,16.446551,0.30628756,9.969083e+15,54.068529,3.4888646e+17,3.0006856,base_800
000569,18.306587,0.19289124,1.1264969e+15,87.253528,2.4188875e+17,1.9364516,base_800
000570,15.69772,0.3047773,4.1190118e+16,73.651298,1.0831956e+17,2.5677437,base_800
000571,16.968102,0.26695062,1.4354683e+15,84.175907,3.7868922e+17,1.7296133,base_800
000572,15.9637,0.30090884,8.8483153e+15,73.204036,7.3673978e+16,3.634701,base_800
000573,12.081488,0.19857044,1.728722e+16,49.541767,3.2999556e+17,3.5774542,base_800
000574,18.260359,0.27132415,2.7970013e+15,42.217332,8.0762918e+16,2.4063467,base_800
000575,20.900084,0.28926094,4.8200448e+16,71.186543,1.5242819e+17,2.9528391,base_800
000576,21.134947,0.32439288,8.3694722e+15,84.14069,8.2693413e+16,2.4803682,base_800
000577,11.779135,0.31437529,4.7178827e+16,36.09696,1.0609925e+17,2.9831753,base_800
000578,17.560407,0.21959141,2.8725632e+15,43.07275,8.8674865e+16,2.7166675,base_800
000579,14.668151,0.26751699,1.3883024e+15,54.316913,8.6706495e+16,2.3248669,base_800
000580,10.582926,0.24594197,1.0354844e+15,46.071167,1.575265e+17,3.6856589,base_800
000581,10.691515,0.2399678,3.5572488e+16,82.067423,2.6009103e+17,3.2695885,base_800
000582,12.158086,0.24688797,1.4755469e+16,54.227085,1.3825364e+17,1.9881013,base_800
000583,11.787293,0.20727226,2.3186078e+15,84.681919,2.3180858e+17,3.2194039,base_800
000584,16.282746,0.20219369,1.6149731e+15,66.023867,1.0742809e+17,2.4602535,base_800
000585,21.488915,0.29599237,1.5125023e+15,57.453659,1.015167e+17,1.7671548,base_800
000586,17.138573,0.25986823,1.832834e+16,72.489727,8.3161875e+16,2.8669406,base_800
000587,10.972643,0.32353122,1.9198137e+16,54.457286,8.6028965e+16,3.7543726,base_800
000588,13.397543,0.20018203,2.6282687e+15,55.196742,3.4299261e+17,1.5648127,base_800
000589,15.037879,0.27268331,4.4126672e+15,48.59861,6.8566177e+16,3.6720545,base_800
000590,18.614051,0.18476561,1.2458488e+15,49.142902,1.8632051e+17,1.9970402,base_800
000591,10.380049,0.24633281,1.1444811e+16,57.561024,2.7302573e+17,2.885349,base_800
000592,17.235276,0.20897666,1.9554061e+16,87.544854,1.5908409e+17,3.1159718,base_800
000593,21.626398,0.32957918,1.2727516e+16,76.043475,2.0257397e+17,2.8524669,base_800
000594,11.663138,0.26890965,2.5804885e+16,80.776922,5.191484e+16,2.9103396,base_800
000595,15.710796,0.25508983,6.5210866e+15,36.642996,6.844161e+16,3.006947,base_800
000596,19.919558,0.2518779,1.3351819e+16,56.968563,2.2585912e+17,3.8640421,base_800
000597,14.02981,0.26558775,3.4606978e+16,81.296841,7.8644891e+16,3.9309911,base_800
000598,15.659953,0.22246838,4.1121966e+15,42.238317,2.5010257e+17,2.7738318,base_800
000599,16.977076,0.30411322,1.49812e+16,38.238176,2.4388813e+17,2.6517869,base_800
000600,11.890292,0.29138413,3.6095687e+15,67.926345,7.4252519e+16,3.6027092,base_800
000601,18.23614,0.28706315,6.9179891e+15,82.962846,2.5551929e+17,3.0405934,base_800
000602,14.062257,0.27964752,1.7654075e+15,87.034309,1.5687306e+17,2.3687564,base_800
000603,10.219748,0.2779031,4.0289885e+16,38.140095,2.7062536e+17,3.5817303,base_800
000604,16.07194,0.22268009,4.9902449e+15,56.900933,5.7056934e+16,3.6533422,base_800
000605,19.464649,0.22959651,2.7666973e+16,35.325676,7.8335468e+16,3.345028,base_800
000606,19.332889,0.328844,3.3863086e+15,43.154596,1.0055836e+17,2.4145988,base_800
000607,18.56061,0.18193147,3.3369468e+15,71.723224,2.5191907e+17,2.4690311,base_800
000608,16.091272,0.20031812,9.3240646e+15,62.263392,1.7131176e+17,3.8402204,base_800
000609,13.467787,0.30703074,5.6625108e+15,67.335489,6.3381497e+16,2.0637967,base_800
000610,12.166347,0.24359447,1.7734272e+15,37.567626,9.1946781e+16,2.8580413,base_800
000611,11.161883,0.25681309,1.0493503e+15,49.480491,2.2078226e+17,2.2830786,base_800
000612,17.196484,0.28809974,3.0312279e+16,44.339977,5.3145413e+16,2.1338367,base_800
000613,11.764584,0.18857535,1.0785817e+16,71.355192,3.1174471e+17,2.0274586,base_800
000614,21.977616,0.21197843,1.4269204e+16,41.916633,9.0686238e+16,2.4965766,base_800
000615,19.445869,0.24812133,2.9808066e+15,45.0412,3.5293823e+17,2.9962162,base_800
000616,17.395435,0.22769703,4.3567683e+15,58.066035,1.3649556e+17,2.8633009,base_800
000617,13.947366,0.20099115,6.1000782e+15,56.842331,2.9640508e+17,1.750824,base_800
000618,12.523214,0.32395957,2.0713078e+16,71.8559,8.1091695e+16,3.1228284,base_800
000619,14.194072,0.30661154,5.2674281e+15,86.966152,3.1358143e+17,2.2561628,base_800
000620,17.700687,0.28294345,2.9100468e+15,58.935597,1.5067412e+17,3.4580624,base_800
000621,20.542399,0.32002785,3.0313359e+15,48.389439,6.2679415e+16,3.2574184,base_800
000622,15.615463,0.18712144,5.7414444e+15,45.824217,8.4902997e+16,3.3938696,base_800
000623,18.281529,0.28443616,1.589725e+15,70.236042,1.057971e+17,3.7987907,base_800
000624,12.03229,0.26042024,7.5706494e+15,68.992196,1.1955284e+17,3.9105661,base_800
000625,13.078206,0.27713658,1.4683518e+16,36.758248,2.4227481e+17,1.9014851,base_800
000626,20.449918,0.28257544,1.522925e+16,83.322846,7.9393584e+16,3.5719476,base_800
000627,16.37866,0.25697457,7.9989497e+15,66.251623,1.0003464e+17,1.952994,base_800
000628,15.023083,0.29182542,2.2247583e+15,41.500828,7.1243361e+16,3.9408382,base_800
000629,19.841111,0.30560909,1.2565847e+16,83.796355,1.784041e+17,2.1168436,base_800
000630,20.829429,0.3164281,1.4068701e+15,37.671653,1.6653134e+17,1.7220694,base_800
000631,12.011285,0.31871366,1.3607246e+16,61.36762,1.1707535e+17,3.0724932,base_800
000632,15.605059,0.32288552,2.5076203e+15,42.897193,1.4924302e+17,1.707379,base_800
000633,21.93685,0.25242627,3.01714e+15,82.562923,2.4311564e+17,1.5201443,base_800
000634,10.515678,0.26136313,1.3906663e+16,78.830391,7.0785048e+16,3.9867612,base_800
000635,16.776155,0.32172148,4.903663e+15,89.38348,1.9764893e+17,2.0848251,base_800
000636,14.746096,0.22840494,1.4390458e+15,50.203143,9.7082912e+16,2.5298928,base_800
000637,10.610569,0.22641781,5.9958281e+15,56.267628,7.6103949e+16,3.540448,base_800
000638,11.497912,0.23823867,1.5758418e+16,66.818842,6.7128793e+16,2.7212316,base_800
000639,12.107129,0.31343284,1.7576971e+16,61.179605,6.2229692e+16,3.4463197,base_800
000640,20.041758,0.27595401,1.169612e+16,51.754164,2.313345e+17,2.2113619,base_800
000641,19.528412,0.25847819,4.5100069e+15,85.78209,3.6559811e+17,2.2955096,base_800
000642,12.916647,0.19319193,3.1073006e+16,41.067482,1.1273118e+17,1.6729698,base_800
000643,13.360857,0.30468742,2.2873645e+16,81.469874,2.6603637e+17,3.2264708,base_800
000644,15.410928,0.26402012,1.2899237e+15,54.116081,8.5158191e+16,2.1566096,base_800
000645,19.31681,0.22023846,1.9892681e+16,37.208817,1.4547318e+17,2.2760982,base_800
000646,13.526798,0.26851626,3.7659173e+16,57.174874,5.0461405e+16,2.5966971,base_800
000647,14.398929,0.18507855,2.1640471e+15,83.416893,3.792759e+17,2.5618195,base_800
000648,17.620754,0.28566362,1.2163329e+15,43.209078,1.6302615e+17,2.2325742,base_800
000649,19.303771,0.2145646,2.1660728e+15,89.732486,2.6740118e+17,1.5752901,base_800
000650,10.755553,0.28478805,1.0305402e+16,48.168038,8.1608835e+16,2.4244149,base_800
000651,20.874262,0.29373711,5.23676e+15,62.413795,5.7435242e+16,2.82793,base_800
000652,10.126329,0.21835328,1.0250637e+15,77.65588,3.9209275e+17,3.1668069,base_800
000653,14.218054,0.28834188,3.5929923e+15,75.216467,1.670885e+17,1.6261077,base_800
000654,16.077545,0.20176261,1.8629864e+16,46.628039,1.1923348e+17,3.678662,base_800
000655,10.335104,0.24997355,4.3200068e+16,72.629067,2.1436248e+17,2.3896978,base_800
000656,19.864442,0.25547598,1.923186e+15,79.078755,3.6445742e+17,1.9291413,base_800
000657,14.542519,0.233849,3.7483651e+15,61.450483,1.5311306e+17,2.5517809,base_800
000658,18.825685,0.25233664,1.6161792e+16,58.908894,1.2769868e+17,3.9454638,base_800
000659,20.613538,0.24261883,4.0382383e+15,37.182824,5.9587273e+16,3.9390149,base_800
000660,21.668694,0.31470232,8.5243505e+15,54.747962,1.9219994e+17,2.2622922,base_800
000661,21.521821,0.29047614,1.2237899e+15,45.455796,1.0033293e+17,1.6199156,base_800
000662,13.637842,0.32588894,6.61884e+15,39.661531,2.9091406e+17,3.5544348,base_800
000663,11.649307,0.30155034,1.8224609e+15,86.018769,6.5212772e+16,2.1543283,base_800
000664,17.415042,0.31565732,1.3103671e+16,58.33128,3.8522692e+17,2.7007825,base_800
000665,15.903219,0.24130873,4.8968291e+16,75.682427,1.2112672e+17,1.986123,base_800
000666,13.047495,0.25642253,2.5552644e+15,49.685909,1.4979749e+17,3.9253584,base_800
000667,14.647911,0.21405794,1.4536364e+15,36.372112,1.753297e+17,2.4498008,base_800
000668,21.302719,0.24032039,4.9655254e+16,72.725876,1.8520026e+17,3.0938172,base_800
000669,13.841099,0.27195102,9.4675485e+15,74.095401,6.1976342e+16,3.9199896,base_800
000670,16.517769,0.21846097,4.4518543e+16,57.228503,1.0366014e+17,1.9387801,base_800
000671,19.822332,0.29585842,2.6415176e+15,74.786291,5.4703931e+16,1.692249,base_800
000672,20.702507,0.24164939,2.676514e+15,89.025133,3.6219471e+17,1.7546838,base_800
000673,21.946224,0.23762495,2.0494741e+16,71.690868,3.7275693e+17,3.4835911,base_800
000674,21.828269,0.20624932,1.5388395e+16,38.947563,3.2360377e+17,2.2801006,base_800
000675,16.78712,0.30977858,1.9029112e+16,84.425684,2.6852249e+17,3.8215964,base_800
000676,11.130934,0.30492049,6.297295e+15,67.582704,1.6087376e+17,2.2562517,base_800
000677,12.424467,0.26257444,2.5620713e+16,58.647742,7.6748277e+16,2.4886344,base_800
000678,18.390208,0.24428272,2.3872212e+16,72.758316,8.7628765e+16,1.8993167,base_800
000679,20.853628,0.26442836,3.0861162e+15,67.441736,1.1031812e+17,3.4723415,base_800
000680,17.148761,0.24332276,9.2079778e+15,79.139527,3.3761252e+17,1.5660188,base_800
000681,10.135447,0.31369384,2.2325026e+16,45.967464,3.4477411e+17,3.8853938,base_800
000682,13.928189,0.29923401,2.7628255e+15,68.899943,1.1139188e+17,1.5430674,base_800
000683,17.056114,0.24386794,3.5253077e+15,44.607391,9.8719832e+16,3.3801364,base_800
000684,13.913213,0.25596324,3.610976e+16,80.445543,1.4251748e+17,3.1105591,base_800
000685,19.802166,0.18126136,1.3098603e+15,89.178786,5.1058045e+16,2.245202,base_800
000686,17.086237,0.23840916,1.5853154e+16,68.36622,1.4048497e+17,3.5494822,base_800
000687,13.558693,0.20595868,4.7827605e+15,68.754259,1.6251075e+17,3.1373161,base_800
000688,12.198089,0.32091844,8.038437e+15,58.834472,9.4029131e+16,2.7248236,base_800
000689,18.959144,0.26791053,4.7985291e+16,58.280107,2.074219e+17,2.9369849,base_800
000690,17.640687,0.2176678,3.4339614e+16,85.087565,6.9145404e+16,3.3745081,base_800
000691,13.69358,0.29847175,1.2651423e+15,47.368738,3.1546493e+17,3.4493223,base_800
000692,19.512912,0.29406012,2.7819208e+16,37.02889,2.742171e+17,1.5572953,base_800
000693,15.874233,0.27516328,4.2193997e+15,84.562128,1.1373087e+17,2.5740406,base_800
000694,19.368038,0.30004554,1.29368e+16,75.018551,1.3922475e+17,1.7182139,base_800
000695,11.208421,0.32328213,3.2972705e+15,62.898232,2.1746214e+17,3.0417588,base_800
000696,12.692005,0.22834975,7.0322809e+15,59.013215,9.8161218e+16,3.6315414,base_800
000697,12.622112,0.32118567,1.6593269e+16,89.862069,9.4641468e+16,2.5174034,base_800
000698,12.766039,0.19479274,2.55815e+16,43.038839,3.6017381e+17,3.9766708,base_800
000699,20.476377,0.27283452,3.0676742e+15,35.429141,5.7705456e+16,2.0607407,base_800
000700,18.695965,0.23740069,3.7100733e+16,57.812585,2.914007e+17,2.5630995,base_800
000701,16.324446,0.26091284,2.9469936e+16,88.518695,5.4878644e+16,1.9277073,base_800
000702,18.145385,0.23301141,2.1847433e+16,70.620236,2.5092063e+17,3.6689687,base_800
000703,13.754743,0.26360189,1.6675059e+15,56.144637,2.7817278e+17,2.7408923,base_800
000704,12.239676,0.21217724,4.4334951e+16,56.673485,5.2824568e+16,3.519405,base_800
000705,16.629818,0.19209663,6.0282804e+15,88.694202,1.1352104e+17,2.5377043,base_800
000706,15.751126,0.20806536,1.1785927e+15,52.891992,1.3305466e+17,3.4209551,base_800
000707,15.515632,0.27457797,1.5069139e+16,54.866607,3.1909713e+17,1.8054578,base_800
000708,14.513559,0.32257111,2.774311e+15,83.605138,1.3135197e+17,2.3035093,base_800
000709,10.865937,0.23783883,4.3989572e+15,49.206912,7.3497052e+16,2.0481306,base_800
000710,14.991811,0.23172794,3.1836577e+16,80.099034,3.7653482e+17,3.3190126,base_800
000711,10.70917,0.2067171,1.3674504e+15,35.780727,9.6347736e+16,3.2183932,base_800
000712,10.444056,0.31423972,2.0724091e+15,49.955321,3.0792058e+17,1.8267868,base_800
000713,14.594624,0.32226742,3.5060449e+15,79.83792,1.7722565e+17,3.099509,base_800
000714,20.66033,0.31161872,3.0642143e+16,74.413859,3.3650674e+17,3.4164827,base_800
000715,12.564033,0.21249549,4.2069186e+15,59.61986,2.1329818e+17,2.4653794,base_800
000716,16.813709,0.28002315,2.2339002e+15,58.465798,1.1611671e+17,2.8149849,base_800
000717,21.334865,0.28976611,3.8087217e+15,38.188586,6.7553107e+16,2.1993288,base_800
000718,19.727041,0.22655983,2.7159134e+15,87.800243,3.2155687e+17,1.7147239,base_800
000719,11.500172,0.28725426,1.3258949e+15,64.20119,1.3552125e+17,1.6384311,base_800
000720,16.673371,0.19626133,2.8742299e+16,78.342067,2.067938e+17,2.6800812,base_800
000721,11.391881,0.25450244,1.3036246e+15,49.629997,1.84621e+17,3.4961176,base_800
000722,13.488926,0.25940202,2.0681746e+15,43.312361,5.8089975e+16,3.5810067,base_800
000723,14.421118,0.23602404,6.7597211e+15,79.057717,2.4012685e+17,2.3930077,base_800
000724,20.509715,0.18232872,1.1343022e+15,67.776403,9.8313413e+16,3.606188,base_800
000725,19.703091,0.25392946,1.7043033e+15,36.710568,1.4835509e+17,1.7096812,base_800
000726,13.606288,0.24233899,1.3688561e+16,43.324189,1.6128597e+17,3.8784538,base_800
000727,11.053165,0.29479145,1.0673359e+15,35.120048,1.0403228e+17,2.9686935,base_800
000728,19.484245,0.29468629,8.3080237e+15,48.653544,8.8354326e+16,2.1808942,base_800
000729,10.552441,0.19792549,4.183531e+15,55.442017,7.9653443e+16,2.7439396,base_800
000730,18.322754,0.28641324,1.4494492e+16,84.856109,6.6384194e+16,1.540274,base_800
000731,17.486914,0.24797353,2.93026e+16,51.377432,7.3453764e+16,2.5106128,base_800
000732,19.6233,0.19712273,8.07799e+15,77.947028,8.9396121e+16,3.5925932,base_800
000733,14.860372,0.18499957,3.7542895e+16,47.678339,1.540885e+17,2.7852966,base_800
000734,15.84516,0.19986523,2.8294623e+16,69.697979,3.5431024e+17,1.5474915,base_800
000735,18.204373,0.25818847,1.7407023e+16,70.033029,1.4134921e+17,2.0558187,base_800
000736,20.360545,0.27834756,1.849243e+16,79.532511,2.3713484e+17,2.5361411,base_800
000737,15.043337,0.28659916,1.1085124e+16,71.591052,1.2011029e+17,2.6406411,base_800
000738,11.238769,0.28691675,1.6695261e+16,69.952178,1.1516078e+17,1.8405969,base_800
000739,19.984095,0.26609297,5.826257e+15,74.667361,6.930218e+16,2.1820911,base_800
000740,16.112732,0.26278038,1.7828896e+15,78.306282,2.4672116e+17,2.2406281,base_800
000741,20.636865,0.21598326,3.9071034e+16,44.110814,9.4092059e+16,1.8856799,base_800
000742,19.578012,0.19684169,5.023541e+15,59.914216,3.5789503e+17,2.8710144,base_800
000743,15.204503,0.20541781,2.4327518e+16,78.911962,1.8770444e+17,2.7653722,base_800
000744,14.069491,0.19968376,3.2313134e+16,75.488406,9.7606193e+16,3.2314527,base_800
000745,17.205706,0.23187267,1.5159264e+16,72.00421,2.0197769e+17,2.1639526,base_800
000746,11.153718,0.24914475,1.2411548e+16,53.264538,2.3475578e+17,3.4991328,base_800
000747,12.373452,0.26547207,2.4430315e+15,57.307202,2.9318839e+17,2.1072665,base_800
000748,20.056641,0.23924824,2.5885715e+16,77.871196,2.0076029e+17,3.5055997,base_800
000749,16.286092,0.1810404,3.5037226e+16,88.586629,6.8997048e+16,3.2978312,base_800
000750,12.215949,0.19756142,1.9406959e+15,55.2296,1.8961379e+17,2.5333824,base_800
000751,21.09,0.20058771,2.903662e+16,84.712468,2.2823336e+17,2.5439533,base_800
000752,10.233174,0.24932267,5.6371695e+15,77.597869,6.7385931e+16,1.8452685,base_800
000753,17.015409,0.24081907,3.1149105e+16,83.505729,3.9859474e+17,3.1405534,base_800
000754,18.081219,0.25470795,4.2743701e+15,85.994162,7.2582944e+16,2.8305717,base_800
000755,21.361199,0.32233003,3.5823592e+16,69.085313,3.4383152e+17,1.6429277,base_800
000756,16.763458,0.32654316,2.2840614e+16,41.176429,1.4386363e+17,3.8704776,base_800
000757,11.540226,0.3165906,2.852455e+15,72.250981,6.352695e+16,3.8170557,base_800
000758,15.089578,0.3241061,2.7334563e+15,79.341887,2.8795383e+17,2.0371489,base_800
000759,19.070359,0.20957096,2.9739715e+15,86.406223,2.9885669e+17,3.626411,base_800
000760,17.72128,0.23146779,2.366728e+16,75.257297,1.3157023e+17,1.8092002,base_800
000761,11.947475,0.19584736,1.5962107e+16,42.673439,1.4758391e+17,2.2043961,base_800
000762,10.564278,0.1941315,4.0087911e+16,39.081349,5.9323114e+16,1.7018199,base_800
000763,17.611925,0.31687624,3.5248389e+16,78.046995,1.1056466e+17,3.6407252,base_800
000764,12.32837,0.22726815,4.8070445e+15,87.724275,2.4857254e+17,3.6766204,base_800
000765,20.008385,0.23666232,1.5462787e+16,83.980219,1.1542034e+17,2.1126828,base_800
000766,20.188165,0.29882017,3.3485e+16,49.760207,6.2443555e+16,2.5789154,base_800
000767,15.929304,0.1963273,4.4739845e+15,71.969596,5.7896853e+16,1.5450141,base_800
000768,15.863542,0.25300869,1.2992798e+16,64.119079,5.2673101e+16,1.5880001,base_800
000769,20.842539,0.30684615,4.2472663e+16,72.098944,3.878676e+17,2.8470861,base_800
000770,17.272802,0.29247445,3.3302178e+16,58.229452,3.417908e+17,1.5509423,base_800
000771,21.4414,0.31059362,2.0384185e+16,54.334973,5.6055709e+16,1.7933227,base_800
000772,14.886048,0.21570612,7.8761163e+15,83.894302,2.7761556e+17,2.138133,base_800
000773,10.661197,0.26305061,2.0008769e+15,43.569895,7.9948971e+16,2.2640068,base_800
000774,16.306217,0.25217507,1.9512766e+15,44.434881,2.1619107e+17,2.6979197,base_800
000775,13.594291,0.28615846,9.6376109e+15,68.173551,2.8893127e+17,2.2978145,base_800
000776,15.884514,0.24828247,4.3721656e+15,55.60847,1.0468824e+17,2.1455813,base_800
000777,18.778658,0.22374327,5.5884e+15,39.587056,9.9384722e+16,2.7069949,base_800
000778,13.663064,0.2742652,7.3315193e+15,73.754136,5.392168e+16,1.6562156,base_800
000779,20.717407,0.26648574,3.9396941e+15,65.0654,7.1926202e+16,1.5153764,base_800
000780,12.908849,0.23247134,3.4721602e+15,88.36491,1.0344501e+17,3.4146361,base_800
000781,14.947961,0.30181381,4.5389312e+16,39.802621,7.6571956e+16,1.6672915,base_800
000782,16.993469,0.18572364,3.2109342e+16,61.710715,8.5416788e+16,2.9187753,base_800
000783,15.791909,0.24277179,2.1127045e+16,60.969864,5.511872e+16,2.4859182,base_800
000784,18.341816,0.25624044,8.1168588e+15,57.718395,2.8005764e+17,3.7089553,base_800
000785,21.722476,0.29424408,6.8466116e+15,56.059276,1.5369824e+17,2.7469792,base_800
000786,18.487335,0.29782059,1.2507858e+16,89.051775,1.5979572e+17,1.8282509,base_800
000787,15.11193,0.32770355,5.0166752e+15,41.586939,2.2197524e+17,3.6105957,base_800
000788,15.29673,0.2961426,2.078542e+16,37.477239,1.8240104e+17,3.7928489,base_800
000789,17.435187,0.24525355,2.0176645e+16,60.349352,1.7190415e+17,3.6190895,base_800
000790,18.274409,0.19457687,2.6924904e+16,75.701263,1.1425169e+17,3.5510619,base_800
000791,16.862819,0.2245283,6.9534102e+15,87.79728,9.6065838e+16,3.1737486,base_800
000792,12.286572,0.26391899,1.6814651e+15,67.093073,5.3798801e+16,3.5330547,base_800
000793,17.515404,0.19891313,1.8998036e+15,47.459365,8.3425611e+16,1.6525168,base_800
000794,20.134144,0.19024345,3.8942811e+16,74.557823,7.458429e+16,3.7310599,base_800
000795,18.906967,0.2465476,2.384509e+15,75.336482,6.7603153e+16,2.9135716,base_800
000796,19.025801,0.32306427,1.8114844e+16,76.878187,9.4306286e+16,2.1913947,base_800
000797,14.576912,0.27616371,3.198169e+16,84.236446,1.4707802e+17,3.2056113,base_800
000798,21.155405,0.19518257,2.427447e+15,83.701634,9.3595928e+16,3.6602619,base_800
000799,14.33915,0.31895757,4.9981512e+16,81.540326,2.478934e+17,1.6124592,base_800
000800,17.451461,0.18420392,8.0067227e+15,36.664495,5e+16,3.0597531,high_idsat
000801,10,0.19205981,1.3651492e+16,39.569537,6.7459162e+16,3.6629421,high_idsat
000802,11.171567,0.18468725,1.2462872e+16,37.741617,1.0649053e+17,3.2997065,high_idsat
000803,14.085175,0.1808218,1e+15,41.374202,1.2157531e+17,2.775306,high_idsat
000804,10.942474,0.20043919,3.4780933e+16,41.449539,5.5428127e+16,1.8718973,high_idsat
000805,21.193863,0.20069096,1.1614241e+16,46.468748,5.9074968e+16,2.4385895,high_idsat
000806,12.407527,0.19385138,2.1091766e+16,36.822943,7.4792047e+16,1.7331344,high_idsat
000807,11.725974,0.19807187,1.6022452e+15,35,8.4615391e+16,3.2516032,high_idsat
000808,11.566358,0.20907031,3.1976362e+16,43.536598,1.9269443e+17,3.5513157,high_idsat
000809,21.519497,0.18485199,1.350334e+15,53.154702,5.271518e+16,1.6690914,high_idsat
000810,12.03741,0.19647292,2.1329336e+16,43.234588,1.2104496e+17,2.0391272,high_idsat
000811,16.336351,0.1841887,2.3834545e+16,44.623462,1.2961899e+17,3.8142809,high_idsat
000812,16.934497,0.20491583,7.8140674e+15,35,6.3971343e+16,2.9088247,high_idsat
000813,10.29438,0.19415441,6.5238507e+15,37.02686,7.2669218e+16,3.9708037,high_idsat
000814,10.539976,0.19096086,1.1434805e+16,35,1.5545885e+17,3.0415777,high_idsat
000815,14.557586,0.18390704,1.0734596e+15,39.596909,1.1402632e+17,2.96944,high_idsat
000816,10.337793,0.19909522,2.5074458e+16,40.754893,5e+16,1.5,high_idsat
000817,21.262871,0.1908886,1.6452496e+16,45.889968,5e+16,2.4800676,high_idsat
000818,12.508331,0.19113199,3.3749528e+16,41.589546,1.0621236e+17,1.7457528,high_idsat
000819,10.701657,0.19079894,1.3371715e+15,37.763423,8.6661957e+16,3.1725903,high_idsat
000820,11.906673,0.18948064,5e+16,40.124868,1.9801279e+17,3.3076796,high_idsat
000821,22,0.19823613,1.3872066e+15,49.434623,5e+16,1.8594486,high_idsat
000822,11.651486,0.20329033,2.002851e+16,41.559652,1.8126473e+17,1.92593,high_idsat
000823,16.154764,0.1942858,2.3161339e+16,43.572975,1.885577e+17,3.7201427,high_idsat
000824,16.403123,0.18879563,6.9681524e+15,37.359945,8.098139e+16,2.5780112,high_idsat
000825,10.705897,0.19702771,9.5706085e+15,36.394838,9.2702735e+16,3.716693,high_idsat
000826,11.166491,0.18,1.7941906e+16,35,1.0161148e+17,2.8960464,high_idsat
000827,15.101529,0.1994438,1e+15,40.36589,1.301244e+17,2.5259265,high_idsat
000828,10.935181,0.19640668,4.5585441e+16,40.428032,5.848339e+16,1.6864247,high_idsat
000829,21.993247,0.18740192,1.1746315e+16,46.246773,6.5395104e+16,3.0899369,high_idsat
000830,11.765198,0.1803485,3.0865602e+16,42.095522,9.1711216e+16,1.7629074,high_idsat
000831,10.890874,0.20517156,1.4986353e+15,37.392697,1.1089875e+17,3.1732826,high_idsat
000832,10.984959,0.19036915,4.0143982e+16,40.433177,1.7247566e+17,3.431777,high_idsat
000833,20.361062,0.19688722,1e+15,52.746529,5e+16,1.788733,high_idsat
000834,11.317604,0.20224057,1.4599288e+16,45.328626,1.3975814e+17,2.3052836,high_idsat
000835,16.448497,0.18790427,1.8939735e+16,46.030203,1.3612423e+17,3.3726625,high_idsat
000836,16.98471,0.1891009,4.4707237e+15,35,5.640649e+16,2.9181909,high_idsat
000837,10.45426,0.20113787,1.0225656e+16,35.549217,7.6036602e+16,3.6587838,high_idsat
000838,10,0.18,1.2968919e+16,35.002979,1.5974272e+17,2.6185752,high_idsat
000839,15.765386,0.19588044,1.0616835e+15,38.650212,9.1904871e+16,2.6977393,high_idsat
000840,10,0.19830717,3.0838251e+16,41.72315,5e+16,1.6583728,high_idsat
000841,22,0.20556212,9.12757e+15,47.856373,5.8581922e+16,2.9366868,high_idsat
000842,11.455536,0.2087333,2.7360753e+16,40.068615,8.5086968e+16,1.8009925,high_idsat
000843,10.178808,0.21600786,1.1414498e+15,41.304159,7.9373539e+16,3.1539326,high_idsat
000844,10,0.20439692,5e+16,40.641727,1.4940722e+17,3.7627397,high_idsat
000845,22,0.19543518,1.4240547e+15,47.106268,7.4006893e+16,1.5,high_idsat
000846,11.395909,0.19853052,1.6770811e+16,41.359699,1.9161202e+17,1.9438964,high_idsat
000847,15.854307,0.19879007,2.4420175e+16,45.834333,1.5303029e+17,3.0629619,high_idsat
000848,15.522524,0.19428137,5.3550983e+15,35,7.3514593e+16,2.9191854,high_idsat
000849,11.731267,0.18599325,1.0488198e+16,35,8.5276123e+16,3.6319223,high_idsat
000850,13.099167,0.18,1.4495861e+16,35,1.1258664e+17,3.0398234,high_idsat
000851,14.708551,0.18,1.2923746e+15,35.947776,1.5772672e+17,2.4639626,high_idsat
000852,10.247962,0.19202744,3.9327794e+16,38.38195,5e+16,1.5674664,high_idsat
000853,21.283875,0.18980788,1.2976306e+16,43.920632,5e+16,2.7200184,high_idsat
000854,12.914237,0.18453549,2.4748652e+16,35,1.1592758e+17,1.6096519,high_idsat
000855,10.671726,0.20609764,1.3487592e+15,35,8.638279e+16,2.7844205,high_idsat
000856,11.581682,0.21225342,2.5353403e+16,44.763589,1.8805233e+17,3.4472583,high_idsat
000857,21.372705,0.19951837,1e+15,51.073117,6.0230583e+16,2.0527302,high_idsat
000858,11.65529,0.19580831,1.5336886e+16,41.054634,1.1776608e+17,2.6058096,high_idsat
000859,15.984305,0.20570787,2.4657332e+16,48.223162,1.1097454e+17,3.7690375,high_idsat
000860,16.785702,0.19197424,7.9205665e+15,35,5.2714199e+16,3.3273199,high_idsat
000861,10.215103,0.18337455,1.5795929e+16,38.631505,7.7851217e+16,3.8072668,high_idsat
000862,10.598269,0.18,1.2298535e+16,35,1.0507705e+17,2.9004808,high_idsat
000863,14.139269,0.18471709,1.5801064e+15,35,1.2237935e+17,2.6748419,high_idsat
000864,10,0.18250783,5e+16,37.875096,5.7397728e+16,1.5332677,high_idsat
000865,20.621748,0.19592397,9.9138411e+15,49.474725,5.1147002e+16,2.4006276,high_idsat
000866,12.43854,0.18708376,2.1982993e+16,40.968314,1.0463194e+17,1.6208219,high_idsat
000867,11.383126,0.20717435,1.3628093e+15,41.566663,1.1213774e+17,3.3817599,high_idsat
000868,11.499197,0.21099403,5e+16,44.596197,1.6390531e+17,2.9792323,high_idsat
000869,21.709623,0.19505366,1.0631614e+15,49.090637,5.4667757e+16,1.8185066,high_idsat
000870,10.752447,0.18463191,1.2763641e+16,38.022669,1.1774947e+17,2.1678101,high_idsat
000871,16.63512,0.19506901,1.9792557e+16,46.858306,1.4391869e+17,3.6055824,high_idsat
000872,17.32338,0.19811098,6.2682764e+15,37.079005,8.5790708e+16,2.7120433,high_idsat
000873,11.221145,0.18,1.1348178e+16,35,7.3563976e+16,3.6007281,high_idsat
000874,11.971735,0.1902456,1.1316457e+16,39.510325,1.0072475e+17,2.9742303,high_idsat
000875,15.810086,0.18,1.15283e+15,42.603737,1.1096947e+17,2.6414122,high_idsat
000876,10.75065,0.18,4.1898965e+16,39.291476,6.9965648e+16,1.5,high_idsat
000877,20.661166,0.18827034,1.3956883e+16,45.772417,5.6668975e+16,2.7922803,high_idsat
000878,12.54754,0.19374576,2.3641584e+16,46.939524,1.0544446e+17,1.5461113,high_idsat
000879,10,0.21779404,1.4856426e+15,35,1.0330108e+17,3.1535016,high_idsat
000880,14.199774,0.309795,1.6337928e+15,67.964173,3.1285765e+17,4,threshold_boundary
000881,11.003753,0.23330771,6.6662283e+15,48.574117,5.9496957e+16,2.0518355,threshold_boundary
000882,12.016846,0.27097995,2.6130402e+16,60.172981,7.078158e+16,2.3854491,threshold_boundary
000883,10.841575,0.23977608,1.2973517e+15,47.295963,1.2186692e+17,3.7706147,threshold_boundary
000884,11.386587,0.24852922,1.1908862e+15,47.881447,1.5947131e+17,3.3287309,threshold_boundary
000885,18.460278,0.21960287,2.7646197e+16,76.915747,6.3647104e+16,2.1456378,threshold_boundary
000886,19.043065,0.18809707,5e+16,59.306827,8.9460834e+16,2.2244956,threshold_boundary
000887,11.927916,0.29141042,3.6699694e+15,67.47835,7.4857761e+16,3.6169333,threshold_boundary
000888,10.589217,0.18802618,1.511018e+16,36.13411,9.4412622e+16,3.0496987,threshold_boundary
000889,10.634394,0.25602367,3.8004718e+16,55.193293,1.0944856e+17,2.3473342,threshold_boundary
000890,10,0.29118376,8.3689095e+15,54.966075,1.5474651e+17,2.8901413,threshold_boundary
000891,15.922855,0.24464094,5e+16,76.288776,1.0313159e+17,1.8961043,threshold_boundary
000892,14.581658,0.30961062,1.9273883e+15,67.649179,2.8338265e+17,3.5520377,threshold_boundary
000893,11.48804,0.23031277,3.8056133e+15,48.489402,6.7193318e+16,1.981353,threshold_boundary
000894,12.849199,0.26274402,2.9251285e+16,62.019752,5.7893372e+16,2.5109456,threshold_boundary
000895,10,0.2555591,1.3954649e+15,45.262469,1.6381107e+17,3.6914349,threshold_boundary
000896,12.037082,0.24447279,1.6774594e+15,51.577305,2.0876099e+17,3.3058116,threshold_boundary
000897,18.278514,0.22033297,2.4989451e+16,73.946277,6.2940667e+16,2.3744729,threshold_boundary
000898,17.035681,0.18,5e+16,52.832887,9.3649726e+16,2.5342493,threshold_boundary
000899,12.949672,0.28877111,2.8665131e+15,70.858563,8.2928809e+16,3.5635059,threshold_boundary
000900,10.247826,0.19126834,1.4451846e+16,37.442987,9.5862037e+16,3.1254771,threshold_boundary
000901,11.495896,0.25968716,3.7680425e+16,56.132269,1.1600462e+17,2.5937483,threshold_boundary
000902,11.069847,0.29837627,8.74018e+15,50.924643,1.4938834e+17,2.7140591,threshold_boundary
000903,15.673591,0.23427218,4.4466326e+16,75.908657,1.31732e+17,1.9420362,threshold_boundary
000904,14.155059,0.30002876,2.1051468e+15,62.776871,2.9550556e+17,4,threshold_boundary
000905,12.031828,0.23878703,5.043112e+15,46.770938,7.9730337e+16,2.2227963,threshold_boundary
000906,11.523868,0.26011792,2.6131121e+16,59.488729,7.4205143e+16,2.497228,threshold_boundary
000907,10.443945,0.24920781,1e+15,45.862315,2.0123578e+17,4,threshold_boundary
000908,10.83407,0.26363198,1.6753064e+15,54.33369,1.8988185e+17,3.7858261,threshold_boundary
000909,17.617165,0.21475539,1.9774995e+16,75.724622,7.4599622e+16,2.2800872,threshold_boundary
000910,17.62384,0.1815254,4.8380521e+16,59.790339,8.5708491e+16,2.4843478,threshold_boundary
000911,12.269883,0.28853068,3.0114245e+15,67.605982,7.534746e+16,3.1537732,threshold_boundary
000912,10.48696,0.18,1.3401085e+16,35,9.3750172e+16,3.1500151,threshold_boundary
000913,11.407557,0.24402818,3.3643939e+16,57.737001,1.058798e+17,2.4103692,threshold_boundary
000914,11.901105,0.29420287,7.5507772e+15,52.871113,1.8554542e+17,2.6736106,threshold_boundary
000915,14.844258,0.24525361,5e+16,74.784315,1.2918484e+17,2.1235724,threshold_boundary
000916,13.939564,0.3063732,1.3717644e+15,64.219935,2.7437386e+17,4,threshold_boundary
000917,11.352361,0.23874291,4.5369567e+15,45.542217,7.329216e+16,2.1885014,threshold_boundary
000918,11.561933,0.25452048,1.7291144e+16,60.380645,7.5615471e+16,2.4123912,threshold_boundary
000919,10,0.24582022,1e+15,46.505391,1.2530429e+17,3.6189755,threshold_boundary
000920,10.588574,0.24591651,1.2562783e+15,50.115533,1.7670036e+17,3.4519125,threshold_boundary
000921,18.323435,0.21272002,2.1465912e+16,72.748262,8.3930455e+16,2.3381747,threshold_boundary
000922,17.460208,0.18050196,5e+16,62.621575,9.6283683e+16,2.5918135,threshold_boundary
000923,11.964931,0.28688187,3.5450142e+15,67.531189,7.4061887e+16,3.6555561,threshold_boundary
000924,11.402564,0.18599704,1.7044055e+16,35.116643,8.5955409e+16,3.0822233,threshold_boundary
000925,12.403597,0.25327758,4.4470005e+16,57.055016,9.2252169e+16,2.3258252,threshold_boundary
000926,12.167793,0.29884163,1.0344792e+16,49.297978,2.0118672e+17,2.8661617,threshold_boundary
000927,16.321944,0.24575958,4.1910148e+16,75.842029,1.0135358e+17,2.0229515,threshold_boundary
000928,14.243153,0.30959733,1.6280664e+15,63.042349,2.4180462e+17,4,threshold_boundary
000929,10.127503,0.2439895,5.2615685e+15,51.315304,6.771723e+16,1.7762699,threshold_boundary
000930,12.557506,0.26090043,2.4092923e+16,57.600113,6.485321e+16,2.4405351,threshold_boundary
000931,10.167894,0.24782862,1.1251179e+15,46.130856,1.4903291e+17,3.6451326,threshold_boundary
000932,11.820383,0.25688778,1.24386e+15,46.109306,1.560998e+17,3.1154971,threshold_boundary
000933,19.477689,0.20364126,2.346987e+16,75.856297,6.2863385e+16,2.4313935,threshold_boundary
000934,18.440182,0.18676226,5e+16,55.526461,1.0235024e+17,2.3105802,threshold_boundary
000935,12.035676,0.29292459,4.9427545e+15,65.829571,5.3559044e+16,3.7321429,threshold_boundary
000936,12.409155,0.18,1.3872415e+16,35,8.8817145e+16,2.9821548,threshold_boundary
000937,11.440617,0.25847307,5e+16,53.519031,8.8788473e+16,2.5406095,threshold_boundary
000938,12.199503,0.30664197,1.0629715e+16,50.539706,1.6580311e+17,3.01211,threshold_boundary
000939,15.810449,0.24168834,3.6891177e+16,77.907041,1.4035558e+17,2.362848,threshold_boundary
000940,21.457239,0.32849242,1.3291624e+15,47.496206,6.673152e+16,1.7353273,edge_coverage
000941,12.577057,0.31045807,2.1848789e+16,38.96402,3.1787543e+17,3.9550706,edge_coverage
000942,18.945921,0.31147716,1.5456123e+15,36.784091,3.1457139e+17,2.1626515,edge_coverage
000943,20.530996,0.32208723,4.1972583e+16,36.877893,5.0126966e+16,1.8462126,edge_coverage
000944,21.993107,0.20400442,2.6821967e+16,88.350685,1.8587333e+17,1.7034296,edge_coverage
000945,20.511632,0.31138007,1.0165248e+15,44.50562,6.0745024e+16,1.8995423,edge_coverage
000946,20.557826,0.18650783,4.4344966e+16,45.066663,3.2373749e+17,1.5223985,edge_coverage
000947,19.926718,0.18917965,2.8709955e+15,82.541616,3.2261302e+17,1.5039954,edge_coverage
000948,20.740917,0.19697784,3.9870919e+16,85.294537,5.0654673e+16,3.7300506,edge_coverage
000949,20.540743,0.32253426,1.6763263e+15,35.772329,3.640887e+17,1.7390099,edge_coverage
000950,10.44789,0.29948805,2.9611946e+15,81.945331,5.1785385e+16,1.6802886,edge_coverage
000951,19.401195,0.18113087,3.9789845e+16,83.216202,3.7087216e+17,1.7506491,edge_coverage
000952,11.686984,0.3123732,1.2084472e+15,47.049376,6.9511621e+16,1.5087529,edge_coverage
000953,20.682057,0.32094418,1.4542724e+15,84.667177,7.2254581e+16,1.8411132,edge_coverage
000954,21.791698,0.21069326,2.0321302e+15,35.615743,5.6577007e+16,1.5246756,edge_coverage
000955,12.203893,0.18170398,1.0075184e+15,82.054519,3.3225936e+17,3.9884123,edge_coverage
000956,11.178686,0.2070085,4.3805132e+16,38.938622,5.0197519e+16,3.8767387,edge_coverage
000957,21.935762,0.18394928,2.0220721e+16,48.615212,3.7086076e+17,3.8876221,edge_coverage
000958,21.926941,0.18273648,2.025874e+15,36.414562,3.7399226e+17,3.7470262,edge_coverage
000959,10.59689,0.20124393,1.0697117e+15,37.013348,2.3701383e+17,1.5105001,edge_coverage
000960,15.906941,0.18166675,4.8178703e+15,35,5e+16,2.7898585,high_idsat
000961,10.643743,0.18788523,1.2410615e+16,35,6.0384266e+16,3.7268221,high_idsat
000962,12.031426,0.18,1.3168606e+16,35,9.6568864e+16,2.6649688,high_idsat
000963,14.121182,0.18,1.373181e+15,40.557096,1.4561148e+17,2.380299,high_idsat
000964,10.683188,0.18982952,5e+16,39.462045,5.4509286e+16,1.8944116,high_idsat
000965,20.524971,0.18098707,1.5045926e+16,49.453962,5.1356021e+16,2.9510185,high_idsat
000966,12.563586,0.19889489,3.784142e+16,37.75804,1.3011264e+17,1.5,high_idsat
000967,11.040392,0.21423955,1.5298187e+15,38.597125,9.5936307e+16,3.1065805,high_idsat
000968,11.487739,0.20674419,5e+16,40.764728,1.7352643e+17,3.617604,high_idsat
000969,22,0.19453623,1e+15,52.982052,6.4496377e+16,1.8322762,high_idsat
000970,11.961521,0.20136494,1.0818547e+16,45.466057,1.4941276e+17,2.2701249,high_idsat
000971,16.128932,0.18544878,1.9739545e+16,50.189187,1.6126277e+17,3.8047283,high_idsat
000972,17.735424,0.18602933,1.7007134e+15,48.45323,2.14959e+17,1.5037036,high_idsat
000973,18.369811,0.19304016,1.2426912e+15,39.048652,9.7861978e+16,1.8908805,high_idsat
000974,20.064921,0.19853205,2.6202272e+15,38.61947,3.0974959e+17,1.8788032,high_idsat
000975,19.817086,0.18,5.747313e+15,54.667138,2.2831938e+17,2.5708033,high_idsat
000976,21.738159,0.1941169,1.5100263e+16,61.402176,9.025664e+16,3.5314431,high_idsat
000977,10,0.20524388,3.340856e+16,49.64525,9.5865385e+16,1.7837163,high_idsat
000978,17.138569,0.20407537,3.3879302e+16,55.054977,5e+16,2.4596341,high_idsat
000979,15.7085,0.21185454,2.1123544e+16,46.279208,1.1413315e+17,3.5505183,high_idsat
000980,17.38727,0.20405649,6.1968381e+15,37.065299,5.2163226e+16,3.2639669,high_idsat
000981,10.318584,0.20348017,9.3621892e+15,39.803913,7.3580514e+16,3.7194679,high_idsat
000982,10,0.19247686,1.2603103e+16,35.947228,1.0586343e+17,3.1884987,high_idsat
000983,12.602066,0.18524126,1.176435e+15,37.457588,1.3975352e+17,2.7563423,high_idsat
000984,10.744853,0.19465197,4.4355363e+16,35,5.619554e+16,1.5,high_idsat
000985,21.009236,0.18402003,1.1637213e+16,42.740558,5e+16,2.7937176,high_idsat
000986,12.615416,0.1891321,2.5930435e+16,39.270095,1.0070348e+17,1.6974691,high_idsat
000987,10.596052,0.19271589,1.5896032e+15,35,1.1549351e+17,3.0322306,high_idsat
000988,10.480817,0.19614901,4.6952134e+16,41.863634,2.3647527e+17,3.6753372,high_idsat
000989,22,0.18729999,1e+15,48.705823,5e+16,1.9932002,high_idsat
000990,12.345939,0.20095469,1.8717272e+16,40.007253,1.6850993e+17,2.5258477,high_idsat
000991,15.109189,0.18968905,2.2243421e+16,47.968998,1.3823078e+17,3.7053127,high_idsat
000992,17.31013,0.18186448,1.3148185e+15,48.628284,2.039656e+17,1.6797778,high_idsat
000993,17.567185,0.20932973,1.3350189e+15,42.924692,9.9352243e+16,2.1344041,high_idsat
000994,18.696198,0.21259146,1.7866415e+15,38.68768,2.052407e+17,1.9824991,high_idsat
000995,20.023983,0.18926197,5.3493743e+15,53.401337,2.4127122e+17,2.679483,high_idsat
000996,21.752121,0.18799487,1.2066848e+16,56.87853,9.6260454e+16,3.3093263,high_idsat
000997,10,0.20224669,3.4076128e+16,49.946739,9.6002718e+16,1.611644,high_idsat
000998,15.380767,0.1871673,2.6705177e+16,52.566755,5e+16,2.788321,high_idsat
000999,16.528281,0.20353498,1.7674505e+16,45.96888,1.4400236e+17,3.5520583,high_idsat
001000,16.658243,0.19310439,6.4305593e+15,35,5.2404541e+16,2.7792506,high_idsat
001001,10.240575,0.19355559,1.6798487e+16,37.308514,6.4296736e+16,4,high_idsat
001002,11.101941,0.1832681,9.7972218e+15,36.434094,8.2479806e+16,2.8000331,high_idsat
001003,14.564185,0.19301545,1.0319723e+15,39.712314,1.4673053e+17,2.8225543,high_idsat
001004,10,0.20049927,3.2689425e+16,42.024887,5.4355314e+16,1.6548679,high_idsat
001005,20.116099,0.18,1.1969683e+16,43.74623,5.3692399e+16,2.6530758,high_idsat
001006,12.953229,0.19649375,2.4264883e+16,43.933005,1.0989674e+17,1.8005078,high_idsat
001007,11.51104,0.21418084,1.2413314e+15,39.099695,7.6207581e+16,2.8386738,high_idsat
001008,11.594787,0.20655137,2.9760081e+16,41.708773,1.7930194e+17,3.404435,high_idsat
001009,22,0.1902469,1.420613e+15,50.781063,7.0487952e+16,1.5167484,high_idsat
001010,12.478271,0.19704221,1.6454003e+16,42.864166,1.7686107e+17,2.4941732,high_idsat
001011,16.222637,0.18,1.6211267e+16,46.420435,9.6076213e+16,3.0986461,high_idsat
001012,17.782102,0.19617125,1.5693913e+15,51.3016,1.9134111e+17,1.5,high_idsat
001013,17.105564,0.20731374,1.2045447e+15,43.707529,9.4470671e+16,1.6066062,high_idsat
001014,18.083772,0.20394349,2.5888688e+15,35.049294,2.5901063e+17,1.9999213,high_idsat
001015,21.294441,0.18,5.0518694e+15,49.273517,2.6209952e+17,2.7941888,high_idsat
001016,21.632169,0.19031458,2.0426437e+16,63.272824,1.5448929e+17,3.4702258,high_idsat
001017,10.743469,0.2065986,3.286034e+16,44.385898,8.5508835e+16,1.5485505,high_idsat
001018,16.361653,0.19343121,2.0684797e+16,53.092844,5.5431599e+16,2.7663227,high_idsat
001019,16.640042,0.20704445,2.0091712e+16,41.92988,9.9009749e+16,3.8423079,high_idsat
001020,17.948264,0.19024536,4.2141089e+15,38.644664,5e+16,2.3812014,high_idsat
001021,11.491302,0.18,1.1622545e+16,35,7.0724261e+16,4,high_idsat
001022,10.5104,0.19258393,1.1153224e+16,35.670787,1.5831925e+17,2.7146143,high_idsat
001023,15.11545,0.18895978,1.2411994e+15,37.588735,1.396187e+17,2.6371447,high_idsat
001024,10.686495,0.19018314,4.1765706e+16,42.922154,6.4931255e+16,1.5,high_idsat
001025,20.595576,0.18703054,1.2279209e+16,48.732065,5.2320017e+16,2.5770745,high_idsat
001026,13.449022,0.19258441,2.5420566e+16,40.88838,1.3141997e+17,1.6184734,high_idsat
001027,10.491453,0.20431801,1.4306471e+15,35.35204,1.0670625e+17,3.4931803,high_idsat
001028,11.225393,0.19167981,4.9312417e+16,41.563423,1.5331414e+17,3.403555,high_idsat
001029,22,0.19357416,1.0527583e+15,51.975644,5e+16,1.562661,high_idsat
001030,10.883932,0.19833007,2.0236601e+16,43.237069,2.1252117e+17,2.043316,high_idsat
001031,16.746218,0.18702906,2.2459072e+16,49.042828,1.1428715e+17,3.2716851,high_idsat
001032,18.371388,0.18429182,2.0370915e+15,43.691942,1.6641466e+17,2.1655914,high_idsat
001033,17.763679,0.19068785,1.5897265e+15,37.963303,1.0960772e+17,2.4372111,high_idsat
001034,18.823261,0.19923906,3.0013327e+15,38.76523,2.2289824e+17,1.8225976,high_idsat
001035,20.91583,0.18,4.5398267e+15,51.889005,2.8586306e+17,2.3680647,high_idsat
001036,22,0.18747644,1.4361411e+16,56.396914,9.0421534e+16,3.5911426,high_idsat
001037,12.105909,0.20651138,2.4581683e+16,42.889233,1.1921134e+17,1.7293619,high_idsat
001038,16.607535,0.20346682,1.6659907e+16,55.01516,5e+16,3.1863655,high_idsat
001039,15.647995,0.20462662,1.9077175e+16,46.772794,1.6721391e+17,3.7848123,high_idsat
001040,16.90278,0.19153578,6.0057979e+15,36.830659,6.1114295e+16,3.1635692,high_idsat
001041,11.717227,0.20085084,1.2313702e+16,35,8.6135314e+16,3.9245823,high_idsat
001042,10.671737,0.18609922,9.4447031e+15,35.437765,1.2483636e+17,2.9096991,high_idsat
001043,15.048973,0.18943549,2.1819094e+15,39.574013,1.0632014e+17,2.15501,high_idsat
001044,10.907828,0.18369716,3.8943677e+16,37.652673,5.4650641e+16,1.6349419,high_idsat
001045,20.773736,0.18670756,2.1515813e+16,42.66968,6.5586267e+16,2.9388033,high_idsat
001046,13.734486,0.19994316,3.117567e+16,44.831313,1.0515413e+17,1.7732039,high_idsat
001047,10.722316,0.20281224,1.1657921e+15,35.680008,7.86998e+16,3.6613281,high_idsat
001048,10.837572,0.19110998,4.3077902e+16,39.808198,1.9817102e+17,3.008061,high_idsat
001049,22,0.18668148,1.7804298e+15,49.81557,6.5668686e+16,1.7606827,high_idsat
001050,10.880389,0.20389726,2.2290197e+16,47.662266,1.5043658e+17,2.187176,high_idsat
001051,15.630675,0.19350792,2.0432246e+16,49.520492,1.2534115e+17,3.3694914,high_idsat
001052,17.290223,0.18,1.4635377e+15,49.103884,2.6178465e+17,1.8513055,high_idsat
001053,17.310129,0.21281363,1.3663817e+15,42.315523,7.4184344e+16,2.0804966,high_idsat
001054,19.566109,0.20054051,2.0724263e+15,40.126159,3.2813085e+17,1.6006468,high_idsat
001055,20.869429,0.18,3.9264207e+15,44.639721,1.9689719e+17,3.0155286,high_idsat
001056,22,0.18896797,1.5302222e+16,59.716877,1.161578e+17,3.0581321,high_idsat
001057,10.60119,0.20565355,2.6559825e+16,47.926446,1.0130681e+17,1.6841761,high_idsat
001058,16.651947,0.18233902,1.7377638e+16,55.557683,5e+16,2.9354373,high_idsat
001059,15.123664,0.19209856,2.3312107e+16,42.8107,1.3164484e+17,3.4188393,high_idsat
001060,17.495252,0.18448705,8.3797678e+15,35,5.0691608e+16,3.0481395,high_idsat
001061,10,0.19306693,1.0650983e+16,37.322339,6.5954825e+16,3.8884496,high_idsat
001062,10.406965,0.1806129,1.065712e+16,39.238539,1.3333364e+17,2.8686604,high_idsat
001063,15.827641,0.18,1.279984e+15,40.498877,1.1597367e+17,2.9172952,high_idsat
001064,10.456594,0.19264863,2.8368757e+16,41.144788,5.8681544e+16,1.5334989,high_idsat
001065,20.248805,0.18190248,9.3014486e+15,45.394595,5.6132902e+16,2.6863961,high_idsat
001066,13.024874,0.19272315,4.0228147e+16,44.766378,9.7766659e+16,1.6311249,high_idsat
001067,11.129367,0.19463681,1.238012e+15,37.061296,1.640056e+17,3.4728812,high_idsat
001068,12.271141,0.19001761,5e+16,38.871059,2.2515252e+17,3.1445445,high_idsat
001069,22,0.18936108,1e+15,47.623203,5.7580477e+16,2.0722945,high_idsat
001070,11.562106,0.19132299,2.2139796e+16,40.409955,1.5376959e+17,2.101592,high_idsat
001071,16.62802,0.18194456,2.865598e+16,51.152012,1.1461011e+17,3.5707055,high_idsat
001072,16.441994,0.18,1.4090227e+15,50.731768,1.8574699e+17,1.6624529,high_idsat
001073,18.663397,0.20217064,1e+15,45.979206,1.0494475e+17,1.8851285,high_idsat
001074,18.782849,0.19939909,2.19547e+15,35.406377,1.9911554e+17,1.6085447,high_idsat
001075,20.225857,0.18080246,4.9937311e+15,48.580542,2.161223e+17,2.6368902,high_idsat
001076,22,0.20288749,1.2127503e+16,53.975077,1.3070812e+17,3.7682219,high_idsat
001077,10,0.18619068,1.3060647e+16,47.716879,9.6234561e+16,1.9383552,high_idsat
001078,16.615247,0.21401163,2.3579208e+16,54.245731,5.3968549e+16,2.5072524,high_idsat
001079,14.075897,0.19961601,1.6426839e+16,42.784824,1.1122996e+17,3.6861928,high_idsat
001080,16.669396,0.19069221,5.2419805e+15,35,5e+16,2.5991314,high_idsat
001081,11.320735,0.18598717,8.9998525e+15,44.042805,5e+16,3.6700753,high_idsat
001082,10.06694,0.19329431,1.7290815e+16,35,1.5874741e+17,3.0812448,high_idsat
001083,14.483611,0.18844645,1e+15,42.865989,1.4561915e+17,2.4059699,high_idsat
001084,10,0.20226887,4.2234167e+16,36.847422,5.2168177e+16,1.5,high_idsat
001085,21.054646,0.20083028,1.2810685e+16,42.711673,5e+16,2.4527711,high_idsat
001086,12.639387,0.18539509,2.7984198e+16,42.023577,9.6305231e+16,1.7488021,high_idsat
001087,10.874438,0.21015935,1.5365623e+15,36.278888,7.0039077e+16,3.3983071,high_idsat
001088,11.708844,0.18820239,4.6576774e+16,37.835327,1.8348054e+17,3.3254345,high_idsat
001089,21.165754,0.20028286,1.3130443e+15,53.611885,5e+16,1.8437509,high_idsat
001090,12.598574,0.18735329,1.4235853e+16,40.726831,1.3708102e+17,1.9216521,high_idsat
001091,16.060943,0.18075571,2.176603e+16,43.035529,9.3750314e+16,3.6846915,high_idsat
001092,18.593325,0.18168431,1.3909909e+15,51.01854,1.5927789e+17,2.0154785,high_idsat
001093,18.446067,0.20815198,1.2119142e+15,37.61078,1.0483812e+17,2.0931024,high_idsat
001094,18.556966,0.20082671,4.455758e+15,38.403408,2.910953e+17,1.7564556,high_idsat
001095,19.700298,0.18,5.5594678e+15,49.52246,1.6589825e+17,2.6257919,high_idsat
001096,22,0.18812524,1.8186634e+16,55.951556,9.9863202e+16,3.5347501,high_idsat
001097,10.81217,0.21477894,2.2904238e+16,47.98891,7.8206486e+16,2.0747949,high_idsat
001098,15.626113,0.20063254,2.9286401e+16,51.023224,5.0168922e+16,2.6292136,high_idsat
001099,16.432962,0.20280107,1.4681567e+16,44.513824,1.6173182e+17,4,high_idsat
001100,17.243494,0.19590632,5.0277076e+15,35,5.7398059e+16,3.0090428,high_idsat
001101,10.691204,0.19269708,1.7286488e+16,38.827119,7.1748391e+16,3.6921001,high_idsat
001102,10.767987,0.18,1.5523173e+16,37.750402,1.1027363e+17,2.6706662,high_idsat
001103,14.181754,0.18910302,1.3504112e+15,35,1.4036314e+17,2.7202945,high_idsat
001104,10,0.19355419,2.2447613e+16,40.792622,5.0871964e+16,1.7020213,high_idsat
001105,20.209395,0.18437845,1.4288312e+16,44.456394,5.0353288e+16,3.0702644,high_idsat
001106,12.920022,0.18386978,3.4693741e+16,42.192056,9.5003418e+16,1.9530376,high_idsat
001107,10.629744,0.21334675,1e+15,35.965361,6.8870006e+16,2.9839813,high_idsat
001108,10.682278,0.20488049,3.7516748e+16,40.355615,2.660477e+17,3.4667524,high_idsat
001109,22,0.19240819,1.1192499e+15,56.095291,5.3665584e+16,2.3009677,high_idsat
001110,11.704035,0.18512647,1.0963631e+16,43.167669,2.0009804e+17,2.2942673,high_idsat
001111,17.192959,0.18,2.2682457e+16,47.790198,1.4969767e+17,3.4833742,high_idsat
001112,17.822617,0.18,1.4137991e+15,48.275046,2.5728654e+17,1.7898497,high_idsat
001113,18.153542,0.19296685,1.0096449e+15,45.604807,7.9972774e+16,2.4877696,high_idsat
001114,19.823181,0.18385767,3.9850078e+15,45.777468,2.4111139e+17,2.0067375,high_idsat
001115,20.83915,0.18,3.7481352e+15,53.153867,3.1537018e+17,3.0868492,high_idsat
001116,22,0.20289935,1.1671546e+16,60.832113,1.1597335e+17,3.9315908,high_idsat
001117,10,0.2082129,2.7940249e+16,40.126131,1.0539217e+17,2.1943576,high_idsat
001118,15.987174,0.19776139,2.4402383e+16,51.964835,5e+16,2.7156662,high_idsat
001119,16.22226,0.20907606,2.0348874e+16,45.555388,1.2251617e+17,3.691727,high_idsat
001120,16.568214,0.1917343,5.6221384e+15,35,6.0181997e+16,2.5891372,high_idsat
001121,10,0.19029686,1.7579617e+16,35,6.3491617e+16,3.9659839,high_idsat
001122,10.543895,0.18,1.153355e+16,36.867227,8.1602176e+16,2.9052661,high_idsat
001123,14.398898,0.1901184,1.0400425e+15,39.507679,1.0823733e+17,2.4102671,high_idsat
001124,10.458793,0.20514425,3.1308318e+16,41.349821,5.5531597e+16,2.1268679,high_idsat
001125,22,0.20098675,1.9827886e+16,44.192709,5e+16,2.8681794,high_idsat
001126,13.673024,0.18844189,4.4066461e+16,40.547025,9.2714408e+16,1.749893,high_idsat
001127,10.535889,0.19126796,1.3040121e+15,37.808996,1.1339646e+17,3.0998303,high_idsat
001128,10.752575,0.20080525,5e+16,35.843044,2.0159481e+17,3.3314009,high_idsat
001129,20.973796,0.19076296,1.2372518e+15,52.204981,6.309491e+16,2.17711,high_idsat
001130,11.510661,0.20065581,1.6681206e+16,39.004102,1.3279715e+17,2.4067704,high_idsat
001131,16.427451,0.18886215,1.5849937e+16,46.672676,1.2520586e+17,3.7944283,high_idsat
001132,18.605618,0.18562988,1.2524805e+15,52.11089,1.6636368e+17,1.8414017,high_idsat
001133,17.302059,0.21052772,1.6175879e+15,39.650018,1.1897151e+17,1.9313474,high_idsat
001134,20.490967,0.2033051,1.8769056e+15,40.376827,1.9345944e+17,1.7846817,high_idsat
001135,20.470554,0.18554733,5.5177914e+15,54.436248,2.2238583e+17,2.4377602,high_idsat
001136,21.444698,0.19213686,1.3982472e+16,60.043159,1.1125571e+17,3.4592857,high_idsat
001137,10.676432,0.21192333,4.210351e+16,48.727093,9.9828196e+16,2.0232938,high_idsat
001138,17.937553,0.19636042,2.3900419e+16,52.60974,5e+16,2.5279552,high_idsat
001139,15.524548,0.19505643,1.4837134e+16,49.97018,1.624874e+17,3.7010899,high_idsat
001140,17.051855,0.19090244,5.9352618e+15,37.420727,5.0894588e+16,2.9429213,high_idsat
001141,10.212361,0.19286265,9.7728401e+15,35.148893,6.9970392e+16,3.616228,high_idsat
001142,10,0.18007612,1.5818145e+16,35,9.5485292e+16,2.5969148,high_idsat
001143,15.360777,0.18032865,1e+15,39.257614,1.1198556e+17,2.8090076,high_idsat
001144,10.384416,0.19505731,3.0477105e+16,41.305142,5.6266099e+16,1.7188409,high_idsat
001145,20.553155,0.18851106,1.2320247e+16,51.746487,5e+16,2.8214105,high_idsat
001146,12.172356,0.18373379,3.2311094e+16,39.335298,1.2178188e+17,1.7595256,high_idsat
001147,10.890976,0.20942339,1.309808e+15,37.28052,8.8741012e+16,3.4092228,high_idsat
001148,10.261455,0.1915894,4.7344324e+16,39.426507,2.246771e+17,3.3889058,high_idsat
001149,22,0.19393964,1e+15,53.985167,6.4542779e+16,1.9025792,high_idsat
001150,11.315067,0.20435054,1.9118272e+16,46.891434,1.1310886e+17,2.3078082,high_idsat
001151,17.934084,0.18085691,1.2858286e+16,44.874931,1.0528366e+17,3.4228124,high_idsat
001152,18.457525,0.18183105,1.4784449e+15,50.62195,2.1498707e+17,1.5892169,high_idsat
001153,18.031712,0.21264005,1.431487e+15,40.360845,8.5710772e+16,2.0989746,high_idsat
001154,19.659474,0.2007145,2.9973916e+15,41.213588,2.4905267e+17,1.8334212,high_idsat
001155,19.762148,0.18165393,6.0935336e+15,47.934254,2.2272228e+17,2.5999772,high_idsat
001156,22,0.20481201,1.6052659e+16,58.76511,1.1373729e+17,3.089254,high_idsat
001157,10.742472,0.22536408,3.443114e+16,44.339588,6.2205274e+16,1.8591723,high_idsat
001158,15.672047,0.19119803,1.6340198e+16,57.102723,5e+16,2.55897,high_idsat
001159,15.445497,0.20728886,2.2914599e+16,44.457821,1.2276406e+17,3.6892752,high_idsat
001160,16.141864,0.19134421,6.0320773e+15,40.593308,6.2360889e+16,2.8193672,high_idsat
001161,10,0.18453238,9.9574407e+15,35,6.5833394e+16,3.6124023,high_idsat
001162,10.016465,0.18,1.2307694e+16,37.13675,1.036327e+17,2.9415462,high_idsat
001163,14.078507,0.18908068,1.2191868e+15,42.360449,1.6444719e+17,2.7357208,high_idsat
001164,10,0.19762237,5e+16,41.017304,5e+16,1.7024589,high_idsat
001165,19.969628,0.20023962,1.0043983e+16,43.802495,6.2896919e+16,2.9168272,high_idsat
001166,14.228965,0.18869385,3.6162834e+16,43.454864,8.688945e+16,1.9508985,high_idsat
001167,10,0.22251922,1.9475525e+15,35,8.8118598e+16,3.1714676,high_idsat
001168,12.90218,0.19275522,3.2543411e+16,43.703991,1.622787e+17,3.4660838,high_idsat
001169,21.739561,0.2045544,1e+15,53.201039,5e+16,1.9603173,high_idsat
001170,11.906045,0.18554069,1.9802527e+16,42.303072,1.2563312e+17,2.4573539,high_idsat
001171,17.041232,0.19629632,2.020378e+16,43.468269,1.2961201e+17,3.1773613,high_idsat
001172,17.4604,0.18690318,1.4234728e+15,48.394977,3.0740273e+17,1.8348902,high_idsat
001173,17.851889,0.20439146,1.4586558e+15,48.688538,1.2292574e+17,2.0065536,high_idsat
001174,19.704526,0.22126538,2.4905597e+15,35.277732,2.9926446e+17,1.6439046,high_idsat
001175,19.982515,0.18,4.4976064e+15,47.079763,2.301794e+17,2.525445,high_idsat
001176,21.080119,0.19738454,1.0317447e+16,56.300316,9.1086862e+16,3.3965864,high_idsat
001177,10.214255,0.2126983,3.1513512e+16,43.229174,1.0796687e+17,2.052477,high_idsat
001178,15.825102,0.19543293,1.9304895e+16,48.645952,5.8602162e+16,2.9625509,high_idsat
001179,17.333061,0.2010969,2.3819767e+16,44.517702,1.5551873e+17,3.4683333,high_idsat
001180,17.669796,0.19094098,6.2655651e+15,35,7.1488395e+16,2.6883683,high_idsat
001181,10.942595,0.19431643,1.45253e+16,35,6.365577e+16,3.8023325,high_idsat
001182,10.619282,0.18516747,1.7166054e+16,39.596479,8.7892383e+16,3.0142687,high_idsat
001183,14.674568,0.18400548,1.0218386e+15,38.766065,1.4808302e+17,2.5038929,high_idsat
001184,10.375563,0.18897031,3.4595096e+16,42.988437,5.7501808e+16,1.5,high_idsat
001185,19.084181,0.19349692,1.0683859e+16,47.413226,5.749217e+16,2.2864729,high_idsat
001186,13.712395,0.20267322,3.2831258e+16,40.332861,1.39261e+17,1.5877406,high_idsat
001187,12.350579,0.20087842,1.2473455e+15,37.419243,9.8979015e+16,3.2955333,high_idsat
001188,10.51505,0.20551584,5e+16,37.914855,1.5407116e+17,3.3334352,high_idsat
001189,22,0.20966476,1.5442939e+15,48.71614,5e+16,1.9705609,high_idsat
001190,12.17097,0.18873201,1.9856155e+16,43.117466,1.3568535e+17,2.4138075,high_idsat
001191,16.277862,0.19077818,1.4745202e+16,42.418552,1.3660377e+17,3.7104774,high_idsat
001192,18.193703,0.19229156,1.9145236e+15,54.817904,2.4231424e+17,2.0320943,high_idsat
001193,17.144054,0.20324348,1.9659629e+15,40.977371,8.5289148e+16,2.3139932,high_idsat
001194,19.181366,0.20594234,3.5871787e+15,37.268225,4e+17,1.7265807,high_idsat
001195,19.266309,0.18155676,3.8191802e+15,48.25263,3.5332759e+17,2.5859336,high_idsat
001196,22,0.18614821,1.5854659e+16,58.862729,7.5287675e+16,3.6100615,high_idsat
001197,10.091548,0.21309789,3.2834193e+16,47.675676,1.0535309e+17,1.9119877,high_idsat
001198,16.933716,0.19673159,2.9711597e+16,55.510042,5e+16,2.8427644,high_idsat
001199,16.081877,0.18395947,1.5124207e+16,48.161401,7.9901769e+16,3.7132938,high_idsat
001200,16.974407,0.18537119,5.3727969e+15,35,5.1121616e+16,2.6652592,high_idsat
001201,10.016663,0.1830697,1.1632065e+16,35.354982,1.0215601e+17,3.8515794,high_idsat
001202,10.717702,0.18,1.7755236e+16,35,6.4253885e+16,2.867811,high_idsat
001203,14.135283,0.19284119,1.2047262e+15,38.014763,1.1707583e+17,2.377766,high_idsat
001204,10.034375,0.19296694,5e+16,41.630162,5.5125802e+16,1.5639757,high_idsat
001205,21.086177,0.19242431,1.2910037e+16,49.888596,5e+16,2.7337403,high_idsat
001206,11.406116,0.19657588,3.5265598e+16,41.729142,1.4588556e+17,1.7029658,high_idsat
001207,10.459668,0.21540606,1.2012692e+15,35,9.1476023e+16,3.3144485,high_idsat
001208,12.016928,0.19557243,3.7735189e+16,43.176222,1.925225e+17,3.644809,high_idsat
001209,22,0.19734701,1.1303702e+15,47.178769,5.1780668e+16,1.763027,high_idsat
001210,13.429212,0.19119942,1.2388664e+16,43.286621,1.6671945e+17,2.6279684,high_idsat
001211,17.242501,0.19548777,2.5939098e+16,45.395569,1.41661e+17,3.4426642,high_idsat
001212,18.589023,0.19228738,1.8081398e+15,49.661279,2.1486436e+17,1.8271001,high_idsat
001213,18.389535,0.20224754,1.3288477e+15,39.086079,7.505363e+16,2.212352,high_idsat
001214,16.973071,0.20252178,3.2028294e+15,37.842578,3.4551148e+17,1.7440262,high_idsat
001215,20.155809,0.19479707,4.3893891e+15,52.031879,2.2100927e+17,2.7472306,high_idsat
001216,22,0.18210418,1.5929504e+16,64.15053,8.007186e+16,3.3905818,high_idsat
001217,10.056328,0.21098969,3.0168697e+16,46.872537,9.5403444e+16,1.5,high_idsat
001218,16.839058,0.20491032,2.2806738e+16,55.163753,5.2342264e+16,3.0760655,high_idsat
001219,16.923802,0.19885869,1.657044e+16,49.499205,2.154586e+17,3.4740638,high_idsat
001220,16.909215,0.19846762,9.3624693e+15,35,5.0956512e+16,2.7168821,high_idsat
001221,13.126713,0.18644926,1.5060821e+16,41.252122,9.2875124e+16,3.626005,high_idsat
001222,10.724456,0.18,1.5966282e+16,40.197552,1.3743486e+17,3.0890137,high_idsat
001223,14.857751,0.18467443,1.2856606e+15,36.613163,1.7652979e+17,2.1339495,high_idsat
001224,10.731228,0.19794958,2.8447405e+16,38.2335,5.5796879e+16,1.7436011,high_idsat
001225,20.637249,0.19305192,1.6268983e+16,47.474664,5.3059742e+16,2.6993177,high_idsat
001226,12.406982,0.21396136,2.9574695e+16,38.874492,1.4237387e+17,1.8136239,high_idsat
001227,10.818846,0.20248928,1.4520007e+15,35.7106,8.0982029e+16,3.5876796,high_idsat
001228,10.778522,0.1942192,5e+16,45.213071,1.3825132e+17,3.18886,high_idsat
001229,22,0.20419548,1.6500608e+15,50.584399,5e+16,1.9155783,high_idsat
001230,12.407869,0.1932102,1.033256e+16,37.70609,1.4048471e+17,2.2913855,high_idsat
001231,15.315625,0.19977093,2.6188995e+16,44.955173,1.2032605e+17,3.613175,high_idsat
001232,17.601449,0.18,1.9638797e+15,53.417329,2.1739527e+17,1.9752825,high_idsat
001233,16.45171,0.20630715,1.4577569e+15,42.965498,1.1369538e+17,2.4558868,high_idsat
001234,19.019961,0.20039233,3.0796298e+15,38.265348,3.8027959e+17,1.8043588,high_idsat
001235,19.443985,0.19295877,5.4812698e+15,46.111139,2.6041699e+17,2.7868658,high_idsat
001236,21.673918,0.1850561,1.0364867e+16,60.409391,1.1662508e+17,3.7134863,high_idsat
001237,10.449951,0.21337911,3.6520582e+16,49.211467,1.5106739e+17,1.9935716,high_idsat
001238,17.42221,0.19379527,2.3625691e+16,54.877886,5e+16,2.7989813,high_idsat
001239,16.825989,0.20938036,1.8469282e+16,44.115519,9.6740575e+16,3.3988744,high_idsat
001240,17.180877,0.19538442,6.1676008e+15,35.65993,6.8400892e+16,2.8858332,high_idsat
001241,10,0.182608,7.6720448e+15,36.899216,5.7103319e+16,3.6867361,high_idsat
001242,10.360328,0.18,1.4547941e+16,35,7.9797808e+16,2.8313001,high_idsat
001243,14.291906,0.19665336,1e+15,35,1.492208e+17,2.3010233,high_idsat
001244,11.062026,0.19032399,4.4052743e+16,36.127187,5.91665e+16,1.8195029,high_idsat
001245,20.874157,0.1888059,1.3018412e+16,44.965725,6.5461525e+16,2.9608126,high_idsat
001246,12.690087,0.18919131,2.723602e+16,41.770967,8.8175095e+16,2.0954929,high_idsat
001247,11.952346,0.20931076,1.2160681e+15,35,9.6921187e+16,3.3712856,high_idsat
001248,10.849247,0.19471208,3.4850312e+16,43.104275,1.3068105e+17,3.1503166,high_idsat
001249,20.440252,0.18375535,1.5893255e+15,49.807812,5.0673528e+16,1.7525285,high_idsat
001250,12.634317,0.20242229,1.6579146e+16,42.582565,1.6942759e+17,1.9919733,high_idsat
001251,17.093518,0.18675338,2.0215024e+16,46.60095,1.3560572e+17,3.5564164,high_idsat
001252,18.461921,0.18,1.3537091e+15,46.232562,1.8981158e+17,1.904178,high_idsat
001253,19.83347,0.20334081,1.8264692e+15,43.5227,1.0051395e+17,2.2874663,high_idsat
001254,18.42148,0.18653802,2.5622513e+15,35,2.8103437e+17,2.1603419,high_idsat
001255,21.093112,0.18,5.805065e+15,52.320593,2.5344287e+17,2.9705443,high_idsat
001256,22,0.20005465,1.7910555e+16,63.457232,1.0143116e+17,3.4805188,high_idsat
001257,10.914671,0.21248116,2.2996016e+16,44.188042,7.8237422e+16,2.1880922,high_idsat
001258,16.748052,0.19923343,3.1022357e+16,52.830326,5.8665502e+16,2.6324001,high_idsat
001259,15.827073,0.19488307,1.9619755e+16,50.907924,1.1729424e+17,3.6898629,high_idsat
001260,14.320136,0.30157429,1.7170232e+15,62.033945,1.624516e+17,4,threshold_boundary
001261,10.511754,0.23595904,5.4670658e+15,50.326819,6.6614367e+16,2.2019674,threshold_boundary
001262,12.311812,0.26365063,2.4257586e+16,59.397594,8.0997564e+16,2.4718614,threshold_boundary
001263,10,0.25269766,1e+15,46.331586,1.4274903e+17,3.6025211,threshold_boundary
001264,11.468011,0.24337634,1.21948e+15,49.887382,1.7850694e+17,3.5591076,threshold_boundary
001265,18.617541,0.21598685,1.6985165e+16,74.787651,1.0293081e+17,2.4473007,threshold_boundary
001266,18.226235,0.18,4.1732073e+16,61.101487,1.2721761e+17,2.080905,threshold_boundary
001267,11.457973,0.29226103,4.7613603e+15,71.083721,7.1020729e+16,3.707685,threshold_boundary
001268,10.483601,0.18914841,1.1791631e+16,35.940385,9.5506392e+16,2.9127203,threshold_boundary
001269,12.435337,0.24571964,4.0660807e+16,52.789275,8.9589199e+16,2.5141331,threshold_boundary
001270,11.180991,0.29940827,9.6578064e+15,52.913829,1.7309855e+17,2.7549229,threshold_boundary
001271,16.044566,0.24607835,3.6906014e+16,75.688051,1.1849563e+17,2.2524469,threshold_boundary
001272,16.432026,0.23610614,5.5728663e+15,75.746832,1.0021071e+17,1.8408617,threshold_boundary
001273,16.535042,0.23382727,1.9230445e+16,68.771517,1.4203332e+17,3.5892013,threshold_boundary
001274,10.773886,0.19877531,4.4488318e+16,36.219979,6.8153485e+16,1.7537945,threshold_boundary
001275,15.281821,0.26296937,3.5318366e+16,65.72909,1.4242828e+17,2.3293694,threshold_boundary
001276,17.980166,0.18084092,1.6941014e+15,47.393955,1.789698e+17,1.8513641,threshold_boundary
001277,19.87938,0.18786725,1.0064672e+16,72.543473,1.4190498e+17,1.9304015,threshold_boundary
001278,18.881172,0.18,5.2873839e+15,51.187757,1.7371438e+17,2.5798718,threshold_boundary
001279,15.904649,0.22572586,1.1692177e+16,60.40554,1.1225388e+17,3.4820276,threshold_boundary
001280,14.03215,0.30400546,1.6798649e+15,62.497277,2.2209804e+17,4,threshold_boundary
001281,11.209113,0.24005276,5.8805402e+15,48.073219,7.0867559e+16,2.1208363,threshold_boundary
001282,12.608615,0.25349259,2.4669729e+16,58.172267,8.4571858e+16,2.7675385,threshold_boundary
001283,10.843317,0.2423585,1.1504254e+15,44.957166,1.3335943e+17,3.5447854,threshold_boundary
001284,11.795741,0.24793708,1.3683889e+15,50.472096,1.8359912e+17,3.7865277,threshold_boundary
001285,17.936445,0.23337302,2.1424274e+16,74.412996,9.3286047e+16,2.32815,threshold_boundary
001286,17.0883,0.18542079,5e+16,57.953647,8.2926248e+16,2.4536969,threshold_boundary
001287,12.068601,0.2819482,3.5033323e+15,68.436717,8.0262382e+16,3.5050549,threshold_boundary
001288,11.01986,0.18,1.2890446e+16,35,1.0140209e+17,2.8676182,threshold_boundary
001289,11.317993,0.24946195,3.4648346e+16,51.23008,1.0555874e+17,2.5811877,threshold_boundary
001290,11.251832,0.29551845,1.0091944e+16,55.642422,2.0853222e+17,2.9521058,threshold_boundary
001291,16.783859,0.2443356,5e+16,78.69286,1.0199059e+17,2.2081014,threshold_boundary
001292,18.477868,0.221284,5.8382002e+15,76.146312,9.8020855e+16,1.9389526,threshold_boundary
001293,17.45903,0.24370918,1.3195706e+16,65.56263,1.197124e+17,3.4309912,threshold_boundary
001294,11.996626,0.20024182,4.4300537e+16,38.510107,5.5101084e+16,1.8578197,threshold_boundary
001295,15.014838,0.25735099,3.6881484e+16,72.400838,1.2878766e+17,2.1721031,threshold_boundary
001296,18.693479,0.18087205,1.1411502e+15,46.664084,1.6346178e+17,1.5,threshold_boundary
001297,20.542172,0.1998771,1.0595901e+16,77.526012,1.3109425e+17,1.9776866,threshold_boundary
001298,21.305639,0.18617514,5.1695421e+15,48.063537,2.2575449e+17,2.6719824,threshold_boundary
001299,16.570009,0.23784493,9.8100436e+15,62.499677,1.289747e+17,3.6209666,threshold_boundary
001300,14.174354,0.29313078,2.1346228e+15,63.081025,2.529673e+17,4,threshold_boundary
001301,10,0.24132224,3.1518217e+15,49.900406,1.1034252e+17,2.2581519,threshold_boundary
001302,11.601114,0.25863031,2.0790879e+16,57.426352,7.2064869e+16,2.5171034,threshold_boundary
001303,10.035923,0.23823909,1.0397624e+15,47.597552,1.5553204e+17,3.6706014,threshold_boundary
001304,11.089798,0.25662095,1.4569249e+15,47.07241,2.1951499e+17,3.3486469,threshold_boundary
001305,17.569782,0.20809863,2.0918346e+16,74.115295,8.0949084e+16,2.2592021,threshold_boundary
001306,19.095643,0.18,4.4944349e+16,60.25584,1.3476503e+17,2.2502671,threshold_boundary
001307,12.284173,0.29260066,2.5789572e+15,68.856475,8.0771243e+16,3.4002787,threshold_boundary
001308,11.309072,0.18,1.1771214e+16,35.974581,1.1581681e+17,2.8633104,threshold_boundary
001309,12.105439,0.24864439,4.6998529e+16,53.378425,7.5484313e+16,2.4751746,threshold_boundary
001310,11.868191,0.29372816,6.6661416e+15,54.938083,1.6636738e+17,2.468357,threshold_boundary
001311,15.111074,0.24395833,5e+16,75.59011,1.0505133e+17,1.8191571,threshold_boundary
001312,18.69349,0.23324422,6.728137e+15,73.765673,7.9342292e+16,2.1814848,threshold_boundary
001313,17.170334,0.24163649,1.2880971e+16,68.372526,1.5024807e+17,3.4071877,threshold_boundary
001314,11.585825,0.19664277,4.0854523e+16,37.603426,5e+16,1.7622556,threshold_boundary
001315,14.005251,0.25877623,3.1956864e+16,70.65232,1.3781961e+17,2.3134236,threshold_boundary
001316,16.776915,0.18,1.6881792e+15,51.831352,1.5794524e+17,1.9817923,threshold_boundary
001317,21.20129,0.19795987,8.2738866e+15,74.582388,1.174292e+17,1.9630254,threshold_boundary
001318,20.556141,0.18334576,4.9478185e+15,52.875566,1.9352208e+17,2.666387,threshold_boundary
001319,16.299824,0.23564525,1.1337371e+16,57.69016,1.1377813e+17,3.7793705,threshold_boundary
001320,13.922384,0.30050899,1.593516e+15,63.583384,2.6835489e+17,3.7478812,threshold_boundary
001321,11.148408,0.23322181,5.8952002e+15,50.180831,8.5092235e+16,2.2362356,threshold_boundary
001322,12.981263,0.2619153,2.5998723e+16,58.080587,7.1385747e+16,2.434001,threshold_boundary
001323,10.958829,0.25118798,1.1024347e+15,47.668146,1.4441705e+17,3.6997608,threshold_boundary
001324,12.356434,0.25432282,1.7473917e+15,51.382291,1.5363528e+17,3.6482404,threshold_boundary
001325,19.931405,0.22517295,1.8005736e+16,72.945375,8.9841635e+16,2.3813039,threshold_boundary
001326,18.65607,0.18,4.9523395e+16,54.707805,1.1642192e+17,2.2094285,threshold_boundary
001327,10.892064,0.29720232,3.6569369e+15,70.355278,6.4810695e+16,3.6624185,threshold_boundary
001328,10.318198,0.18,8.465852e+15,40.164522,1.2124448e+17,2.9315426,threshold_boundary
001329,11.172648,0.2474421,3.578156e+16,54.372172,7.5686045e+16,2.4306266,threshold_boundary
001330,11.354562,0.29506268,6.8788427e+15,57.267767,2.0406867e+17,2.9230094,threshold_boundary
001331,15.963492,0.24135204,4.996284e+16,76.181678,1.2928505e+17,1.9584806,threshold_boundary
001332,17.767391,0.22342425,3.5025733e+15,76.614632,7.4966265e+16,1.8552391,threshold_boundary
001333,17.458439,0.23093471,2.341592e+16,70.951013,1.5616249e+17,3.548112,threshold_boundary
001334,10.463238,0.20644717,3.9653682e+16,35.79356,5e+16,1.5,threshold_boundary
001335,14.289926,0.25169186,2.4247516e+16,68.888042,1.4024873e+17,2.2668077,threshold_boundary
001336,17.325631,0.18,1.0641943e+15,45.117529,1.8838975e+17,1.9765561,threshold_boundary
001337,19.340645,0.19696667,8.5231503e+15,77.467551,1.1692096e+17,2.1210372,threshold_boundary
001338,19.91904,0.18348774,5.1544282e+15,53.90186,2.4062839e+17,3.0243592,threshold_boundary
001339,15.248526,0.22931876,8.7804306e+15,60.648365,1.0588283e+17,4,threshold_boundary
001340,14.535881,0.30976824,1.9204122e+15,67.525973,2.2991334e+17,3.8517915,threshold_boundary
001341,10.619398,0.23878943,4.1476131e+15,47.236736,6.6824859e+16,2.2841826,threshold_boundary
001342,12.430692,0.26212605,2.4693658e+16,61.222222,8.1898674e+16,2.673506,threshold_boundary
001343,10.40492,0.25184046,1.0877247e+15,44.438143,2.1917666e+17,3.3159917,threshold_boundary
001344,11.701683,0.25163128,1.1843668e+15,48.289469,2.2271903e+17,3.2703329,threshold_boundary
001345,18.382206,0.21533879,2.2508072e+16,73.868214,7.2833979e+16,2.4334667,threshold_boundary
001346,17.936582,0.18981397,5e+16,58.795567,1.099814e+17,2.2533676,threshold_boundary
001347,12.365399,0.30142424,3.6451359e+15,66.533371,9.5531015e+16,3.2262671,threshold_boundary
001348,10.159656,0.20036248,1.174536e+16,35.776968,1.08084e+17,2.6932384,threshold_boundary
001349,11.944804,0.25066618,4.3463336e+16,56.559612,1.2064617e+17,2.7913723,threshold_boundary
001350,11.888622,0.29241546,6.6852509e+15,54.749036,2.3195461e+17,2.9398782,threshold_boundary
001351,15.764992,0.22920242,3.860518e+16,73.982123,1.2593563e+17,1.9734708,threshold_boundary
001352,17.62107,0.21759032,6.3290756e+15,76.966336,8.6579636e+16,1.8384463,threshold_boundary
001353,17.587893,0.23916017,1.5725595e+16,68.96321,1.2439078e+17,3.360149,threshold_boundary
001354,10.601827,0.20227195,3.3430385e+16,38.753178,5.9644956e+16,1.8753596,threshold_boundary
001355,14.345353,0.25597422,2.739073e+16,69.19234,1.3651046e+17,2.1901298,threshold_boundary
001356,17.242916,0.18488068,1.8209815e+15,50.594198,2.0221299e+17,1.7412931,threshold_boundary
001357,20.20316,0.19696566,1.0453359e+16,75.490824,1.2235292e+17,2.1100468,threshold_boundary
001358,20.663209,0.18457418,4.407015e+15,51.802394,2.5423058e+17,2.6655672,threshold_boundary
001359,16.680943,0.23270401,8.0068722e+15,60.657209,1.2110543e+17,3.5482765,threshold_boundary
001360,14.406155,0.30925383,2.167567e+15,66.372011,2.7443358e+17,3.814062,threshold_boundary
001361,10.64086,0.23289109,4.3627392e+15,48.005846,6.8582107e+16,1.9973517,threshold_boundary
001362,13.006006,0.26643903,2.1199951e+16,58.429732,8.7621191e+16,2.4097319,threshold_boundary
001363,10,0.24154406,1.1168445e+15,47.253543,1.5741559e+17,3.5063746,threshold_boundary
001364,10,0.25379101,1.4310489e+15,47.717379,1.6634605e+17,3.5936166,threshold_boundary
001365,18.179539,0.2081484,2.4497209e+16,73.924304,7.038505e+16,2.4219024,threshold_boundary
001366,17.182194,0.18049862,5e+16,55.259766,1.1164645e+17,2.3286442,threshold_boundary
001367,11.301955,0.29296266,4.125122e+15,68.161951,5.6124195e+16,3.5050516,threshold_boundary
001368,10.073101,0.18236824,1.5630636e+16,35.016695,1.0373383e+17,3.048793,threshold_boundary
001369,11.698456,0.24739548,5e+16,53.038763,8.6216152e+16,2.267748,threshold_boundary
001370,10.266727,0.29332242,6.8649587e+15,53.274281,1.8487986e+17,2.5053704,threshold_boundary
001371,16.302592,0.23638013,4.6152945e+16,72.191204,1.3651734e+17,2.134745,threshold_boundary
001372,17.031431,0.24915344,5.433217e+15,76.521959,1.0797308e+17,1.7144868,threshold_boundary
001373,17.822187,0.24826032,1.8644149e+16,65.992986,1.6032331e+17,3.6253493,threshold_boundary
001374,10.083309,0.20015923,4.2148309e+16,39.987131,6.963801e+16,1.8999164,threshold_boundary
001375,14.886484,0.2568624,2.2927313e+16,71.680125,1.4273228e+17,2.1540928,threshold_boundary
001376,18.314652,0.18,1.3755685e+15,49.850243,2.0496606e+17,1.9481201,threshold_boundary
001377,19.67493,0.20242371,1.1069329e+16,73.812233,1.2183506e+17,1.8710412,threshold_boundary
001378,20.890766,0.1878242,5.8242011e+15,49.874964,2.2074174e+17,2.6587164,threshold_boundary
001379,15.84653,0.22952349,1.2162241e+16,59.961895,1.0808573e+17,3.6428399,threshold_boundary
001380,14.155663,0.31577846,2.8032399e+15,61.747959,3.6218251e+17,4,threshold_boundary
001381,10.610959,0.23684788,4.3896714e+15,49.933701,7.1919945e+16,2.0793495,threshold_boundary
001382,12.817105,0.25806501,2.6512893e+16,58.369163,8.0078192e+16,2.5439677,threshold_boundary
001383,10.242888,0.25061434,1e+15,43.914038,1.4729993e+17,3.639873,threshold_boundary
001384,10.127758,0.25751846,1.7672882e+15,52.674014,1.8011422e+17,3.7216181,threshold_boundary
001385,18.017734,0.21933163,2.5015292e+16,69.826246,8.3004528e+16,2.7065468,threshold_boundary
001386,17.903091,0.18237505,5e+16,55.937343,1.1030884e+17,2.3784136,threshold_boundary
001387,12.613095,0.29957829,3.4375091e+15,66.78101,8.3183303e+16,3.5364769,threshold_boundary
001388,12.306739,0.18821275,1.3431454e+16,35,1.0172605e+17,3.0162829,threshold_boundary
001389,11.953653,0.24377562,3.8487947e+16,61.10825,1.1537581e+17,2.3138689,threshold_boundary
001390,11.183771,0.3038593,8.6474865e+15,56.245208,1.3916874e+17,2.6795913,threshold_boundary
001391,16.32419,0.2405339,5e+16,72.587095,1.0055862e+17,2.1967189,threshold_boundary
001392,16.760661,0.23852687,5.0802339e+15,77.462944,8.2924997e+16,1.9404143,threshold_boundary
001393,17.519854,0.24909468,1.4153953e+16,67.224222,1.283306e+17,3.4740349,threshold_boundary
001394,10.352665,0.18734858,4.0947668e+16,37.471568,6.2731999e+16,1.7799437,threshold_boundary
001395,14.122827,0.26105477,3.9551973e+16,68.697491,1.6907232e+17,2.1765037,threshold_boundary
001396,16.449949,0.18227774,1.4920641e+15,47.414584,2.019561e+17,1.8767715,threshold_boundary
001397,20.478147,0.18853154,1.0828363e+16,72.868644,1.4334019e+17,1.9971377,threshold_boundary
001398,20.654144,0.18,5.2271081e+15,49.639671,2.0601288e+17,2.3697794,threshold_boundary
001399,16.169384,0.22570713,1.060866e+16,58.352293,1.5105224e+17,3.6713908,threshold_boundary
001400,13.805602,0.30641899,2.0766298e+15,65.810035,2.9589801e+17,3.7864667,threshold_boundary
001401,11.619156,0.24178422,3.9106538e+15,49.274143,6.9432474e+16,2.1294024,threshold_boundary
001402,12.76857,0.26691796,2.7290826e+16,57.698243,7.3691941e+16,2.4987427,threshold_boundary
001403,10.63295,0.25511521,1e+15,46.239757,1.3240136e+17,3.5483093,threshold_boundary
001404,10.307385,0.25421873,1.1885797e+15,52.417014,1.4016849e+17,3.2580792,threshold_boundary
001405,18.432526,0.22567818,2.0094334e+16,74.451557,7.9610898e+16,2.2797155,threshold_boundary
001406,17.604798,0.18,4.6759732e+16,58.994605,1.0810839e+17,2.6120865,threshold_boundary
001407,11.633376,0.2928317,3.8731957e+15,68.33126,6.1470501e+16,3.5856017,threshold_boundary
001408,10.067785,0.18,1.7467341e+16,35.54141,1.2991221e+17,3.2020711,threshold_boundary
001409,11.432692,0.25305037,4.4306566e+16,56.299906,1.0844646e+17,2.415068,threshold_boundary
001410,11.729483,0.30272805,7.2895495e+15,55.40642,1.2996175e+17,2.7492023,threshold_boundary
001411,16.804335,0.24943435,4.2825873e+16,78.277048,1.0417376e+17,1.9931098,threshold_boundary
001412,17.466846,0.23228968,5.1619578e+15,74.356008,6.6896262e+16,1.8211837,threshold_boundary
001413,17.415349,0.23761845,1.6792939e+16,68.081944,1.3634848e+17,3.2736783,threshold_boundary
001414,11.098894,0.19527497,4.7794513e+16,39.158109,7.4503782e+16,1.5,threshold_boundary
001415,14.535446,0.24927587,3.2213807e+16,67.818897,1.3461246e+17,2.3171214,threshold_boundary
001416,17.400247,0.18169344,1.7095962e+15,48.559328,1.8544726e+17,1.8224262,threshold_boundary
001417,21.542802,0.18993886,1.1349314e+16,73.361707,1.1999769e+17,2.2051936,threshold_boundary
001418,20.105834,0.18,4.4248307e+15,51.37742,2.5525181e+17,2.6672529,threshold_boundary
001419,16.214729,0.23624836,1.2139363e+16,61.955738,1.1715204e+17,3.8878755,threshold_boundary
001420,14.771909,0.30992175,1.5656575e+15,69.263704,3.0293538e+17,3.7430763,threshold_boundary
001421,11.00749,0.24700135,4.9112023e+15,51.358016,7.7375617e+16,2.1857395,threshold_boundary
001422,12.66172,0.25317835,2.0323679e+16,56.328782,6.4020976e+16,2.3539441,threshold_boundary
001423,10,0.25334455,1e+15,46.834645,1.7896463e+17,3.6871472,threshold_boundary
001424,10.263921,0.25676741,1.8474889e+15,52.430274,1.8268375e+17,3.6305837,threshold_boundary
001425,18.817731,0.20274453,2.0091943e+16,70.423246,6.4339131e+16,2.6898849,threshold_boundary
001426,17.334728,0.18074327,5e+16,56.716283,8.4813407e+16,2.5982341,threshold_boundary
001427,12.78351,0.29836725,2.833393e+15,66.832961,6.8643016e+16,3.4917984,threshold_boundary
001428,11.613001,0.18,1.6231287e+16,35,8.6961176e+16,2.9901957,threshold_boundary
001429,11.495295,0.262977,4.6995103e+16,52.898237,9.1290618e+16,2.3702014,threshold_boundary
001430,12.099485,0.30067853,7.9823339e+15,55.552351,1.7567978e+17,2.6396956,threshold_boundary
001431,16.392566,0.22904623,4.4435881e+16,80.096442,1.554276e+17,2.04844,threshold_boundary
001432,17.258077,0.23624243,5.7980151e+15,76.643061,8.7369804e+16,1.8718411,threshold_boundary
001433,16.941532,0.24232815,1.5764675e+16,66.874178,1.6236851e+17,3.6290003,threshold_boundary
001434,10.422074,0.18408176,2.9205075e+16,39.55194,5.7361096e+16,1.7654599,threshold_boundary
001435,13.87571,0.26048705,3.2977547e+16,68.874745,1.3126311e+17,2.2964285,threshold_boundary
001436,18.824603,0.18599428,1.3117272e+15,51.232811,2.1385664e+17,1.7713065,threshold_boundary
001437,20.373276,0.19063211,7.4610182e+15,72.540893,1.4251091e+17,2.371361,threshold_boundary
001438,20.135899,0.18,5.3393958e+15,50.550661,2.4236061e+17,2.5394767,threshold_boundary
001439,15.296147,0.22554781,1.1416672e+16,57.647164,9.8936035e+16,3.7496542,threshold_boundary
001440,14.693376,0.31785603,1.9489219e+15,66.935317,3.2972478e+17,4,threshold_boundary
001441,10.670965,0.24303416,4.032302e+15,46.336866,6.5614497e+16,2.0836157,threshold_boundary
001442,13.859988,0.26410405,1.6384573e+16,57.789978,8.8186044e+16,2.6830792,threshold_boundary
001443,11.250112,0.24488922,1e+15,44.691158,1.7945041e+17,3.7846916,threshold_boundary
001444,11.46034,0.25768122,1.1828105e+15,47.11914,2.1902961e+17,3.7462142,threshold_boundary
001445,18.142294,0.22259425,1.8902866e+16,70.452618,5.9637104e+16,2.3605721,threshold_boundary
001446,18.536961,0.18113786,5e+16,56.959878,1.0757069e+17,2.4931636,threshold_boundary
001447,11.560061,0.29205388,4.0127836e+15,67.695392,7.7014863e+16,3.5979038,threshold_boundary
001448,12.294236,0.18265049,1.094681e+16,35,8.9236029e+16,2.8580555,threshold_boundary
001449,12.142693,0.2429747,4.9746476e+16,53.939398,1.0446331e+17,2.2394689,threshold_boundary
001450,10.553614,0.30720325,7.9509851e+15,55.596113,1.8930433e+17,2.8584909,threshold_boundary
001451,16.494693,0.23585505,4.6884344e+16,73.33871,1.1854741e+17,2.165755,threshold_boundary
001452,16.708389,0.22636563,4.6303728e+15,75.117895,8.1111908e+16,2.1753118,threshold_boundary
001453,16.67195,0.24037266,1.2451475e+16,67.325536,1.8122744e+17,3.7202558,threshold_boundary
001454,11.995884,0.19987275,3.2946685e+16,41.061929,5.1724583e+16,1.6310557,threshold_boundary
001455,13.949951,0.2544295,3.3579314e+16,67.349133,1.4632711e+17,1.9995762,threshold_boundary
001456,16.771625,0.18256544,1.7480619e+15,51.020221,1.7831073e+17,1.7887921,threshold_boundary
001457,20.632962,0.18357716,1.0393246e+16,73.011573,1.1588999e+17,2.0887079,threshold_boundary
001458,21.056671,0.18,3.7494471e+15,54.052944,2.1846995e+17,2.504729,threshold_boundary
001459,16.215688,0.22487797,8.0400463e+15,62.246433,9.6576715e+16,3.6638007,threshold_boundary
001460,14.375793,0.31406893,2.4755344e+15,64.155665,2.409996e+17,4,threshold_boundary
001461,10,0.24018359,3.3673375e+15,48.513645,8.6598237e+16,2.1717101,threshold_boundary
001462,12.383333,0.25765407,2.4462194e+16,55.896952,7.8987353e+16,2.4498292,threshold_boundary
001463,10.818584,0.24931044,1.0689084e+15,47.468276,1.5435967e+17,3.7461366,threshold_boundary
001464,10.30051,0.25301048,1e+15,46.912722,1.7460015e+17,3.6450501,threshold_boundary
001465,18.361445,0.22698093,2.0741402e+16,74.54955,8.1154703e+16,2.4616085,threshold_boundary
001466,16.753407,0.18341133,4.9295088e+16,57.708664,8.5619491e+16,2.3369158,threshold_boundary
001467,10.472066,0.29326374,4.3364619e+15,66.39085,1.0107799e+17,3.6235424,threshold_boundary
001468,10.743542,0.18,1.1201406e+16,35,1.1844118e+17,2.8507564,threshold_boundary
001469,10.966526,0.24862647,5e+16,54.64447,1.023983e+17,2.4059162,threshold_boundary
001470,11.589601,0.30718606,1.0811465e+16,53.381943,1.4474924e+17,3.0904206,threshold_boundary
001471,17.18101,0.24713459,4.9425741e+16,77.39926,1.2140728e+17,1.9184867,threshold_boundary
001472,17.4531,0.23183955,5.1467482e+15,75.2303,1.0261353e+17,2.1162846,threshold_boundary
001473,17.519831,0.24433441,1.4519827e+16,66.647448,1.8470433e+17,3.7849661,threshold_boundary
001474,10,0.20621156,4.4191093e+16,38.526301,5.6404097e+16,1.8608859,threshold_boundary
001475,15.643577,0.26343086,4.6432562e+16,67.645207,1.6917518e+17,2.3892276,threshold_boundary
001476,17.377835,0.18,2.0613193e+15,48.697157,2.0888809e+17,2.0952692,threshold_boundary
001477,19.585822,0.19227934,1.0870921e+16,74.419487,1.4711897e+17,2.2149988,threshold_boundary
001478,20.852372,0.18,4.1048352e+15,52.121164,1.9855015e+17,2.823017,threshold_boundary
001479,15.606857,0.22978737,1.1852319e+16,61.883444,1.2190128e+17,3.5272042,threshold_boundary
001480,19.040835,0.21803015,2.2734835e+15,37.152303,2.9588912e+17,1.7451396,output_knee
001481,21.268352,0.2181232,4.6084898e+16,44.791035,9.6296499e+16,2.0033491,output_knee
001482,10.231323,0.19879326,4.9295018e+16,35.590288,5.4403267e+16,1.6836933,output_knee
001483,19.163675,0.21464031,2.0600594e+16,35.748086,1.2270779e+17,2.4526145,output_knee
001484,12.557909,0.19600837,2.6508585e+16,39.279633,1.0233763e+17,1.508594,output_knee
001485,19.178834,0.2116994,2.4490609e+15,89.457861,2.7777272e+17,1.5,output_knee
001486,21.939022,0.20249315,1.9288731e+16,43.237975,2.4390641e+17,2.1363163,output_knee
001487,21.678499,0.20743644,3.8006958e+15,40.925833,6.4698457e+16,2.0318928,output_knee
001488,18.33934,0.21694549,1e+15,35.88443,1.3821961e+17,2.8212196,output_knee
001489,17.786231,0.21045499,1.8489192e+15,44.355426,1.0805713e+17,2.127064,output_knee
001490,17.264294,0.22597419,1.979431e+15,68.945016,8.2708458e+16,1.6165043,output_knee
001491,21.351945,0.21896585,1.5243696e+16,42.584032,8.8954341e+16,2.4929362,output_knee
001492,13.757157,0.21948862,1.653271e+15,37.641173,1.7367338e+17,2.2193012,output_knee
001493,18.154164,0.22075048,1.0215845e+15,43.074904,5.4272823e+16,2.2859084,output_knee
001494,22,0.19269023,1.4252073e+15,52.855936,5e+16,1.7571937,output_knee
001495,18.454325,0.22311784,4.4501727e+15,35.986988,9.0108851e+16,2.6196718,output_knee
001496,18.813122,0.23889615,1.0816978e+15,52.161005,1.4240608e+17,1.6138461,output_knee
001497,19.842328,0.2190919,6.2462906e+15,62.209188,7.0549121e+16,1.8042288,output_knee
001498,10.055486,0.20885969,2.9814736e+16,48.078261,9.8344282e+16,1.8819718,output_knee
001499,17.925459,0.2460369,4.3364519e+16,73.65191,8.7177191e+16,2.6444759,output_knee
001500,19.413915,0.20249357,3.2304881e+15,40.561851,2.6544216e+17,1.9489685,output_knee
001501,20.819595,0.22711748,4.2191952e+16,43.990677,8.7413126e+16,1.6662418,output_knee
001502,10.371088,0.20947133,3.5816416e+16,42.359654,6.7776272e+16,1.7439594,output_knee
001503,20.092879,0.22375827,1.8966184e+16,37.920568,1.5479299e+17,2.4440521,output_knee
001504,13.010403,0.18396071,2.671232e+16,41.842015,1.4511698e+17,1.8361161,output_knee
001505,19.794196,0.21909248,2.467566e+15,90,2.4987906e+17,1.5595726,output_knee
001506,21.718389,0.2083231,2.215296e+16,39.468502,3.5585491e+17,2.3780421,output_knee
001507,21.379236,0.21542137,3.7261075e+15,38.536702,6.9069228e+16,2.2292233,output_knee
001508,18.10455,0.22775386,1.2137946e+15,35.808539,1.1443935e+17,2.5606149,output_knee
001509,18.015771,0.19800588,1.3467298e+15,41.908276,1.0580266e+17,2.2993044,output_knee
001510,18.168898,0.22192622,1.934513e+15,68.338054,8.990469e+16,1.5,output_knee
001511,21.52794,0.21472341,1.4511329e+16,39.842226,9.2127408e+16,2.3278681,output_knee
001512,14.387734,0.20431052,1.2441646e+15,38.552502,1.6469986e+17,2.5306578,output_knee
001513,18.203279,0.22631267,1e+15,42.881687,5.314816e+16,2.3396149,output_knee
001514,21.693998,0.19201653,1.146312e+15,52.206456,5.7640238e+16,2.108466,output_knee
001515,17.909661,0.2210743,5.7743391e+15,38.787353,1.1029158e+17,2.7511622,output_knee
001516,19.822209,0.2440349,1.5828211e+15,51.644815,1.1665573e+17,1.5,output_knee
001517,19.510618,0.21368192,3.6068797e+15,60.618196,6.9317235e+16,1.8960402,output_knee
001518,10,0.2191697,2.4978002e+16,44.350892,9.1859945e+16,2.1810767,output_knee
001519,18.451718,0.23027647,4.1842129e+16,73.733229,8.6201391e+16,2.3957355,output_knee
001520,19.649553,0.19772189,2.210749e+15,38.348789,3.2383173e+17,1.9128282,output_knee
001521,20.181329,0.22394567,4.0320842e+16,43.922971,9.8591567e+16,1.7568476,output_knee
001522,10.69058,0.19718146,3.8600202e+16,40.068452,6.1794296e+16,1.653772,output_knee
001523,19.41247,0.21990246,1.6628027e+16,38.175741,1.5057456e+17,2.2014112,output_knee
001524,12.807579,0.19708323,2.5286655e+16,42.025975,1.193028e+17,1.6147856,output_knee
001525,19.250148,0.21240045,2.2589407e+15,90,2.7226589e+17,1.8351614,output_knee
001526,21.888143,0.19938743,1.3196052e+16,35.551047,3.5866418e+17,2.4174743,output_knee
001527,21.479099,0.20571161,2.7952171e+15,41.174,7.3921182e+16,2.5092032,output_knee
001528,19.225471,0.2167994,1.2836266e+15,38.361198,1.1692885e+17,2.5700674,output_knee
001529,18.742152,0.20227341,1.1604377e+15,44.246061,1.0304469e+17,1.9295176,output_knee
001530,17.842825,0.2320725,1.6591601e+15,69.921052,8.1412629e+16,1.5,output_knee
001531,22,0.21139504,1.9147668e+16,41.494015,9.7606227e+16,2.7196505,output_knee
001532,15.632936,0.21124097,1.3644656e+15,35,1.9886541e+17,2.4275027,output_knee
001533,18.574423,0.23134109,1e+15,44.626792,5.7391138e+16,2.4990133,output_knee
001534,21.255814,0.20265746,1e+15,51.336681,5e+16,1.9695166,output_knee
001535,19.124534,0.22207854,4.2746153e+15,40.826261,1.1106966e+17,2.6610994,output_knee
001536,19.45081,0.24148163,1.6070839e+15,51.567706,1.2742806e+17,1.5,output_knee
001537,19.754376,0.21744397,6.2632637e+15,64.249153,7.2579624e+16,1.5556025,output_knee
001538,10.511043,0.21185024,2.6682549e+16,48.377344,8.4449964e+16,2.2551609,output_knee
001539,18.621203,0.22660098,3.396227e+16,72.808753,9.4574449e+16,2.2290148,output_knee
001540,18.895281,0.2052639,3.4099642e+15,38.790983,2.4089101e+17,1.6527921,output_knee
001541,20.640816,0.22415225,4.0630958e+16,45.288849,8.2826298e+16,1.8281674,output_knee
001542,11.67446,0.19062304,4.4240311e+16,39.159279,5.4037451e+16,1.5,output_knee
001543,19.428573,0.23090199,2.3433494e+16,37.45274,1.5229761e+17,1.9521163,output_knee
001544,12.772701,0.18555879,3.9650809e+16,42.06636,8.6461422e+16,1.6504751,output_knee
001545,19.374794,0.21835328,2.6232513e+15,89.862937,2.7639805e+17,1.7538072,output_knee
001546,22,0.20343351,1.5666505e+16,40.380283,3.3805759e+17,2.0734094,output_knee
001547,21.544517,0.20374993,3.8692774e+15,37.823366,7.3656993e+16,2.3947346,output_knee
001548,19.852735,0.22210477,1.4509937e+15,35.29323,1.4138315e+17,2.7257202,output_knee
001549,17.681632,0.20239736,1.6868683e+15,42.952638,9.9901993e+16,1.787258,output_knee
001550,17.90885,0.22371892,1.4054703e+15,69.405898,1.0909071e+17,1.5,output_knee
001551,22,0.21582268,1.6456699e+16,42.916198,7.9010274e+16,2.3451115,output_knee
001552,15.259393,0.2206919,1.3992219e+15,38.549371,1.8246717e+17,2.4164362,output_knee
001553,18.951626,0.23123473,1e+15,43.753839,5.3924533e+16,2.5138004,output_knee
001554,21.162363,0.18865426,1.4914295e+15,52.446529,5e+16,1.8002945,output_knee
001555,18.898737,0.215521,6.86604e+15,39.087121,9.4149734e+16,3.0942766,output_knee
001556,18.413896,0.23855491,1.5175478e+15,49.490577,1.5699116e+17,1.5285153,output_knee
001557,20.234517,0.20511982,4.7113466e+15,62.003353,7.8950616e+16,1.6306954,output_knee
001558,10,0.20522789,3.0220715e+16,44.561106,8.16791e+16,1.9043542,output_knee
001559,17.461423,0.23775294,4.6379702e+16,73.605823,9.4941794e+16,2.4142502,output_knee
001560,18.907087,0.31316912,1.5387713e+15,35.189271,5.9841032e+16,3.9019389,edge_coverage
001561,21.637905,0.32809087,4.5815502e+16,35.049635,5.4364951e+16,1.8505894,edge_coverage
001562,21.577416,0.32253859,3.8610618e+16,79.370917,3.9536994e+17,2.1570145,edge_coverage
001563,12.168517,0.29368756,1.518287e+15,85.081649,2.8374127e+17,1.5739391,edge_coverage
001564,21.544226,0.19932089,1.5076178e+15,88.06445,3.0093552e+17,3.7209152,edge_coverage
001565,10.851812,0.31102001,2.8842681e+16,77.782791,3.683109e+17,1.7456276,edge_coverage
001566,21.430963,0.19758853,1.2230429e+15,39.44221,2.2367702e+17,2.1117262,edge_coverage
001567,10.894649,0.18764354,1.9016547e+15,86.904489,7.1356681e+16,2.0278813,edge_coverage
001568,11.371729,0.30772822,1.4680674e+15,86.855805,3.3975773e+17,3.9882391,edge_coverage
001569,11.050627,0.31740432,2.5375673e+16,49.185462,6.9822843e+16,3.9465022,edge_coverage
001570,19.200879,0.31117472,2.0214122e+15,86.827253,5.0624564e+16,3.4464723,edge_coverage
001571,21.247195,0.20017435,3.5705655e+15,38.069613,3.4972363e+17,3.6941292,edge_coverage
001572,20.800995,0.3252972,2.4979803e+16,82.000581,3.5175563e+17,2.0438935,edge_coverage
001573,21.062122,0.32418281,3.4224276e+15,37.28466,3.2300835e+17,1.6617386,edge_coverage
001574,10.385135,0.18186809,1.6019171e+15,88.644376,6.4749356e+16,3.8108217,edge_coverage
001575,10.21942,0.30242985,2.3089229e+16,80.481377,5.9222791e+16,3.918031,edge_coverage
001576,21.180714,0.31221426,3.2825813e+16,57.55089,6.5030075e+16,3.7030655,edge_coverage
001577,20.318305,0.18018381,1.3745191e+15,37.129766,5.5741111e+16,3.5354713,edge_coverage
001578,13.297486,0.32647767,1.8183694e+15,83.571892,5.4328493e+16,1.9504153,edge_coverage
001579,20.801763,0.31352907,2.5567825e+16,85.715731,2.3764288e+17,1.9885545,edge_coverage
001580,12.76177,0.29599816,4.3211223e+16,86.831829,1.9182461e+17,1.6946164,edge_coverage
001581,10.365926,0.32696847,3.7792059e+16,45.332321,5.20107e+16,2.4339685,edge_coverage
001582,11.660614,0.2031828,1.3362619e+15,37.16133,3.1521608e+17,1.709333,edge_coverage
001583,14.031047,0.29421131,1.1939782e+15,35.624445,5.3087669e+16,3.8209977,edge_coverage
001584,10.375184,0.29986343,1.7127615e+15,38.741154,3.6743612e+17,3.6422757,edge_coverage
001585,21.197371,0.18665021,3.4542631e+16,70.147047,7.7146494e+16,1.7025118,edge_coverage
001586,10.610186,0.32830688,1.1719089e+15,83.503849,5.4434746e+16,1.9427714,edge_coverage
001587,20.064992,0.18350022,1.3397865e+15,82.941939,5.5454867e+16,1.5359136,edge_coverage
001588,20.767781,0.20722632,1.1809381e+15,87.340634,3.5442002e+17,3.7868343,edge_coverage
001589,10.357592,0.21000834,4.4475372e+16,46.718538,6.8360986e+16,3.9725677,edge_coverage
001590,19.266288,0.30158287,2.4341815e+15,84.718483,5.0896272e+16,3.7715499,edge_coverage
001591,19.368827,0.20447094,1.3575708e+15,49.54926,5.7703019e+16,3.7893334,edge_coverage
001592,21.026051,0.32693288,2.8595337e+16,75.430522,5.8957974e+16,1.6042271,edge_coverage
001593,19.549005,0.18583947,1.2521568e+15,38.726673,7.2454706e+16,1.6703265,edge_coverage
001594,10.143951,0.31496463,3.2324801e+16,37.93837,6.1586291e+16,3.4018124,edge_coverage
001595,10.162016,0.18136369,3.490109e+16,87.794162,3.9181856e+17,2.1230154,edge_coverage
001596,21.282589,0.22333925,3.3553339e+16,36.35032,5.1555166e+16,1.6315403,edge_coverage
001597,20.517699,0.20554852,2.0919292e+15,39.351235,6.0831142e+16,1.7612471,edge_coverage
001598,10.977971,0.32844355,1.8616713e+15,39.663119,2.8542627e+17,1.8725196,edge_coverage
001599,21.278781,0.19110441,1.9096541e+16,44.848712,2.8819853e+17,3.9732676,edge_coverage
